timestamp,ear,mar,head_pitch,label
0.033,0.3065,0.1796,-3.48,ALERT
0.067,0.3153,0.1906,2.33,ALERT
0.1,0.3264,0.2042,0.81,ALERT
0.133,0.3258,0.0837,3.86,ALERT
0.167,0.3242,0.1559,-3.03,ALERT
0.2,0.2833,0.2182,-1.83,ALERT
0.233,0.3025,0.0919,0.3,ALERT
0.267,0.3093,0.1831,0.07,ALERT
0.3,0.3094,0.0916,-1.84,ALERT
0.333,0.3006,0.1956,2.01,ALERT
0.367,0.2903,0.1047,-0.17,ALERT
0.4,0.3145,0.22,3.56,ALERT
0.433,0.3242,0.1748,3.55,ALERT
0.467,0.1746,0.1741,-1.31,ALERT
0.5,0.3099,0.176,2.27,ALERT
0.533,0.3171,0.1464,1.87,ALERT
0.567,0.1598,0.1803,-2.54,ALERT
0.6,0.2993,0.1255,0.2,ALERT
0.633,0.29,0.1143,-3.1,ALERT
0.667,0.3192,0.0905,0.14,ALERT
0.7,0.3042,0.1391,1.69,ALERT
0.733,0.3109,0.1963,3.58,ALERT
0.767,0.3288,0.0914,0.09,ALERT
0.8,0.3211,0.1665,0.68,ALERT
0.833,0.3228,0.1797,-0.4,ALERT
0.867,0.2907,0.1859,-1.03,ALERT
0.9,0.3291,0.1205,-0.17,ALERT
0.933,0.3142,0.1554,-1.23,ALERT
0.967,0.3243,0.2129,3.24,ALERT
1.0,0.282,0.1429,2.92,ALERT
1.033,0.2936,0.1722,3.06,ALERT
1.067,0.3373,0.1392,-1.68,ALERT
1.1,0.2881,0.2126,-1.04,ALERT
1.133,0.3397,0.1862,-0.18,ALERT
1.167,0.3385,0.169,2.1,ALERT
1.2,0.3284,0.1029,-2.63,ALERT
1.233,0.303,0.1004,1.75,ALERT
1.267,0.3227,0.1279,0.08,ALERT
1.3,0.3184,0.2145,-2.64,ALERT
1.333,0.3125,0.2056,-0.95,ALERT
1.367,0.3056,0.1302,-2.26,ALERT
1.4,0.317,0.2009,-1.05,ALERT
1.433,0.3187,0.141,-1.67,ALERT
1.467,0.2863,0.1641,-3.61,ALERT
1.5,0.2856,0.1637,-2.26,ALERT
1.533,0.301,0.0952,-2.7,ALERT
1.567,0.3103,0.1475,3.5,ALERT
1.6,0.3349,0.1985,3.22,ALERT
1.633,0.2821,0.0875,-3.42,ALERT
1.667,0.2814,0.0846,1.9,ALERT
1.7,0.2937,0.0843,-0.65,ALERT
1.733,0.3357,0.1744,3.47,ALERT
1.767,0.3145,0.1578,2.6,ALERT
1.8,0.3076,0.1665,-1.24,ALERT
1.833,0.2861,0.1443,2.66,ALERT
1.867,0.2979,0.1206,-0.65,ALERT
1.9,0.3292,0.2161,-3.49,ALERT
1.933,0.2925,0.2187,-1.45,ALERT
1.967,0.2918,0.2179,0.94,ALERT
2.0,0.3188,0.0877,0.37,ALERT
2.033,0.3398,0.1636,3.97,ALERT
2.067,0.2844,0.1707,-2.68,ALERT
2.1,0.1799,0.0831,-0.75,ALERT
2.133,0.3027,0.0906,-1.09,ALERT
2.167,0.2924,0.2083,2.33,ALERT
2.2,0.3056,0.0926,1.63,ALERT
2.233,0.2826,0.1489,-3.17,ALERT
2.267,0.301,0.1624,-3.31,ALERT
2.3,0.3123,0.1101,2.24,ALERT
2.333,0.32,0.1388,1.82,ALERT
2.367,0.2849,0.0801,2.85,ALERT
2.4,0.318,0.1255,3.11,ALERT
2.433,0.2993,0.1681,1.63,ALERT
2.467,0.3123,0.1695,-2.63,ALERT
2.5,0.3267,0.2159,-0.15,ALERT
2.533,0.2801,0.1755,1.43,ALERT
2.567,0.2912,0.0979,1.87,ALERT
2.6,0.312,0.1835,-2.17,ALERT
2.633,0.3162,0.1577,0.61,ALERT
2.667,0.1285,0.1509,-0.96,ALERT
2.7,0.2905,0.0826,-0.93,ALERT
2.733,0.3219,0.0892,-1.3,ALERT
2.767,0.3141,0.196,-1.88,ALERT
2.8,0.2991,0.1366,1.86,ALERT
2.833,0.2887,0.2173,-3.16,ALERT
2.867,0.2925,0.1784,0.58,ALERT
2.9,0.3002,0.1484,3.14,ALERT
2.933,0.3208,0.2044,1.61,ALERT
2.967,0.292,0.0846,-2.33,ALERT
3.0,0.3212,0.2009,3.51,ALERT
3.033,0.1471,0.1909,-0.36,ALERT
3.067,0.3067,0.177,-3.4,ALERT
3.1,0.3344,0.1911,2.04,ALERT
3.133,0.3286,0.1128,-0.36,ALERT
3.167,0.3398,0.1001,-0.5,ALERT
3.2,0.2859,0.1255,-3.48,ALERT
3.233,0.3167,0.1868,-2.65,ALERT
3.267,0.2961,0.1387,2.1,ALERT
3.3,0.324,0.2131,0.24,ALERT
3.333,0.333,0.1817,3.28,ALERT
3.367,0.3026,0.1736,1.85,ALERT
3.4,0.3268,0.1524,-0.9,ALERT
3.433,0.3157,0.1489,2.83,ALERT
3.467,0.3247,0.1433,-2.15,ALERT
3.5,0.2863,0.0955,1.78,ALERT
3.533,0.2894,0.1655,3.94,ALERT
3.567,0.319,0.1718,-2.53,ALERT
3.6,0.2978,0.1178,2.44,ALERT
3.633,0.3029,0.2129,-2.37,ALERT
3.667,0.3166,0.1435,-2.12,ALERT
3.7,0.3371,0.208,-1.24,ALERT
3.733,0.2999,0.1454,-0.75,ALERT
3.767,0.3392,0.0942,2.27,ALERT
3.8,0.3178,0.1742,-3.1,ALERT
3.833,0.2978,0.1458,0.29,ALERT
3.867,0.3023,0.2076,-2.65,ALERT
3.9,0.2973,0.1149,2.35,ALERT
3.933,0.3022,0.1515,2.55,ALERT
3.967,0.335,0.1507,-1.58,ALERT
4.0,0.2902,0.1207,3.37,ALERT
4.033,0.3036,0.103,1.7,ALERT
4.067,0.3255,0.2177,1.81,ALERT
4.1,0.3321,0.123,-1.32,ALERT
4.133,0.3393,0.1364,-0.61,ALERT
4.167,0.3081,0.1987,3.65,ALERT
4.2,0.3138,0.1053,1.61,ALERT
4.233,0.3033,0.1035,-0.86,ALERT
4.267,0.2938,0.1251,1.44,ALERT
4.3,0.3242,0.1187,-0.84,ALERT
4.333,0.3224,0.1441,3.1,ALERT
4.367,0.2998,0.2082,-1.33,ALERT
4.4,0.2978,0.1167,1.75,ALERT
4.433,0.3068,0.0861,-2.73,ALERT
4.467,0.3213,0.1256,1.58,ALERT
4.5,0.3231,0.1362,2.59,ALERT
4.533,0.3271,0.1587,-2.91,ALERT
4.567,0.3145,0.2118,0.3,ALERT
4.6,0.2929,0.1877,1.2,ALERT
4.633,0.2865,0.2066,-2.15,ALERT
4.667,0.3059,0.142,-1.68,ALERT
4.7,0.3036,0.1999,-1.05,ALERT
4.733,0.2867,0.1886,-0.9,ALERT
4.767,0.3297,0.1278,-2.89,ALERT
4.8,0.3255,0.1575,-3.08,ALERT
4.833,0.2819,0.0974,-1.54,ALERT
4.867,0.3081,0.1758,-1.93,ALERT
4.9,0.2818,0.1316,2.5,ALERT
4.933,0.2832,0.1271,1.6,ALERT
4.967,0.294,0.2168,-0.13,ALERT
5.0,0.2803,0.2187,3.62,ALERT
5.033,0.3292,0.1028,1.7,ALERT
5.067,0.3192,0.2036,2.33,ALERT
5.1,0.3112,0.1424,-1.24,ALERT
5.133,0.319,0.1932,3.09,ALERT
5.167,0.3234,0.1476,2.09,ALERT
5.2,0.1597,0.091,1.25,ALERT
5.233,0.3302,0.1426,3.66,ALERT
5.267,0.3357,0.1204,-3.24,ALERT
5.3,0.3078,0.0851,-1.25,ALERT
5.333,0.3193,0.1784,0.27,ALERT
5.367,0.3215,0.2146,0.63,ALERT
5.4,0.327,0.1514,0.44,ALERT
5.433,0.318,0.1274,1.43,ALERT
5.467,0.1721,0.0876,2.25,ALERT
5.5,0.321,0.1943,-2.87,ALERT
5.533,0.3064,0.0884,1.8,ALERT
5.567,0.2895,0.2199,2.36,ALERT
5.6,0.2981,0.1073,2.33,ALERT
5.633,0.3239,0.1765,-0.91,ALERT
5.667,0.3306,0.1396,0.02,ALERT
5.7,0.2848,0.1139,-0.96,ALERT
5.733,0.2865,0.0824,1.0,ALERT
5.767,0.3212,0.2189,0.37,ALERT
5.8,0.2832,0.1157,-3.15,ALERT
5.833,0.3101,0.1318,-1.66,ALERT
5.867,0.1602,0.1651,3.14,ALERT
5.9,0.3187,0.1383,-0.26,ALERT
5.933,0.2932,0.157,-3.68,ALERT
5.967,0.2887,0.143,1.68,ALERT
6.0,0.2931,0.1895,-3.83,ALERT
6.033,0.3224,0.2093,-1.05,ALERT
6.067,0.338,0.1763,-3.08,ALERT
6.1,0.3247,0.1956,-2.56,ALERT
6.133,0.3382,0.161,1.44,ALERT
6.167,0.3011,0.1138,2.75,ALERT
6.2,0.3146,0.1604,0.69,ALERT
6.233,0.285,0.1532,-2.79,ALERT
6.267,0.3114,0.192,2.97,ALERT
6.3,0.3017,0.162,-0.84,ALERT
6.333,0.3397,0.1343,3.53,ALERT
6.367,0.3176,0.1577,-2.16,ALERT
6.4,0.3011,0.1269,-2.78,ALERT
6.433,0.3044,0.1247,-3.47,ALERT
6.467,0.2871,0.1187,0.45,ALERT
6.5,0.324,0.1882,0.91,ALERT
6.533,0.3351,0.1331,-2.88,ALERT
6.567,0.3175,0.112,2.07,ALERT
6.6,0.304,0.1852,-2.25,ALERT
6.633,0.2846,0.1468,2.21,ALERT
6.667,0.2976,0.1042,-2.98,ALERT
6.7,0.3128,0.1062,2.63,ALERT
6.733,0.3057,0.1738,-1.95,ALERT
6.767,0.3278,0.1496,-2.91,ALERT
6.8,0.2841,0.1741,-2.09,ALERT
6.833,0.3014,0.1767,2.35,ALERT
6.867,0.3352,0.0864,2.41,ALERT
6.9,0.2918,0.0865,1.04,ALERT
6.933,0.32,0.2075,-3.69,ALERT
6.967,0.3271,0.0869,-3.59,ALERT
7.0,0.2854,0.1336,1.6,ALERT
7.033,0.3353,0.1792,1.49,ALERT
7.067,0.311,0.1639,1.73,ALERT
7.1,0.2823,0.1754,-0.04,ALERT
7.133,0.2836,0.1643,0.64,ALERT
7.167,0.3187,0.1972,-1.44,ALERT
7.2,0.2893,0.1871,1.7,ALERT
7.233,0.2844,0.1058,-1.84,ALERT
7.267,0.2969,0.1221,3.31,ALERT
7.3,0.3392,0.1948,0.61,ALERT
7.333,0.2906,0.0807,-0.33,ALERT
7.367,0.3219,0.0898,3.19,ALERT
7.4,0.2871,0.0982,-0.63,ALERT
7.433,0.339,0.1173,-0.52,ALERT
7.467,0.2998,0.2006,-1.45,ALERT
7.5,0.3009,0.202,3.97,ALERT
7.533,0.3045,0.1365,2.1,ALERT
7.567,0.3161,0.1356,2.43,ALERT
7.6,0.3031,0.0938,-0.98,ALERT
7.633,0.3197,0.0927,0.81,ALERT
7.667,0.3232,0.2185,2.16,ALERT
7.7,0.2842,0.2119,-1.31,ALERT
7.733,0.3352,0.2096,3.78,ALERT
7.767,0.3383,0.1885,1.06,ALERT
7.8,0.2904,0.1,1.69,ALERT
7.833,0.328,0.1591,2.63,ALERT
7.867,0.2999,0.1222,-1.02,ALERT
7.9,0.2981,0.0854,1.91,ALERT
7.933,0.3208,0.212,1.43,ALERT
7.967,0.304,0.1657,-0.75,ALERT
8.0,0.3049,0.1106,-3.5,ALERT
8.033,0.3146,0.1253,0.11,ALERT
8.067,0.2964,0.1839,3.3,ALERT
8.1,0.3327,0.102,0.45,ALERT
8.133,0.2988,0.1935,-3.12,ALERT
8.167,0.2803,0.0855,-3.39,ALERT
8.2,0.3333,0.1633,-1.59,ALERT
8.233,0.3043,0.1125,0.18,ALERT
8.267,0.2943,0.1024,1.49,ALERT
8.3,0.2963,0.2011,-3.71,ALERT
8.333,0.2805,0.158,-1.2,ALERT
8.367,0.3303,0.1539,0.23,ALERT
8.4,0.3247,0.2061,-0.98,ALERT
8.433,0.3125,0.1957,-2.1,ALERT
8.467,0.3277,0.101,-2.63,ALERT
8.5,0.3395,0.1977,-1.8,ALERT
8.533,0.3323,0.09,3.91,ALERT
8.567,0.305,0.1865,1.99,ALERT
8.6,0.285,0.2061,3.29,ALERT
8.633,0.2928,0.1497,1.92,ALERT
8.667,0.3185,0.1165,1.37,ALERT
8.7,0.3029,0.1407,2.03,ALERT
8.733,0.3014,0.0993,-3.54,ALERT
8.767,0.3377,0.2163,-3.52,ALERT
8.8,0.3388,0.0866,0.54,ALERT
8.833,0.2892,0.1971,-0.88,ALERT
8.867,0.301,0.1241,0.43,ALERT
8.9,0.2803,0.1181,-1.49,ALERT
8.933,0.3314,0.2196,-0.24,ALERT
8.967,0.2998,0.0966,0.87,ALERT
9.0,0.287,0.1523,-2.95,ALERT
9.033,0.3288,0.1173,3.29,ALERT
9.067,0.2888,0.137,1.87,ALERT
9.1,0.3293,0.1721,-1.53,ALERT
9.133,0.3387,0.1518,-3.68,ALERT
9.167,0.2896,0.0863,2.98,ALERT
9.2,0.338,0.0986,-3.79,ALERT
9.233,0.3112,0.1376,-2.78,ALERT
9.267,0.3007,0.1832,-0.8,ALERT
9.3,0.3203,0.082,0.0,ALERT
9.333,0.3155,0.2053,2.65,ALERT
9.367,0.3042,0.1357,-3.35,ALERT
9.4,0.3098,0.0995,-2.32,ALERT
9.433,0.3068,0.1318,0.46,ALERT
9.467,0.3064,0.1116,1.45,ALERT
9.5,0.2852,0.1985,1.33,ALERT
9.533,0.3257,0.1082,-0.21,ALERT
9.567,0.3388,0.1916,2.06,ALERT
9.6,0.3073,0.0897,2.97,ALERT
9.633,0.3233,0.1065,-1.97,ALERT
9.667,0.3291,0.0889,2.63,ALERT
9.7,0.3179,0.1139,0.3,ALERT
9.733,0.1575,0.0886,-0.47,ALERT
9.767,0.3235,0.203,0.51,ALERT
9.8,0.331,0.1059,-3.39,ALERT
9.833,0.1392,0.1997,-2.79,ALERT
9.867,0.2936,0.1648,3.54,ALERT
9.9,0.3074,0.1344,1.8,ALERT
9.933,0.3371,0.1002,-2.58,ALERT
9.967,0.3255,0.0916,-0.12,ALERT
10.0,0.3366,0.1885,-2.9,ALERT
10.033,0.3095,0.1687,-2.19,ALERT
10.067,0.2954,0.1471,0.29,ALERT
10.1,0.2995,0.2097,1.52,ALERT
10.133,0.3198,0.1596,-1.76,ALERT
10.167,0.3367,0.1314,-3.48,ALERT
10.2,0.335,0.208,1.26,ALERT
10.233,0.3118,0.148,-0.51,ALERT
10.267,0.1618,0.197,-1.64,ALERT
10.3,0.315,0.1889,3.72,ALERT
10.333,0.2865,0.1134,-3.93,ALERT
10.367,0.2999,0.1466,0.29,ALERT
10.4,0.2909,0.0913,0.1,ALERT
10.433,0.28,0.1254,2.88,ALERT
10.467,0.3028,0.1967,-0.79,ALERT
10.5,0.3241,0.1615,2.45,ALERT
10.533,0.324,0.1339,-1.48,ALERT
10.567,0.2964,0.1954,0.84,ALERT
10.6,0.2806,0.1761,-0.58,ALERT
10.633,0.325,0.1486,3.91,ALERT
10.667,0.3256,0.164,2.78,ALERT
10.7,0.3136,0.1064,-2.14,ALERT
10.733,0.3264,0.127,-1.35,ALERT
10.767,0.3107,0.0971,-2.58,ALERT
10.8,0.2872,0.149,-1.8,ALERT
10.833,0.3078,0.1797,2.58,ALERT
10.867,0.2946,0.1249,-0.34,ALERT
10.9,0.3011,0.0971,-3.32,ALERT
10.933,0.295,0.1627,0.19,ALERT
10.967,0.2904,0.0911,-1.91,ALERT
11.0,0.2973,0.1532,2.44,ALERT
11.033,0.328,0.1542,2.25,ALERT
11.067,0.3,0.0919,2.07,ALERT
11.1,0.3298,0.1589,-0.87,ALERT
11.133,0.2802,0.0971,-3.32,ALERT
11.167,0.3061,0.1597,-1.36,ALERT
11.2,0.3275,0.1899,-3.27,ALERT
11.233,0.3351,0.1409,-3.98,ALERT
11.267,0.3182,0.1372,-3.01,ALERT
11.3,0.1364,0.1868,-1.57,ALERT
11.333,0.2947,0.1838,0.03,ALERT
11.367,0.281,0.1162,-1.6,ALERT
11.4,0.2939,0.1003,0.43,ALERT
11.433,0.3083,0.1043,-2.33,ALERT
11.467,0.3361,0.0961,-3.47,ALERT
11.5,0.3254,0.1361,-2.84,ALERT
11.533,0.2892,0.1275,1.04,ALERT
11.567,0.3233,0.1576,2.76,ALERT
11.6,0.3354,0.1669,-0.74,ALERT
11.633,0.3306,0.1003,-3.12,ALERT
11.667,0.2964,0.1542,-3.06,ALERT
11.7,0.293,0.1248,-1.55,ALERT
11.733,0.3255,0.132,-2.12,ALERT
11.767,0.3294,0.0895,0.11,ALERT
11.8,0.147,0.1854,0.76,ALERT
11.833,0.3372,0.1131,-0.09,ALERT
11.867,0.3319,0.1208,2.63,ALERT
11.9,0.2953,0.1063,3.95,ALERT
11.933,0.2939,0.1391,1.01,ALERT
11.967,0.2875,0.1797,1.97,ALERT
12.0,0.3071,0.1462,-2.74,ALERT
12.033,0.3225,0.0865,-3.62,ALERT
12.067,0.325,0.1726,-2.04,ALERT
12.1,0.2925,0.1398,-3.4,ALERT
12.133,0.3294,0.0895,-3.8,ALERT
12.167,0.3347,0.1427,2.04,ALERT
12.2,0.3111,0.2148,-2.28,ALERT
12.233,0.3024,0.1021,-1.06,ALERT
12.267,0.2995,0.1477,3.34,ALERT
12.3,0.3339,0.1011,-2.23,ALERT
12.333,0.295,0.1719,3.08,ALERT
12.367,0.327,0.1192,-0.48,ALERT
12.4,0.3364,0.0867,-1.38,ALERT
12.433,0.3277,0.1718,-0.85,ALERT
12.467,0.3081,0.1919,1.47,ALERT
12.5,0.1751,0.1666,3.63,ALERT
12.533,0.3066,0.0876,-0.54,ALERT
12.567,0.3304,0.1282,2.9,ALERT
12.6,0.2848,0.1032,2.81,ALERT
12.633,0.3104,0.2056,-3.54,ALERT
12.667,0.3273,0.1117,3.68,ALERT
12.7,0.3351,0.1366,-2.74,ALERT
12.733,0.3109,0.0931,-1.85,ALERT
12.767,0.2994,0.1571,-3.97,ALERT
12.8,0.296,0.2186,0.99,ALERT
12.833,0.2941,0.1873,-2.67,ALERT
12.867,0.2815,0.1614,2.73,ALERT
12.9,0.3263,0.1001,0.93,ALERT
12.933,0.3013,0.114,-3.74,ALERT
12.967,0.3067,0.1456,1.69,ALERT
13.0,0.2814,0.2111,-1.98,ALERT
13.033,0.3324,0.115,-3.9,ALERT
13.067,0.2969,0.1749,-0.62,ALERT
13.1,0.3176,0.1925,3.27,ALERT
13.133,0.2877,0.1534,-1.82,ALERT
13.167,0.3165,0.129,-0.19,ALERT
13.2,0.3237,0.1356,0.96,ALERT
13.233,0.1709,0.141,-1.04,ALERT
13.267,0.3007,0.1387,1.62,ALERT
13.3,0.3268,0.2154,0.8,ALERT
13.333,0.3063,0.172,-2.32,ALERT
13.367,0.3048,0.0975,-1.61,ALERT
13.4,0.3182,0.1642,-2.81,ALERT
13.433,0.2988,0.123,-3.59,ALERT
13.467,0.3062,0.1619,1.87,ALERT
13.5,0.3122,0.1184,-2.48,ALERT
13.533,0.3172,0.167,0.28,ALERT
13.567,0.2894,0.1136,-3.57,ALERT
13.6,0.3282,0.164,2.02,ALERT
13.633,0.3355,0.0817,-3.31,ALERT
13.667,0.303,0.1055,-3.16,ALERT
13.7,0.3069,0.1273,-3.98,ALERT
13.733,0.3094,0.139,-3.99,ALERT
13.767,0.3324,0.1405,-0.18,ALERT
13.8,0.3107,0.151,2.57,ALERT
13.833,0.2949,0.1912,3.88,ALERT
13.867,0.3161,0.2174,2.28,ALERT
13.9,0.3228,0.1197,-0.27,ALERT
13.933,0.306,0.0965,1.47,ALERT
13.967,0.3006,0.1818,0.16,ALERT
14.0,0.3286,0.1087,1.93,ALERT
14.033,0.3035,0.1191,1.0,ALERT
14.067,0.3014,0.1189,-0.18,ALERT
14.1,0.2901,0.1756,-3.89,ALERT
14.133,0.3283,0.0973,-1.7,ALERT
14.167,0.3021,0.1076,-1.41,ALERT
14.2,0.3267,0.1346,2.19,ALERT
14.233,0.3137,0.1831,2.84,ALERT
14.267,0.3356,0.1704,2.38,ALERT
14.3,0.2832,0.089,-2.69,ALERT
14.333,0.3101,0.2166,2.73,ALERT
14.367,0.3387,0.0906,2.97,ALERT
14.4,0.2848,0.1375,-1.36,ALERT
14.433,0.286,0.0882,-1.76,ALERT
14.467,0.3338,0.1693,0.85,ALERT
14.5,0.2845,0.2145,-0.53,ALERT
14.533,0.3321,0.1037,-0.68,ALERT
14.567,0.3169,0.108,-2.34,ALERT
14.6,0.2856,0.0877,0.34,ALERT
14.633,0.3124,0.1208,-0.2,ALERT
14.667,0.2816,0.2156,1.63,ALERT
14.7,0.3094,0.1962,0.01,ALERT
14.733,0.3391,0.1505,1.79,ALERT
14.767,0.2906,0.0813,-2.46,ALERT
14.8,0.2826,0.1662,1.76,ALERT
14.833,0.3271,0.1616,-1.01,ALERT
14.867,0.3308,0.1224,-0.67,ALERT
14.9,0.3082,0.1831,-1.52,ALERT
14.933,0.317,0.1805,-1.78,ALERT
14.967,0.3353,0.1323,1.25,ALERT
15.0,0.3109,0.151,2.82,ALERT
15.033,0.309,0.2176,-3.89,ALERT
15.067,0.3039,0.0821,-0.28,ALERT
15.1,0.3271,0.1308,1.27,ALERT
15.133,0.3105,0.1032,0.19,ALERT
15.167,0.3113,0.1608,2.13,ALERT
15.2,0.3043,0.1576,2.77,ALERT
15.233,0.3292,0.1578,-0.9,ALERT
15.267,0.3277,0.2102,-0.18,ALERT
15.3,0.2846,0.1323,3.95,ALERT
15.333,0.2931,0.132,3.23,ALERT
15.367,0.3051,0.135,-0.9,ALERT
15.4,0.3327,0.1336,-0.39,ALERT
15.433,0.3116,0.1353,-0.87,ALERT
15.467,0.3211,0.1939,-3.26,ALERT
15.5,0.3356,0.2029,1.7,ALERT
15.533,0.3065,0.2042,-0.57,ALERT
15.567,0.2858,0.1526,-2.4,ALERT
15.6,0.3145,0.1676,0.15,ALERT
15.633,0.2847,0.1578,-0.36,ALERT
15.667,0.2863,0.2054,-2.38,ALERT
15.7,0.3044,0.18,-3.41,ALERT
15.733,0.2948,0.1701,2.55,ALERT
15.767,0.2802,0.2022,-0.07,ALERT
15.8,0.2844,0.1399,2.98,ALERT
15.833,0.3357,0.1038,-3.5,ALERT
15.867,0.2987,0.2171,-3.83,ALERT
15.9,0.3212,0.173,3.42,ALERT
15.933,0.3271,0.1917,1.13,ALERT
15.967,0.3069,0.1078,-2.7,ALERT
16.0,0.3215,0.192,-0.2,ALERT
16.033,0.2976,0.1823,-3.17,ALERT
16.067,0.3367,0.0873,-1.46,ALERT
16.1,0.3059,0.1748,-3.55,ALERT
16.133,0.3275,0.1613,-0.94,ALERT
16.167,0.3137,0.127,-0.52,ALERT
16.2,0.2926,0.1589,1.47,ALERT
16.233,0.3227,0.2042,-0.29,ALERT
16.267,0.3121,0.2124,2.79,ALERT
16.3,0.3034,0.1193,1.18,ALERT
16.333,0.2865,0.176,-1.85,ALERT
16.367,0.3218,0.1306,3.41,ALERT
16.4,0.2834,0.0955,-0.73,ALERT
16.433,0.2886,0.2014,0.65,ALERT
16.467,0.296,0.1675,-2.24,ALERT
16.5,0.2829,0.134,-1.3,ALERT
16.533,0.3102,0.1017,-3.48,ALERT
16.567,0.2831,0.2071,0.73,ALERT
16.6,0.3243,0.1488,-1.17,ALERT
16.633,0.3323,0.0855,-3.43,ALERT
16.667,0.3278,0.199,-2.45,ALERT
16.7,0.3143,0.1745,-1.4,ALERT
16.733,0.3366,0.1194,3.77,ALERT
16.767,0.3153,0.2056,1.54,ALERT
16.8,0.2886,0.2001,1.75,ALERT
16.833,0.3356,0.136,1.99,ALERT
16.867,0.3263,0.1063,2.26,ALERT
16.9,0.2825,0.1906,2.27,ALERT
16.933,0.3349,0.1359,0.82,ALERT
16.967,0.2926,0.0919,-1.84,ALERT
17.0,0.293,0.2121,-3.32,ALERT
17.033,0.2816,0.1538,-3.42,ALERT
17.067,0.2881,0.0866,3.13,ALERT
17.1,0.3079,0.1554,2.98,ALERT
17.133,0.3391,0.0946,-3.42,ALERT
17.167,0.3139,0.1003,3.41,ALERT
17.2,0.2939,0.2151,-0.68,ALERT
17.233,0.3089,0.1176,0.28,ALERT
17.267,0.3262,0.123,-2.12,ALERT
17.3,0.317,0.1087,3.51,ALERT
17.333,0.3033,0.1398,-3.93,ALERT
17.367,0.3292,0.1347,-1.25,ALERT
17.4,0.2909,0.1163,3.88,ALERT
17.433,0.3215,0.1975,-0.1,ALERT
17.467,0.2943,0.1355,-3.92,ALERT
17.5,0.2815,0.2104,1.93,ALERT
17.533,0.3048,0.1564,-1.65,ALERT
17.567,0.3173,0.0944,-2.54,ALERT
17.6,0.3199,0.0982,0.23,ALERT
17.633,0.3356,0.1949,-0.31,ALERT
17.667,0.3126,0.1938,1.82,ALERT
17.7,0.1233,0.1036,1.68,ALERT
17.733,0.3058,0.0973,3.5,ALERT
17.767,0.1714,0.1946,0.28,ALERT
17.8,0.3145,0.1025,0.45,ALERT
17.833,0.3321,0.1792,-3.92,ALERT
17.867,0.2973,0.0866,0.81,ALERT
17.9,0.2874,0.1426,1.63,ALERT
17.933,0.335,0.1073,-2.33,ALERT
17.967,0.2815,0.1653,-1.94,ALERT
18.0,0.3028,0.1225,-1.5,ALERT
18.033,0.2956,0.1122,-3.23,ALERT
18.067,0.2822,0.2075,3.34,ALERT
18.1,0.2984,0.0924,-2.81,ALERT
18.133,0.2999,0.1273,0.3,ALERT
18.167,0.3251,0.1672,1.7,ALERT
18.2,0.2974,0.2144,0.21,ALERT
18.233,0.3136,0.2027,3.05,ALERT
18.267,0.2859,0.1462,0.93,ALERT
18.3,0.3389,0.2165,1.91,ALERT
18.333,0.3399,0.1613,1.21,ALERT
18.367,0.3179,0.1978,1.62,ALERT
18.4,0.3072,0.0869,2.47,ALERT
18.433,0.3348,0.1372,1.91,ALERT
18.467,0.3117,0.1917,-3.28,ALERT
18.5,0.3167,0.2083,3.5,ALERT
18.533,0.3249,0.1797,0.35,ALERT
18.567,0.3058,0.1804,0.88,ALERT
18.6,0.2949,0.1672,2.49,ALERT
18.633,0.2858,0.1486,-0.98,ALERT
18.667,0.3344,0.1414,-0.54,ALERT
18.7,0.2878,0.1304,-1.83,ALERT
18.733,0.3055,0.104,2.7,ALERT
18.767,0.2973,0.2195,-0.87,ALERT
18.8,0.1351,0.1978,-1.84,ALERT
18.833,0.3219,0.1489,-0.01,ALERT
18.867,0.3396,0.187,1.56,ALERT
18.9,0.3364,0.1153,-3.61,ALERT
18.933,0.3343,0.2038,-2.65,ALERT
18.967,0.3377,0.2105,3.29,ALERT
19.0,0.3393,0.0867,0.72,ALERT
19.033,0.3354,0.1354,1.92,ALERT
19.067,0.3375,0.2189,1.27,ALERT
19.1,0.3293,0.1724,0.97,ALERT
19.133,0.3205,0.1772,-0.82,ALERT
19.167,0.2969,0.1451,-0.56,ALERT
19.2,0.3028,0.1414,-0.02,ALERT
19.233,0.3166,0.1888,-0.92,ALERT
19.267,0.2983,0.1605,0.87,ALERT
19.3,0.3289,0.0848,-2.78,ALERT
19.333,0.3277,0.1341,-1.68,ALERT
19.367,0.2827,0.1539,-3.03,ALERT
19.4,0.3296,0.1495,-3.01,ALERT
19.433,0.3047,0.1681,-2.42,ALERT
19.467,0.154,0.2007,1.31,ALERT
19.5,0.3316,0.1391,2.45,ALERT
19.533,0.3015,0.1098,-3.51,ALERT
19.567,0.3297,0.0843,-0.69,ALERT
19.6,0.2821,0.2004,-1.97,ALERT
19.633,0.3094,0.103,-0.12,ALERT
19.667,0.2927,0.1585,-1.84,ALERT
19.7,0.3381,0.089,2.64,ALERT
19.733,0.2927,0.1967,0.91,ALERT
19.767,0.2922,0.1734,0.63,ALERT
19.8,0.3093,0.119,-2.71,ALERT
19.833,0.2948,0.1396,3.97,ALERT
19.867,0.3261,0.1296,-0.67,ALERT
19.9,0.2966,0.143,-2.12,ALERT
19.933,0.3218,0.1273,3.79,ALERT
19.967,0.2892,0.0978,-2.05,ALERT
20.0,0.307,0.1346,3.24,ALERT
20.033,0.2988,0.1942,0.2,ALERT
20.067,0.3129,0.1543,-1.42,ALERT
20.1,0.3126,0.1483,2.04,ALERT
20.133,0.309,0.1012,-3.75,ALERT
20.167,0.3005,0.1624,-3.28,ALERT
20.2,0.2958,0.0812,2.97,ALERT
20.233,0.2884,0.213,-0.45,ALERT
20.267,0.337,0.1415,-3.5,ALERT
20.3,0.3001,0.0866,-2.72,ALERT
20.333,0.3122,0.1627,0.93,ALERT
20.367,0.3302,0.1649,1.54,ALERT
20.4,0.2868,0.1209,1.91,ALERT
20.433,0.3182,0.0918,3.25,ALERT
20.467,0.3157,0.167,-2.89,ALERT
20.5,0.2917,0.1793,-3.51,ALERT
20.533,0.2867,0.1735,2.79,ALERT
20.567,0.3169,0.1253,-1.6,ALERT
20.6,0.3053,0.1279,-2.0,ALERT
20.633,0.3077,0.1292,0.66,ALERT
20.667,0.2822,0.1676,0.16,ALERT
20.7,0.281,0.1042,-1.07,ALERT
20.733,0.2985,0.2183,0.15,ALERT
20.767,0.3146,0.1391,-2.67,ALERT
20.8,0.3085,0.1066,1.91,ALERT
20.833,0.2906,0.1322,-2.47,ALERT
20.867,0.3104,0.2177,-0.27,ALERT
20.9,0.3047,0.1385,-3.83,ALERT
20.933,0.3013,0.1342,-1.81,ALERT
20.967,0.1309,0.1755,0.75,ALERT
21.0,0.2922,0.0863,-3.54,ALERT
21.033,0.3205,0.1836,-0.36,ALERT
21.067,0.3297,0.0911,-0.46,ALERT
21.1,0.3031,0.1991,1.88,ALERT
21.133,0.3138,0.1396,1.19,ALERT
21.167,0.3142,0.1534,1.42,ALERT
21.2,0.3373,0.1465,2.78,ALERT
21.233,0.1739,0.1784,2.64,ALERT
21.267,0.3084,0.1514,3.58,ALERT
21.3,0.2938,0.1421,2.37,ALERT
21.333,0.3214,0.1865,2.03,ALERT
21.367,0.3152,0.2089,-2.31,ALERT
21.4,0.2808,0.179,3.31,ALERT
21.433,0.2903,0.1478,-3.52,ALERT
21.467,0.2882,0.1787,-1.87,ALERT
21.5,0.1538,0.0913,-3.28,ALERT
21.533,0.3043,0.0908,-3.67,ALERT
21.567,0.3037,0.1076,1.45,ALERT
21.6,0.3204,0.1479,0.37,ALERT
21.633,0.3285,0.2135,-0.79,ALERT
21.667,0.2977,0.158,3.39,ALERT
21.7,0.2889,0.1837,3.64,ALERT
21.733,0.3098,0.1292,-2.8,ALERT
21.767,0.2974,0.1469,-0.19,ALERT
21.8,0.2868,0.1609,-1.34,ALERT
21.833,0.2861,0.2154,1.31,ALERT
21.867,0.3113,0.2117,0.9,ALERT
21.9,0.3108,0.182,-2.33,ALERT
21.933,0.303,0.1129,-1.02,ALERT
21.967,0.3224,0.1001,1.97,ALERT
22.0,0.3243,0.1635,3.91,ALERT
22.033,0.3042,0.1213,3.19,ALERT
22.067,0.3386,0.1674,0.97,ALERT
22.1,0.3301,0.1148,-1.9,ALERT
22.133,0.3248,0.1497,3.51,ALERT
22.167,0.3179,0.2153,0.5,ALERT
22.2,0.3387,0.1903,-0.21,ALERT
22.233,0.2968,0.1217,-0.8,ALERT
22.267,0.2828,0.1198,2.9,ALERT
22.3,0.3236,0.1496,-3.97,ALERT
22.333,0.2805,0.1653,3.49,ALERT
22.367,0.2904,0.2088,-3.18,ALERT
22.4,0.331,0.08,0.12,ALERT
22.433,0.2877,0.1518,3.91,ALERT
22.467,0.3034,0.1091,1.13,ALERT
22.5,0.3062,0.2038,0.98,ALERT
22.533,0.1726,0.131,-0.61,ALERT
22.567,0.2871,0.138,3.3,ALERT
22.6,0.291,0.1326,-3.51,ALERT
22.633,0.3099,0.1093,1.67,ALERT
22.667,0.3378,0.1353,3.08,ALERT
22.7,0.3255,0.1549,3.16,ALERT
22.733,0.2974,0.1423,1.69,ALERT
22.767,0.3289,0.1066,3.02,ALERT
22.8,0.2967,0.1091,-3.12,ALERT
22.833,0.2921,0.1,2.32,ALERT
22.867,0.3105,0.1085,-0.67,ALERT
22.9,0.3345,0.1866,3.31,ALERT
22.933,0.3212,0.1801,-0.03,ALERT
22.967,0.3397,0.127,-1.87,ALERT
23.0,0.3187,0.089,3.91,ALERT
23.033,0.319,0.089,1.76,ALERT
23.067,0.3355,0.1638,3.22,ALERT
23.1,0.2886,0.0811,-3.89,ALERT
23.133,0.301,0.2095,3.65,ALERT
23.167,0.133,0.2107,-1.77,ALERT
23.2,0.2948,0.1864,1.63,ALERT
23.233,0.2849,0.1875,-2.03,ALERT
23.267,0.3204,0.154,2.13,ALERT
23.3,0.3223,0.1816,-3.47,ALERT
23.333,0.3307,0.087,3.45,ALERT
23.367,0.2856,0.1783,0.63,ALERT
23.4,0.2902,0.1299,2.24,ALERT
23.433,0.2867,0.1917,3.84,ALERT
23.467,0.3111,0.206,2.28,ALERT
23.5,0.3049,0.2156,0.82,ALERT
23.533,0.3375,0.0801,0.55,ALERT
23.567,0.2945,0.1086,-3.67,ALERT
23.6,0.3305,0.1467,3.9,ALERT
23.633,0.3277,0.0824,-0.21,ALERT
23.667,0.3118,0.1494,-0.65,ALERT
23.7,0.3031,0.2184,0.05,ALERT
23.733,0.317,0.1448,-1.09,ALERT
23.767,0.2926,0.1131,0.71,ALERT
23.8,0.3098,0.1691,1.71,ALERT
23.833,0.3352,0.2125,-3.97,ALERT
23.867,0.3235,0.142,1.6,ALERT
23.9,0.3161,0.2106,-1.25,ALERT
23.933,0.287,0.215,-0.27,ALERT
23.967,0.33,0.2176,0.78,ALERT
24.0,0.3,0.1733,-3.48,ALERT
24.033,0.2937,0.1094,-1.21,ALERT
24.067,0.3346,0.1975,-2.81,ALERT
24.1,0.2927,0.12,-3.28,ALERT
24.133,0.2884,0.1879,-2.17,ALERT
24.167,0.327,0.0818,-1.35,ALERT
24.2,0.3258,0.1016,2.57,ALERT
24.233,0.3284,0.17,0.95,ALERT
24.267,0.3185,0.1479,-1.01,ALERT
24.3,0.3044,0.1315,-2.05,ALERT
24.333,0.2953,0.1418,1.37,ALERT
24.367,0.3379,0.1227,-2.84,ALERT
24.4,0.1721,0.1032,0.83,ALERT
24.433,0.3229,0.16,2.99,ALERT
24.467,0.2873,0.1307,3.69,ALERT
24.5,0.2936,0.1598,1.67,ALERT
24.533,0.3307,0.1255,-2.97,ALERT
24.567,0.3253,0.1625,2.13,ALERT
24.6,0.3152,0.1441,1.58,ALERT
24.633,0.3209,0.1099,-3.46,ALERT
24.667,0.3023,0.1891,1.84,ALERT
24.7,0.3199,0.0885,1.56,ALERT
24.733,0.3134,0.1986,2.03,ALERT
24.767,0.3302,0.2098,2.13,ALERT
24.8,0.2901,0.188,1.54,ALERT
24.833,0.2948,0.1083,-3.19,ALERT
24.867,0.3196,0.089,-0.98,ALERT
24.9,0.2875,0.1026,-1.92,ALERT
24.933,0.3168,0.1644,3.7,ALERT
24.967,0.3303,0.2192,1.67,ALERT
25.0,0.2998,0.1431,-0.33,ALERT
25.033,0.3355,0.1752,-1.85,ALERT
25.067,0.2907,0.0854,1.69,ALERT
25.1,0.2806,0.1426,3.74,ALERT
25.133,0.3002,0.1771,0.75,ALERT
25.167,0.2973,0.0893,0.81,ALERT
25.2,0.3073,0.1407,-2.16,ALERT
25.233,0.3314,0.1645,-1.32,ALERT
25.267,0.3005,0.0949,-1.52,ALERT
25.3,0.3081,0.1879,-3.95,ALERT
25.333,0.3212,0.0844,1.42,ALERT
25.367,0.3342,0.1638,0.68,ALERT
25.4,0.3107,0.1298,0.01,ALERT
25.433,0.2824,0.0963,-1.51,ALERT
25.467,0.2922,0.1115,1.05,ALERT
25.5,0.3217,0.0933,-3.28,ALERT
25.533,0.326,0.1694,-3.21,ALERT
25.567,0.3389,0.2101,-1.46,ALERT
25.6,0.2831,0.1506,3.83,ALERT
25.633,0.3303,0.2048,-0.07,ALERT
25.667,0.3073,0.1886,-3.0,ALERT
25.7,0.3179,0.1024,-2.91,ALERT
25.733,0.2854,0.1923,-3.29,ALERT
25.767,0.3091,0.1355,2.4,ALERT
25.8,0.3015,0.137,2.56,ALERT
25.833,0.3078,0.0982,-0.43,ALERT
25.867,0.1542,0.2072,2.65,ALERT
25.9,0.1257,0.1941,-3.93,ALERT
25.933,0.3109,0.1295,-1.28,ALERT
25.967,0.295,0.1842,-3.29,ALERT
26.0,0.3363,0.178,2.11,ALERT
26.033,0.3217,0.2165,2.63,ALERT
26.067,0.3274,0.131,-3.93,ALERT
26.1,0.292,0.1132,-2.41,ALERT
26.133,0.3353,0.1226,-1.99,ALERT
26.167,0.3091,0.1554,0.65,ALERT
26.2,0.3317,0.2193,2.32,ALERT
26.233,0.3072,0.1183,3.62,ALERT
26.267,0.2914,0.0817,3.71,ALERT
26.3,0.2819,0.0802,2.32,ALERT
26.333,0.3261,0.1172,-0.87,ALERT
26.367,0.3285,0.1683,-1.55,ALERT
26.4,0.331,0.1846,1.84,ALERT
26.433,0.2898,0.2103,-0.97,ALERT
26.467,0.2831,0.2185,-3.58,ALERT
26.5,0.3038,0.1413,-0.27,ALERT
26.533,0.3071,0.2076,-3.36,ALERT
26.567,0.3236,0.1297,-0.02,ALERT
26.6,0.2963,0.1882,-1.73,ALERT
26.633,0.3083,0.1288,3.45,ALERT
26.667,0.3188,0.1577,-0.7,ALERT
26.7,0.2872,0.1917,0.5,ALERT
26.733,0.3055,0.1331,2.42,ALERT
26.767,0.3092,0.1181,1.45,ALERT
26.8,0.318,0.0901,1.2,ALERT
26.833,0.2953,0.1236,1.51,ALERT
26.867,0.3093,0.1578,2.32,ALERT
26.9,0.3237,0.0867,0.15,ALERT
26.933,0.3045,0.1447,0.35,ALERT
26.967,0.3011,0.1606,0.69,ALERT
27.0,0.3356,0.0884,-3.72,ALERT
27.033,0.3258,0.2186,0.06,ALERT
27.067,0.2976,0.1398,0.14,ALERT
27.1,0.3149,0.0874,0.88,ALERT
27.133,0.3246,0.0866,2.06,ALERT
27.167,0.169,0.1688,-11.73,DROWSY
27.2,0.1624,0.1799,-11.36,DROWSY
27.233,0.1643,0.2111,-17.58,DROWSY
27.267,0.1342,0.2699,-11.94,DROWSY
27.3,0.1309,0.1824,-13.74,DROWSY
27.333,0.1406,0.2412,-15.7,DROWSY
27.367,0.153,0.3149,-13.11,DROWSY
27.4,0.1497,0.1648,-11.5,DROWSY
27.433,0.1155,0.3964,-14.05,DROWSY
27.467,0.1288,0.3723,-17.52,DROWSY
27.5,0.1573,0.2554,-13.85,DROWSY
27.533,0.1122,0.2551,-16.81,DROWSY
27.567,0.1114,0.2338,-17.72,DROWSY
27.6,0.1405,0.2975,-10.67,DROWSY
27.633,0.1443,0.2078,-11.0,DROWSY
27.667,0.1693,0.2636,-16.09,DROWSY
27.7,0.1234,0.2644,-11.06,DROWSY
27.733,0.1198,0.1989,-15.41,DROWSY
27.767,0.1352,0.2552,-13.9,DROWSY
27.8,0.1309,0.3569,-10.85,DROWSY
27.833,0.133,0.3738,-13.41,DROWSY
27.867,0.1441,0.2406,-17.47,DROWSY
27.9,0.1005,0.2837,-16.19,DROWSY
27.933,0.1455,0.339,-14.61,DROWSY
27.967,0.1025,0.3928,-12.9,DROWSY
28.0,0.1535,0.2808,-12.42,DROWSY
28.033,0.1016,0.2044,-17.95,DROWSY
28.067,0.1515,0.379,-12.88,DROWSY
28.1,0.1312,0.3574,-14.9,DROWSY
28.133,0.1444,0.167,-14.95,DROWSY
28.167,0.1462,0.3811,-13.14,DROWSY
28.2,0.151,0.212,-17.34,DROWSY
28.233,0.1223,0.2302,-13.73,DROWSY
28.267,0.1137,0.2589,-10.08,DROWSY
28.3,0.1688,0.1835,-16.64,DROWSY
28.333,0.1599,0.2255,-11.76,DROWSY
28.367,0.1235,0.1896,-15.94,DROWSY
28.4,0.1314,0.2081,-16.72,DROWSY
28.433,0.1519,0.1868,-12.01,DROWSY
28.467,0.1259,0.2625,-11.16,DROWSY
28.5,0.1155,0.2283,-12.75,DROWSY
28.533,0.1488,0.3743,-10.07,DROWSY
28.567,0.139,0.2446,-14.03,DROWSY
28.6,0.1687,0.3337,-12.73,DROWSY
28.633,0.1276,0.2269,-10.43,DROWSY
28.667,0.1135,0.2902,-12.58,DROWSY
28.7,0.1363,0.234,-17.61,DROWSY
28.733,0.1372,0.3852,-16.27,DROWSY
28.767,0.1322,0.2293,-16.93,DROWSY
28.8,0.1085,0.3962,-17.57,DROWSY
28.833,0.1652,0.2265,-13.03,DROWSY
28.867,0.1016,0.166,-11.8,DROWSY
28.9,0.1035,0.3273,-10.07,DROWSY
28.933,0.134,0.3277,-17.06,DROWSY
28.967,0.1367,0.2926,-12.42,DROWSY
29.0,0.1367,0.2309,-12.2,DROWSY
29.033,0.1116,0.2113,-17.79,DROWSY
29.067,0.1328,0.1549,-16.22,DROWSY
29.1,0.1421,0.3486,-16.52,DROWSY
29.133,0.1273,0.3945,-15.94,DROWSY
29.167,0.12,0.2926,-14.86,DROWSY
29.2,0.1599,0.2572,-15.7,DROWSY
29.233,0.111,0.1851,-10.63,DROWSY
29.267,0.1013,0.3984,-10.99,DROWSY
29.3,0.113,0.3011,-17.18,DROWSY
29.333,0.1176,0.3772,-14.17,DROWSY
29.367,0.1242,0.1627,-14.17,DROWSY
29.4,0.1008,0.2775,-10.35,DROWSY
29.433,0.1693,0.1556,-13.08,DROWSY
29.467,0.1328,0.3386,-12.01,DROWSY
29.5,0.1069,0.2105,-16.67,DROWSY
29.533,0.156,0.3891,-10.09,DROWSY
29.567,0.1659,0.2171,-11.49,DROWSY
29.6,0.1142,0.2352,-17.93,DROWSY
29.633,0.1663,0.1806,-10.88,DROWSY
29.667,0.1087,0.3153,-11.6,DROWSY
29.7,0.1544,0.2879,-13.08,DROWSY
29.733,0.1255,0.202,-11.95,DROWSY
29.767,0.1224,0.1983,-13.71,DROWSY
29.8,0.1684,0.2139,-11.46,DROWSY
29.833,0.17,0.2224,-11.47,DROWSY
29.867,0.1686,0.274,-14.45,DROWSY
29.9,0.1514,0.379,-10.11,DROWSY
29.933,0.1028,0.1584,-13.41,DROWSY
29.967,0.1132,0.3815,-17.85,DROWSY
30.0,0.165,0.2736,-11.94,DROWSY
30.033,0.1091,0.3008,-17.05,DROWSY
30.067,0.1417,0.3239,-12.87,DROWSY
30.1,0.129,0.2347,-12.84,DROWSY
30.133,0.1682,0.3983,-16.16,DROWSY
30.167,0.1378,0.3638,-10.72,DROWSY
30.2,0.1249,0.3925,-14.0,DROWSY
30.233,0.1216,0.3855,-17.08,DROWSY
30.267,0.1287,0.2879,-12.01,DROWSY
30.3,0.1065,0.183,-12.75,DROWSY
30.333,0.1202,0.3202,-14.24,DROWSY
30.367,0.108,0.2773,-12.83,DROWSY
30.4,0.2931,0.1593,-1.3,ALERT
30.433,0.3135,0.195,-3.8,ALERT
30.467,0.2983,0.1126,-0.15,ALERT
30.5,0.3032,0.2023,2.69,ALERT
30.533,0.3263,0.214,-0.9,ALERT
30.567,0.3384,0.0922,2.86,ALERT
30.6,0.3364,0.2176,-2.88,ALERT
30.633,0.3245,0.1895,-3.12,ALERT
30.667,0.2801,0.1148,-0.16,ALERT
30.7,0.3246,0.1683,-1.52,ALERT
30.733,0.3018,0.0983,-1.28,ALERT
30.767,0.2969,0.1479,-3.01,ALERT
30.8,0.3136,0.1541,0.84,ALERT
30.833,0.2949,0.2003,0.51,ALERT
30.867,0.3241,0.1401,3.84,ALERT
30.9,0.2997,0.1719,-2.92,ALERT
30.933,0.2903,0.1727,2.16,ALERT
30.967,0.3319,0.1583,-1.56,ALERT
31.0,0.2919,0.149,-2.85,ALERT
31.033,0.3365,0.2147,-2.67,ALERT
31.067,0.2899,0.1225,-1.43,ALERT
31.1,0.3084,0.0846,-1.45,ALERT
31.133,0.3113,0.212,-1.37,ALERT
31.167,0.3387,0.1841,1.3,ALERT
31.2,0.3099,0.1902,3.21,ALERT
31.233,0.3293,0.1503,2.04,ALERT
31.267,0.3193,0.1139,0.83,ALERT
31.3,0.2943,0.202,3.65,ALERT
31.333,0.2856,0.1219,2.23,ALERT
31.367,0.3254,0.1479,-1.73,ALERT
31.4,0.3296,0.1229,-3.93,ALERT
31.433,0.2989,0.18,1.1,ALERT
31.467,0.3256,0.1229,-2.03,ALERT
31.5,0.2909,0.1538,-2.08,ALERT
31.533,0.2851,0.1054,-1.6,ALERT
31.567,0.3031,0.205,0.93,ALERT
31.6,0.3169,0.0937,-2.2,ALERT
31.633,0.3206,0.1452,3.98,ALERT
31.667,0.3245,0.0995,2.43,ALERT
31.7,0.3024,0.1751,1.41,ALERT
31.733,0.3033,0.1629,2.54,ALERT
31.767,0.3181,0.1727,-2.68,ALERT
31.8,0.3167,0.1725,-1.87,ALERT
31.833,0.3101,0.2085,-0.66,ALERT
31.867,0.2818,0.1956,-2.36,ALERT
31.9,0.3274,0.1501,0.57,ALERT
31.933,0.3333,0.1853,-3.02,ALERT
31.967,0.2904,0.2005,1.68,ALERT
32.0,0.3333,0.1874,1.05,ALERT
32.033,0.2862,0.1807,1.35,ALERT
32.067,0.3134,0.1543,-0.15,ALERT
32.1,0.2852,0.1214,3.31,ALERT
32.133,0.2988,0.1714,3.69,ALERT
32.167,0.3276,0.1296,-1.61,ALERT
32.2,0.1454,0.0868,-2.62,ALERT
32.233,0.3022,0.1654,-3.45,ALERT
32.267,0.3108,0.2028,-0.29,ALERT
32.3,0.2893,0.0928,1.7,ALERT
32.333,0.3147,0.0876,-2.22,ALERT
32.367,0.3296,0.1863,-3.1,ALERT
32.4,0.3254,0.11,-2.17,ALERT
32.433,0.3256,0.1023,3.07,ALERT
32.467,0.3088,0.0991,0.08,ALERT
32.5,0.3398,0.2028,-0.88,ALERT
32.533,0.3144,0.1144,0.56,ALERT
32.567,0.3383,0.1382,3.18,ALERT
32.6,0.3222,0.1891,2.67,ALERT
32.633,0.2843,0.1573,3.34,ALERT
32.667,0.3338,0.0898,-1.17,ALERT
32.7,0.2868,0.1721,-2.17,ALERT
32.733,0.2878,0.1649,-2.43,ALERT
32.767,0.303,0.1604,-3.31,ALERT
32.8,0.3263,0.0912,-0.52,ALERT
32.833,0.3215,0.1279,-3.04,ALERT
32.867,0.333,0.1639,-3.58,ALERT
32.9,0.3227,0.1055,-3.76,ALERT
32.933,0.3208,0.2077,-2.25,ALERT
32.967,0.3029,0.1119,2.49,ALERT
33.0,0.3059,0.1831,-3.34,ALERT
33.033,0.3128,0.1524,3.15,ALERT
33.067,0.2919,0.095,-1.99,ALERT
33.1,0.2924,0.1121,-3.33,ALERT
33.133,0.3131,0.1471,2.02,ALERT
33.167,0.3069,0.1842,-1.59,ALERT
33.2,0.2871,0.0926,-3.44,ALERT
33.233,0.3322,0.1861,-0.93,ALERT
33.267,0.3249,0.1972,0.53,ALERT
33.3,0.3307,0.1679,1.52,ALERT
33.333,0.3353,0.194,3.53,ALERT
33.367,0.3142,0.1649,-3.16,ALERT
33.4,0.2823,0.1848,0.61,ALERT
33.433,0.2864,0.1691,-3.04,ALERT
33.467,0.309,0.198,3.88,ALERT
33.5,0.3173,0.1126,-2.34,ALERT
33.533,0.3067,0.1303,-3.86,ALERT
33.567,0.3057,0.1074,-3.18,ALERT
33.6,0.2899,0.2113,3.82,ALERT
33.633,0.3285,0.1423,-2.04,ALERT
33.667,0.332,0.1935,-2.41,ALERT
33.7,0.3369,0.1989,-3.32,ALERT
33.733,0.3346,0.1381,-1.76,ALERT
33.767,0.3285,0.1595,-0.9,ALERT
33.8,0.3212,0.1631,-0.24,ALERT
33.833,0.3124,0.1104,1.05,ALERT
33.867,0.2822,0.1209,-0.89,ALERT
33.9,0.3146,0.219,-0.67,ALERT
33.933,0.2919,0.1756,0.39,ALERT
33.967,0.2867,0.1229,-2.96,ALERT
34.0,0.3355,0.2055,-2.33,ALERT
34.033,0.291,0.1842,0.31,ALERT
34.067,0.3269,0.204,0.15,ALERT
34.1,0.3215,0.1024,-0.9,ALERT
34.133,0.3301,0.0813,-1.06,ALERT
34.167,0.2986,0.194,2.64,ALERT
34.2,0.3104,0.0981,1.99,ALERT
34.233,0.3236,0.0931,-3.24,ALERT
34.267,0.3212,0.0938,-2.59,ALERT
34.3,0.3229,0.1333,0.88,ALERT
34.333,0.3398,0.2151,2.8,ALERT
34.367,0.2945,0.2061,-2.03,ALERT
34.4,0.3385,0.0896,1.03,ALERT
34.433,0.1215,0.1808,3.9,ALERT
34.467,0.2901,0.0812,3.17,ALERT
34.5,0.3104,0.0916,2.79,ALERT
34.533,0.333,0.1485,-0.33,ALERT
34.567,0.2959,0.1807,-2.25,ALERT
34.6,0.3113,0.1957,-1.65,ALERT
34.633,0.2926,0.1611,-2.48,ALERT
34.667,0.2917,0.181,-0.08,ALERT
34.7,0.3358,0.1721,2.12,ALERT
34.733,0.3372,0.1281,0.67,ALERT
34.767,0.1514,0.1671,2.1,ALERT
34.8,0.3394,0.0962,1.2,ALERT
34.833,0.319,0.0815,-0.78,ALERT
34.867,0.3257,0.218,-2.5,ALERT
34.9,0.2822,0.1261,1.39,ALERT
34.933,0.3326,0.17,2.38,ALERT
34.967,0.3168,0.0804,-0.38,ALERT
35.0,0.3384,0.1179,-0.67,ALERT
35.033,0.3043,0.1128,3.63,ALERT
35.067,0.3102,0.1122,3.32,ALERT
35.1,0.3333,0.0862,-3.77,ALERT
35.133,0.294,0.1236,3.99,ALERT
35.167,0.3225,0.2165,-0.89,ALERT
35.2,0.3079,0.1338,2.12,ALERT
35.233,0.3379,0.1579,-3.0,ALERT
35.267,0.2904,0.1115,1.47,ALERT
35.3,0.305,0.0917,0.35,ALERT
35.333,0.3384,0.0966,0.87,ALERT
35.367,0.2937,0.159,-3.37,ALERT
35.4,0.3238,0.1629,0.73,ALERT
35.433,0.3023,0.0977,3.08,ALERT
35.467,0.3254,0.1526,-1.27,ALERT
35.5,0.3236,0.1905,-3.02,ALERT
35.533,0.2973,0.1431,-2.77,ALERT
35.567,0.3286,0.1001,-1.99,ALERT
35.6,0.3312,0.1237,-3.78,ALERT
35.633,0.288,0.1896,-0.82,ALERT
35.667,0.3156,0.1196,3.92,ALERT
35.7,0.1704,0.0992,-0.61,ALERT
35.733,0.3144,0.0975,-3.79,ALERT
35.767,0.3297,0.2168,2.51,ALERT
35.8,0.2974,0.1804,-3.66,ALERT
35.833,0.3293,0.1932,-0.05,ALERT
35.867,0.1258,0.1404,-2.87,ALERT
35.9,0.3124,0.2115,3.5,ALERT
35.933,0.2819,0.2036,2.31,ALERT
35.967,0.3113,0.1643,1.54,ALERT
36.0,0.2913,0.2142,-2.76,ALERT
36.033,0.2879,0.1569,-1.34,ALERT
36.067,0.2942,0.1551,0.72,ALERT
36.1,0.3181,0.1916,0.46,ALERT
36.133,0.328,0.1457,-0.87,ALERT
36.167,0.3055,0.1679,3.79,ALERT
36.2,0.3081,0.1544,-1.21,ALERT
36.233,0.2871,0.0833,-3.03,ALERT
36.267,0.2885,0.2045,2.16,ALERT
36.3,0.2959,0.1148,-2.4,ALERT
36.333,0.3328,0.1238,2.46,ALERT
36.367,0.3133,0.0885,3.34,ALERT
36.4,0.2923,0.1002,-2.02,ALERT
36.433,0.319,0.1544,-1.78,ALERT
36.467,0.3062,0.1263,-1.11,ALERT
36.5,0.3041,0.1441,3.52,ALERT
36.533,0.3374,0.1972,-0.86,ALERT
36.567,0.321,0.2162,-3.23,ALERT
36.6,0.3281,0.126,1.18,ALERT
36.633,0.2962,0.0941,3.84,ALERT
36.667,0.3228,0.1924,3.56,ALERT
36.7,0.3147,0.1768,3.47,ALERT
36.733,0.2863,0.2193,0.55,ALERT
36.767,0.3351,0.1335,3.87,ALERT
36.8,0.2801,0.1544,-0.55,ALERT
36.833,0.3149,0.1419,0.5,ALERT
36.867,0.3021,0.2187,-1.26,ALERT
36.9,0.2999,0.1518,3.43,ALERT
36.933,0.3083,0.133,-2.26,ALERT
36.967,0.2837,0.1894,-1.8,ALERT
37.0,0.3357,0.2035,1.58,ALERT
37.033,0.3397,0.1969,-3.42,ALERT
37.067,0.3326,0.09,0.3,ALERT
37.1,0.3273,0.1311,-0.33,ALERT
37.133,0.3356,0.1278,-1.82,ALERT
37.167,0.2962,0.0975,-3.3,ALERT
37.2,0.2882,0.2036,1.5,ALERT
37.233,0.2862,0.1755,2.2,ALERT
37.267,0.3366,0.1486,3.61,ALERT
37.3,0.2808,0.1615,2.43,ALERT
37.333,0.2096,0.7435,-0.21,WARNING
37.367,0.2195,0.2395,-4.29,WARNING
37.4,0.2584,0.7274,-2.67,WARNING
37.433,0.2347,0.7709,-0.98,WARNING
37.467,0.2406,0.8156,-2.65,WARNING
37.5,0.2226,0.2386,-1.01,WARNING
37.533,0.2174,0.6724,-1.59,WARNING
37.567,0.2064,0.6529,-1.39,WARNING
37.6,0.1974,0.2415,-6.31,WARNING
37.633,0.2419,0.745,-6.45,WARNING
37.667,0.221,0.7427,-2.62,WARNING
37.7,0.2197,0.6256,-1.44,WARNING
37.733,0.207,0.7725,-4.41,WARNING
37.767,0.2435,0.6943,-2.06,WARNING
37.8,0.2522,0.7152,-0.79,WARNING
37.833,0.1905,0.2381,-8.0,WARNING
37.867,0.2319,0.6344,-5.23,WARNING
37.9,0.2199,0.8446,-3.35,WARNING
37.933,0.2125,0.263,-3.88,WARNING
37.967,0.2003,0.6057,-2.6,WARNING
38.0,0.2269,0.1727,-3.44,WARNING
38.033,0.2231,0.2049,-3.8,WARNING
38.067,0.2493,0.6601,-5.38,WARNING
38.1,0.2511,0.7026,-1.85,WARNING
38.133,0.2335,0.8299,-5.28,WARNING
38.167,0.2152,0.2579,-3.61,WARNING
38.2,0.213,0.6671,-2.4,WARNING
38.233,0.2252,0.7651,-2.9,WARNING
38.267,0.2099,0.2469,-0.9,WARNING
38.3,0.1991,0.2306,-3.42,WARNING
38.333,0.2273,0.6928,-7.25,WARNING
38.367,0.2154,0.2511,-4.97,WARNING
38.4,0.2188,0.2969,-3.41,WARNING
38.433,0.2008,0.2046,-1.15,WARNING
38.467,0.2252,0.2584,-1.61,WARNING
38.5,0.2167,0.784,-3.69,WARNING
38.533,0.2529,0.7846,-5.32,WARNING
38.567,0.2308,0.821,-6.81,WARNING
38.6,0.2117,0.1815,-3.85,WARNING
38.633,0.2422,0.8039,-1.56,WARNING
38.667,0.2132,0.2668,-1.49,WARNING
38.7,0.2437,0.6573,-0.07,WARNING
38.733,0.193,0.2587,-7.13,WARNING
38.767,0.2432,0.6253,-7.88,WARNING
38.8,0.2381,0.759,-6.62,WARNING
38.833,0.1945,0.1617,-3.96,WARNING
38.867,0.195,0.2508,-2.75,WARNING
38.9,0.2361,0.7711,-2.78,WARNING
38.933,0.2173,0.2919,-4.22,WARNING
38.967,0.1977,0.2895,-5.42,WARNING
39.0,0.1997,0.1802,-5.41,WARNING
39.033,0.2238,0.1611,-0.95,WARNING
39.067,0.2368,0.8454,-3.14,WARNING
39.1,0.1984,0.2144,-2.97,WARNING
39.133,0.2141,0.627,-1.82,WARNING
39.167,0.2049,0.2345,-3.83,WARNING
39.2,0.2058,0.6887,-4.33,WARNING
39.233,0.2073,0.8278,-3.58,WARNING
39.267,0.1937,0.1802,-5.56,WARNING
39.3,0.1974,0.216,-2.07,WARNING
39.333,0.2434,0.738,-0.95,WARNING
39.367,0.2098,0.2855,-0.56,WARNING
39.4,0.2016,0.2614,-3.37,WARNING
39.433,0.221,0.23,-3.95,WARNING
39.467,0.2066,0.7158,-6.79,WARNING
39.5,0.2215,0.1927,-1.7,WARNING
39.533,0.2255,0.6248,-0.39,WARNING
39.567,0.202,0.1724,-4.93,WARNING
39.6,0.2129,0.2619,-5.27,WARNING
39.633,0.2584,0.7185,-7.73,WARNING
39.667,0.2509,0.6732,-7.18,WARNING
39.7,0.2146,0.2713,-6.88,WARNING
39.733,0.2081,0.6845,-5.44,WARNING
39.767,0.2484,0.7516,-0.76,WARNING
39.8,0.2584,0.7174,-7.98,WARNING
39.833,0.1985,0.1948,-7.1,WARNING
39.867,0.206,0.171,-0.41,WARNING
39.9,0.2556,0.7366,-0.83,WARNING
39.933,0.2281,0.6588,-3.65,WARNING
39.967,0.2386,0.8088,-1.94,WARNING
40.0,0.2576,0.6541,-0.16,WARNING
40.033,0.2348,0.802,-2.54,WARNING
40.067,0.1984,0.2568,-1.31,WARNING
40.1,0.213,0.1881,-3.1,WARNING
40.133,0.2196,0.2699,-6.61,WARNING
40.167,0.2223,0.198,-3.48,WARNING
40.2,0.2112,0.6714,-4.88,WARNING
40.233,0.2015,0.7287,-4.5,WARNING
40.267,0.2135,0.1997,-3.08,WARNING
40.3,0.2124,0.1871,-5.46,WARNING
40.333,0.2547,0.8012,-3.21,WARNING
40.367,0.2013,0.7426,-3.08,WARNING
40.4,0.2592,0.6783,-6.0,WARNING
40.433,0.229,0.7637,-5.41,WARNING
40.467,0.2077,0.183,-6.79,WARNING
40.5,0.2111,0.6594,-7.76,WARNING
40.533,0.2197,0.717,-4.12,WARNING
40.567,0.2113,0.7139,-6.4,WARNING
40.6,0.2165,0.6346,-4.01,WARNING
40.633,0.2169,0.1562,-1.72,WARNING
40.667,0.2083,0.6899,-2.89,WARNING
40.7,0.2179,0.1764,-6.87,WARNING
40.733,0.2035,0.1785,-0.15,WARNING
40.767,0.2052,0.7122,-5.75,WARNING
40.8,0.2113,0.2172,-4.25,WARNING
40.833,0.2105,0.2752,-6.66,WARNING
40.867,0.2361,0.6098,-3.22,WARNING
40.9,0.2212,0.2873,-0.62,WARNING
40.933,0.2015,0.2557,-7.22,WARNING
40.967,0.2318,0.6112,-4.62,WARNING
41.0,0.2001,0.8261,-0.87,WARNING
41.033,0.2344,0.7412,-4.37,WARNING
41.067,0.249,0.7564,-7.57,WARNING
41.1,0.208,0.1517,-6.16,WARNING
41.133,0.199,0.274,-0.63,WARNING
41.167,0.1971,0.223,-4.07,WARNING
41.2,0.2231,0.6191,-3.2,WARNING
41.233,0.2146,0.7375,-0.95,WARNING
41.267,0.2215,0.2195,-1.31,WARNING
41.3,0.2073,0.2583,-5.93,WARNING
41.333,0.2173,0.7062,-1.46,WARNING
41.367,0.2126,0.6244,-1.74,WARNING
41.4,0.2107,0.8294,-7.45,WARNING
41.433,0.2469,0.6437,-3.58,WARNING
41.467,0.2147,0.8119,-1.49,WARNING
41.5,0.2448,0.7996,-0.39,WARNING
41.533,0.2105,0.7407,-1.95,WARNING
41.567,0.2594,0.7521,-2.09,WARNING
41.6,0.2299,0.6807,-0.36,WARNING
41.633,0.2147,0.2356,-7.79,WARNING
41.667,0.2182,0.2305,-7.56,WARNING
41.7,0.2098,0.6817,-2.42,WARNING
41.733,0.2573,0.6319,-4.52,WARNING
41.767,0.2073,0.6496,-6.11,WARNING
41.8,0.1957,0.2367,-4.25,WARNING
41.833,0.2476,0.7666,-0.79,WARNING
41.867,0.1983,0.165,-3.28,WARNING
41.9,0.192,0.2478,-6.73,WARNING
41.933,0.2194,0.7115,-0.01,WARNING
41.967,0.2044,0.262,-7.35,WARNING
42.0,0.2062,0.208,-0.53,WARNING
42.033,0.2013,0.2494,-5.03,WARNING
42.067,0.2182,0.2367,-2.89,WARNING
42.1,0.2102,0.6468,-1.69,WARNING
42.133,0.2044,0.7075,-6.46,WARNING
42.167,0.2423,0.8181,-5.76,WARNING
42.2,0.2354,0.6126,-2.39,WARNING
42.233,0.223,0.159,-7.36,WARNING
42.267,0.2074,0.2258,-2.87,WARNING
42.3,0.2548,0.6914,-2.74,WARNING
42.333,0.1997,0.1853,-5.72,WARNING
42.367,0.2378,0.6951,-7.88,WARNING
42.4,0.2281,0.2948,-2.75,WARNING
42.433,0.2059,0.2691,-4.59,WARNING
42.467,0.1981,0.2292,-7.82,WARNING
42.5,0.2036,0.1922,-2.15,WARNING
42.533,0.2165,0.2455,-5.86,WARNING
42.567,0.2,0.7099,-3.81,WARNING
42.6,0.2465,0.7405,-4.37,WARNING
42.633,0.2389,0.7185,-6.7,WARNING
42.667,0.2075,0.631,-4.25,WARNING
42.7,0.2126,0.8495,-3.75,WARNING
42.733,0.2501,0.6258,-7.68,WARNING
42.767,0.2003,0.288,-2.36,WARNING
42.8,0.2283,0.2165,-1.67,WARNING
42.833,0.2106,0.2208,-3.66,WARNING
42.867,0.226,0.2286,-5.77,WARNING
42.9,0.1971,0.2162,-1.75,WARNING
42.933,0.2014,0.7541,-7.1,WARNING
42.967,0.2126,0.7493,-7.11,WARNING
43.0,0.217,0.2398,-6.19,WARNING
43.033,0.2214,0.2914,-6.0,WARNING
43.067,0.2482,0.7835,-4.06,WARNING
43.1,0.2171,0.6017,-1.28,WARNING
43.133,0.24,0.6211,-1.79,WARNING
43.167,0.2005,0.6168,-6.8,WARNING
43.2,0.2033,0.267,-2.79,WARNING
43.233,0.2541,0.7014,-4.52,WARNING
43.267,0.2013,0.7232,-0.35,WARNING
43.3,0.2001,0.2444,-6.83,WARNING
43.333,0.2277,0.6197,-0.84,WARNING
43.367,0.24,0.7192,-1.61,WARNING
43.4,0.224,0.2312,-5.08,WARNING
43.433,0.2143,0.7652,-4.57,WARNING
43.467,0.2029,0.1551,-0.48,WARNING
43.5,0.2077,0.2639,-4.62,WARNING
43.533,0.2162,0.7056,-6.41,WARNING
43.567,0.2063,0.2504,-5.4,WARNING
43.6,0.2029,0.6016,-4.84,WARNING
43.633,0.2242,0.163,-4.81,WARNING
43.667,0.2195,0.8073,-7.82,WARNING
43.7,0.2009,0.2523,-5.6,WARNING
43.733,0.2313,0.7746,-4.34,WARNING
43.767,0.2102,0.8466,-1.53,WARNING
43.8,0.2179,0.1527,-6.69,WARNING
43.833,0.1951,0.173,-3.13,WARNING
43.867,0.2281,0.2602,-2.77,WARNING
43.9,0.087,0.1265,-17.9,CRITICAL
43.933,0.1003,0.2166,-24.57,CRITICAL
43.967,0.0901,0.2757,-18.21,CRITICAL
44.0,0.0964,0.1618,-21.11,CRITICAL
44.033,0.1398,0.1023,-19.96,CRITICAL
44.067,0.0977,0.1734,-24.25,CRITICAL
44.1,0.096,0.2125,-24.38,CRITICAL
44.133,0.1043,0.2515,-16.64,CRITICAL
44.167,0.1248,0.2736,-18.35,CRITICAL
44.2,0.1189,0.2465,-19.89,CRITICAL
44.233,0.135,0.2281,-21.87,CRITICAL
44.267,0.1389,0.2022,-20.43,CRITICAL
44.3,0.1384,0.138,-18.96,CRITICAL
44.333,0.0858,0.1466,-21.34,CRITICAL
44.367,0.101,0.2965,-23.05,CRITICAL
44.4,0.1303,0.1174,-18.39,CRITICAL
44.433,0.1227,0.2506,-18.83,CRITICAL
44.467,0.1103,0.172,-23.22,CRITICAL
44.5,0.1221,0.1188,-18.95,CRITICAL
44.533,0.1236,0.2451,-20.27,CRITICAL
44.567,0.1358,0.1784,-17.39,CRITICAL
44.6,0.0814,0.2772,-21.36,CRITICAL
44.633,0.1317,0.1637,-24.68,CRITICAL
44.667,0.1119,0.2654,-23.86,CRITICAL
44.7,0.1048,0.246,-22.52,CRITICAL
44.733,0.1338,0.2205,-18.08,CRITICAL
44.767,0.0927,0.2526,-19.18,CRITICAL
44.8,0.1044,0.1642,-15.45,CRITICAL
44.833,0.0907,0.1548,-20.23,CRITICAL
44.867,0.1141,0.1148,-15.35,CRITICAL
44.9,0.0991,0.2696,-15.57,CRITICAL
44.933,0.102,0.1119,-24.85,CRITICAL
44.967,0.1202,0.1783,-19.51,CRITICAL
45.0,0.0905,0.1043,-21.1,CRITICAL
45.033,0.0842,0.2033,-22.87,CRITICAL
45.067,0.083,0.1854,-24.78,CRITICAL
45.1,0.1317,0.1283,-18.94,CRITICAL
45.133,0.1148,0.252,-15.18,CRITICAL
45.167,0.1029,0.2955,-21.75,CRITICAL
45.2,0.0961,0.2772,-19.52,CRITICAL
45.233,0.0931,0.1246,-15.65,CRITICAL
45.267,0.1129,0.1076,-21.43,CRITICAL
45.3,0.1225,0.2161,-18.27,CRITICAL
45.333,0.0962,0.167,-17.88,CRITICAL
45.367,0.1137,0.2233,-20.3,CRITICAL
45.4,0.1198,0.198,-19.38,CRITICAL
45.433,0.1232,0.2733,-24.31,CRITICAL
45.467,0.1393,0.1162,-17.99,CRITICAL
45.5,0.1173,0.2324,-19.57,CRITICAL
45.533,0.1054,0.209,-21.15,CRITICAL
45.567,0.0864,0.2724,-17.11,CRITICAL
45.6,0.1045,0.2651,-23.19,CRITICAL
45.633,0.1016,0.1795,-19.98,CRITICAL
45.667,0.0827,0.2974,-20.57,CRITICAL
45.7,0.1334,0.2048,-16.96,CRITICAL
45.733,0.0902,0.1854,-15.59,CRITICAL
45.767,0.1032,0.243,-16.32,CRITICAL
45.8,0.1066,0.2429,-18.9,CRITICAL
45.833,0.0977,0.234,-18.49,CRITICAL
45.867,0.107,0.2657,-24.66,CRITICAL
45.9,0.1236,0.1746,-18.01,CRITICAL
45.933,0.0803,0.149,-24.1,CRITICAL
45.967,0.0815,0.2292,-24.84,CRITICAL
46.0,0.1117,0.1078,-16.2,CRITICAL
46.033,0.1201,0.1833,-22.89,CRITICAL
46.067,0.118,0.2665,-21.5,CRITICAL
46.1,0.0892,0.2105,-16.1,CRITICAL
46.133,0.1314,0.2611,-15.36,CRITICAL
46.167,0.1183,0.1941,-16.94,CRITICAL
46.2,0.1215,0.1415,-17.33,CRITICAL
46.233,0.1188,0.1653,-23.89,CRITICAL
46.267,0.1174,0.2065,-19.42,CRITICAL
46.3,0.13,0.2019,-22.27,CRITICAL
46.333,0.1092,0.2224,-20.17,CRITICAL
46.367,0.1141,0.2581,-15.22,CRITICAL
46.4,0.0899,0.1099,-19.43,CRITICAL
46.433,0.1231,0.1821,-17.04,CRITICAL
46.467,0.1265,0.258,-18.98,CRITICAL
46.5,0.0974,0.2982,-17.64,CRITICAL
46.533,0.1101,0.1208,-15.64,CRITICAL
46.567,0.113,0.2626,-24.72,CRITICAL
46.6,0.0949,0.1585,-19.82,CRITICAL
46.633,0.1366,0.1421,-18.83,CRITICAL
46.667,0.1191,0.2566,-19.95,CRITICAL
46.7,0.0929,0.1348,-20.98,CRITICAL
46.733,0.1239,0.2362,-18.0,CRITICAL
46.767,0.0921,0.1245,-17.53,CRITICAL
46.8,0.0803,0.1568,-18.23,CRITICAL
46.833,0.1178,0.2274,-22.2,CRITICAL
46.867,0.0831,0.1361,-20.32,CRITICAL
46.9,0.1244,0.1686,-16.45,CRITICAL
46.933,0.11,0.2416,-16.8,CRITICAL
46.967,0.0927,0.1486,-22.53,CRITICAL
47.0,0.1259,0.1483,-18.71,CRITICAL
47.033,0.116,0.2996,-23.16,CRITICAL
47.067,0.124,0.255,-21.59,CRITICAL
47.1,0.0861,0.1848,-17.49,CRITICAL
47.133,0.1252,0.1991,-18.1,CRITICAL
47.167,0.1055,0.1911,-18.74,CRITICAL
47.2,0.1167,0.261,-24.6,CRITICAL
47.233,0.1079,0.1591,-24.46,CRITICAL
47.267,0.1032,0.2766,-22.38,CRITICAL
47.3,0.0881,0.2231,-23.94,CRITICAL
47.333,0.1136,0.1558,-22.36,CRITICAL
47.367,0.1074,0.2776,-17.03,CRITICAL
47.4,0.1388,0.2605,-16.19,CRITICAL
47.433,0.0914,0.2707,-21.09,CRITICAL
47.467,0.1191,0.2951,-18.16,CRITICAL
47.5,0.089,0.1273,-23.28,CRITICAL
47.533,0.1213,0.2158,-19.61,CRITICAL
47.567,0.1076,0.1149,-16.45,CRITICAL
47.6,0.085,0.1926,-17.53,CRITICAL
47.633,0.1102,0.2465,-16.5,CRITICAL
47.667,0.1396,0.1251,-24.65,CRITICAL
47.7,0.134,0.1364,-21.74,CRITICAL
47.733,0.0927,0.1016,-24.44,CRITICAL
47.767,0.3311,0.1953,-3.93,ALERT
47.8,0.3354,0.1488,2.38,ALERT
47.833,0.3152,0.1719,-0.04,ALERT
47.867,0.3164,0.2038,-1.02,ALERT
47.9,0.2886,0.1345,3.77,ALERT
47.933,0.3207,0.218,-0.63,ALERT
47.967,0.3336,0.0974,-0.52,ALERT
48.0,0.2887,0.194,1.49,ALERT
48.033,0.2874,0.0976,3.19,ALERT
48.067,0.3373,0.1187,1.6,ALERT
48.1,0.3398,0.1095,-1.98,ALERT
48.133,0.2974,0.1601,1.36,ALERT
48.167,0.314,0.167,-0.62,ALERT
48.2,0.3236,0.0945,-2.94,ALERT
48.233,0.3238,0.109,-1.53,ALERT
48.267,0.3188,0.1831,-3.42,ALERT
48.3,0.2807,0.1535,-0.01,ALERT
48.333,0.2974,0.1749,-2.8,ALERT
48.367,0.2817,0.1618,-3.64,ALERT
48.4,0.2951,0.2165,-2.46,ALERT
48.433,0.3318,0.0966,-1.39,ALERT
48.467,0.3047,0.2103,-3.95,ALERT
48.5,0.3344,0.1782,2.76,ALERT
48.533,0.287,0.0835,-2.18,ALERT
48.567,0.2831,0.167,2.92,ALERT
48.6,0.2875,0.215,3.34,ALERT
48.633,0.2929,0.1618,-0.31,ALERT
48.667,0.3074,0.0901,-3.7,ALERT
48.7,0.3219,0.1968,1.9,ALERT
48.733,0.3089,0.1998,-0.8,ALERT
48.767,0.338,0.2065,-1.22,ALERT
48.8,0.3332,0.2093,-3.15,ALERT
48.833,0.3164,0.091,-0.6,ALERT
48.867,0.3247,0.2027,-0.14,ALERT
48.9,0.2837,0.1437,-1.11,ALERT
48.933,0.3062,0.1448,-2.65,ALERT
48.967,0.3365,0.0943,3.5,ALERT
49.0,0.3245,0.2032,0.8,ALERT
49.033,0.1581,0.0846,-2.45,ALERT
49.067,0.2903,0.1529,-1.09,ALERT
49.1,0.3123,0.1264,-3.36,ALERT
49.133,0.3332,0.1339,-3.01,ALERT
49.167,0.3186,0.1335,0.7,ALERT
49.2,0.2806,0.0863,-2.29,ALERT
49.233,0.2831,0.1059,1.15,ALERT
49.267,0.3035,0.1706,-2.16,ALERT
49.3,0.2857,0.089,-3.46,ALERT
49.333,0.3325,0.1885,2.69,ALERT
49.367,0.3269,0.0945,1.75,ALERT
49.4,0.3192,0.1732,2.19,ALERT
49.433,0.2898,0.1209,-1.57,ALERT
49.467,0.301,0.1985,1.02,ALERT
49.5,0.3156,0.1899,-0.58,ALERT
49.533,0.3339,0.1396,3.65,ALERT
49.567,0.3199,0.0892,2.14,ALERT
49.6,0.3395,0.0808,-2.25,ALERT
49.633,0.3054,0.0827,2.97,ALERT
49.667,0.3061,0.2074,3.31,ALERT
49.7,0.3066,0.083,1.26,ALERT
49.733,0.3039,0.1066,2.91,ALERT
49.767,0.3127,0.139,-1.31,ALERT
49.8,0.3214,0.1796,1.01,ALERT
49.833,0.2919,0.1086,3.01,ALERT
49.867,0.2878,0.2166,-3.1,ALERT
49.9,0.3239,0.2095,-1.03,ALERT
49.933,0.3369,0.1781,-3.37,ALERT
49.967,0.2925,0.1632,-0.28,ALERT
50.0,0.281,0.2076,3.75,ALERT
50.033,0.3256,0.086,2.1,ALERT
50.067,0.1305,0.169,-0.87,ALERT
50.1,0.2948,0.2068,3.65,ALERT
50.133,0.3127,0.1156,1.74,ALERT
50.167,0.3274,0.2098,-2.64,ALERT
50.2,0.3054,0.0863,1.82,ALERT
50.233,0.3088,0.2154,3.52,ALERT
50.267,0.2947,0.2007,1.98,ALERT
50.3,0.2849,0.2155,3.41,ALERT
50.333,0.2918,0.1952,3.81,ALERT
50.367,0.3286,0.1091,-3.16,ALERT
50.4,0.2844,0.1641,-0.16,ALERT
50.433,0.3238,0.1875,-2.09,ALERT
50.467,0.3353,0.2159,-1.38,ALERT
50.5,0.3049,0.2054,0.4,ALERT
50.533,0.2949,0.1531,2.22,ALERT
50.567,0.3279,0.1918,-0.44,ALERT
50.6,0.3134,0.2113,3.52,ALERT
50.633,0.3218,0.115,1.14,ALERT
50.667,0.3372,0.1759,1.27,ALERT
50.7,0.2865,0.1981,0.58,ALERT
50.733,0.3337,0.1138,-2.75,ALERT
50.767,0.2841,0.141,-1.47,ALERT
50.8,0.318,0.1564,-3.12,ALERT
50.833,0.3266,0.0929,-3.89,ALERT
50.867,0.3376,0.133,1.49,ALERT
50.9,0.3084,0.189,-1.14,ALERT
50.933,0.3217,0.1329,-0.81,ALERT
50.967,0.2854,0.1018,0.92,ALERT
51.0,0.3311,0.1959,-0.08,ALERT
51.033,0.2816,0.1542,-1.3,ALERT
51.067,0.3323,0.1704,3.38,ALERT
51.1,0.3272,0.1335,-2.3,ALERT
51.133,0.2876,0.1516,0.66,ALERT
51.167,0.3326,0.2136,2.88,ALERT
51.2,0.2983,0.1108,-2.46,ALERT
51.233,0.3256,0.0993,1.55,ALERT
51.267,0.3259,0.1636,-1.26,ALERT
51.3,0.3037,0.1724,1.54,ALERT
51.333,0.2802,0.0971,2.95,ALERT
51.367,0.3074,0.1967,-3.63,ALERT
51.4,0.3381,0.2003,1.07,ALERT
51.433,0.3354,0.183,1.56,ALERT
51.467,0.2931,0.2136,1.22,ALERT
51.5,0.3094,0.2056,-2.16,ALERT
51.533,0.338,0.0928,1.56,ALERT
51.567,0.3323,0.1038,-0.18,ALERT
51.6,0.2821,0.0935,1.22,ALERT
51.633,0.3337,0.2178,3.44,ALERT
51.667,0.2829,0.1693,-1.79,ALERT
51.7,0.3239,0.129,-0.9,ALERT
51.733,0.2975,0.1955,-2.94,ALERT
51.767,0.3019,0.164,3.8,ALERT
51.8,0.3392,0.1365,-3.54,ALERT
51.833,0.3314,0.2194,-1.65,ALERT
51.867,0.3109,0.1505,-3.54,ALERT
51.9,0.3256,0.1947,1.09,ALERT
51.933,0.3118,0.0894,1.53,ALERT
51.967,0.3241,0.1929,-1.34,ALERT
52.0,0.2858,0.1836,-3.55,ALERT
52.033,0.2908,0.1027,0.33,ALERT
52.067,0.3248,0.0842,0.18,ALERT
52.1,0.1417,0.1443,-0.63,ALERT
52.133,0.3359,0.1457,-3.7,ALERT
52.167,0.3017,0.1053,-3.3,ALERT
52.2,0.3345,0.218,0.14,ALERT
52.233,0.2892,0.1702,1.38,ALERT
52.267,0.283,0.1312,2.26,ALERT
52.3,0.3138,0.1301,-0.5,ALERT
52.333,0.3119,0.1331,1.54,ALERT
52.367,0.3212,0.1951,-1.48,ALERT
52.4,0.3218,0.18,0.49,ALERT
52.433,0.2842,0.2169,-1.62,ALERT
52.467,0.3265,0.1707,-3.78,ALERT
52.5,0.3373,0.1348,2.67,ALERT
52.533,0.3133,0.1425,-0.99,ALERT
52.567,0.3083,0.0983,-1.82,ALERT
52.6,0.3013,0.1134,-0.6,ALERT
52.633,0.3012,0.164,-0.19,ALERT
52.667,0.3198,0.1897,0.81,ALERT
52.7,0.3233,0.1744,0.21,ALERT
52.733,0.2899,0.0872,3.64,ALERT
52.767,0.3095,0.0805,0.25,ALERT
52.8,0.2881,0.1041,-0.23,ALERT
52.833,0.2869,0.168,-3.67,ALERT
52.867,0.3062,0.111,-0.86,ALERT
52.9,0.3122,0.1079,-1.46,ALERT
52.933,0.3071,0.1586,2.89,ALERT
52.967,0.3173,0.1923,2.22,ALERT
53.0,0.2865,0.15,-2.13,ALERT
53.033,0.3123,0.1268,2.64,ALERT
53.067,0.334,0.1112,-1.04,ALERT
53.1,0.3188,0.2034,-1.15,ALERT
53.133,0.3122,0.0952,2.5,ALERT
53.167,0.3238,0.1311,1.85,ALERT
53.2,0.2907,0.1383,0.21,ALERT
53.233,0.3115,0.1343,2.0,ALERT
53.267,0.3223,0.1248,0.26,ALERT
53.3,0.2895,0.1393,-1.72,ALERT
53.333,0.3267,0.1062,2.97,ALERT
53.367,0.2969,0.1018,-3.77,ALERT
53.4,0.3128,0.2046,-1.37,ALERT
53.433,0.287,0.1799,-1.32,ALERT
53.467,0.3073,0.1521,-1.64,ALERT
53.5,0.3347,0.1278,1.15,ALERT
53.533,0.2941,0.1946,-0.37,ALERT
53.567,0.3353,0.22,-2.18,ALERT
53.6,0.3005,0.1634,-3.47,ALERT
53.633,0.2917,0.0947,-0.43,ALERT
53.667,0.2846,0.1207,-2.24,ALERT
53.7,0.3259,0.1309,2.68,ALERT
53.733,0.3122,0.1797,0.87,ALERT
53.767,0.3295,0.1762,-1.19,ALERT
53.8,0.3357,0.0971,-1.4,ALERT
53.833,0.3125,0.176,-1.65,ALERT
53.867,0.3124,0.1892,0.0,ALERT
53.9,0.3306,0.0809,-2.48,ALERT
53.933,0.3386,0.1748,1.53,ALERT
53.967,0.3278,0.1714,0.56,ALERT
54.0,0.2812,0.2071,-1.1,ALERT
54.033,0.3251,0.1548,3.82,ALERT
54.067,0.3024,0.1926,3.44,ALERT
54.1,0.3296,0.0861,2.83,ALERT
54.133,0.3336,0.1924,1.82,ALERT
54.167,0.324,0.0974,-0.76,ALERT
54.2,0.3238,0.081,3.79,ALERT
54.233,0.3008,0.0881,-2.12,ALERT
54.267,0.2814,0.1694,2.36,ALERT
54.3,0.1694,0.0817,-2.73,ALERT
54.333,0.329,0.0877,3.15,ALERT
54.367,0.3194,0.1869,1.6,ALERT
54.4,0.32,0.1095,0.87,ALERT
54.433,0.287,0.0932,2.71,ALERT
54.467,0.3355,0.1089,-1.52,ALERT
54.5,0.3093,0.1294,0.4,ALERT
54.533,0.289,0.178,1.33,ALERT
54.567,0.3267,0.1777,-2.11,ALERT
54.6,0.2993,0.1187,-2.17,ALERT
54.633,0.3029,0.1181,-2.75,ALERT
54.667,0.3278,0.2034,1.05,ALERT
54.7,0.3159,0.1828,3.91,ALERT
54.733,0.3287,0.212,3.63,ALERT
54.767,0.2954,0.1234,-0.34,ALERT
54.8,0.2915,0.1608,-2.94,ALERT
54.833,0.3196,0.1992,-2.6,ALERT
54.867,0.2901,0.1072,-3.83,ALERT
54.9,0.2814,0.1597,2.39,ALERT
54.933,0.3079,0.0898,-2.68,ALERT
54.967,0.329,0.0871,3.51,ALERT
55.0,0.3173,0.1975,-1.27,ALERT
55.033,0.2968,0.0919,-1.31,ALERT
55.067,0.3125,0.1686,-1.76,ALERT
55.1,0.3289,0.132,1.68,ALERT
55.133,0.3366,0.1941,-1.39,ALERT
55.167,0.3202,0.2055,1.28,ALERT
55.2,0.3259,0.1132,0.5,ALERT
55.233,0.3123,0.169,3.06,ALERT
55.267,0.3288,0.1306,-2.14,ALERT
55.3,0.3307,0.1953,-2.77,ALERT
55.333,0.327,0.1097,3.95,ALERT
55.367,0.3316,0.101,0.53,ALERT
55.4,0.1708,0.0851,2.53,ALERT
55.433,0.333,0.1116,-1.05,ALERT
55.467,0.294,0.1203,-0.9,ALERT
55.5,0.3329,0.2061,-1.71,ALERT
55.533,0.3373,0.1853,1.54,ALERT
55.567,0.3243,0.2008,-2.87,ALERT
55.6,0.3186,0.1499,3.02,ALERT
55.633,0.3148,0.1636,-0.54,ALERT
55.667,0.3078,0.1312,0.47,ALERT
55.7,0.3254,0.1023,3.98,ALERT
55.733,0.2961,0.1332,-1.42,ALERT
55.767,0.3035,0.1983,2.76,ALERT
55.8,0.3359,0.1407,3.8,ALERT
55.833,0.3334,0.1718,1.32,ALERT
55.867,0.3367,0.1818,3.38,ALERT
55.9,0.3204,0.1508,1.32,ALERT
55.933,0.3296,0.1664,3.31,ALERT
55.967,0.3234,0.1979,-0.49,ALERT
56.0,0.294,0.1782,-1.58,ALERT
56.033,0.2824,0.0863,-3.05,ALERT
56.067,0.2831,0.19,0.11,ALERT
56.1,0.3124,0.11,1.11,ALERT
56.133,0.3211,0.1558,0.22,ALERT
56.167,0.301,0.1453,3.54,ALERT
56.2,0.3236,0.0976,2.82,ALERT
56.233,0.3317,0.1307,0.18,ALERT
56.267,0.3369,0.1246,2.56,ALERT
56.3,0.3069,0.2165,-2.68,ALERT
56.333,0.2832,0.2164,2.06,ALERT
56.367,0.3084,0.1227,0.72,ALERT
56.4,0.3213,0.1942,0.62,ALERT
56.433,0.3072,0.1633,3.27,ALERT
56.467,0.323,0.1091,-0.52,ALERT
56.5,0.2805,0.1979,2.99,ALERT
56.533,0.3308,0.1283,-1.0,ALERT
56.567,0.3334,0.132,3.27,ALERT
56.6,0.3323,0.1969,-2.39,ALERT
56.633,0.298,0.0945,-0.2,ALERT
56.667,0.3365,0.1768,2.55,ALERT
56.7,0.3272,0.0842,1.43,ALERT
56.733,0.3371,0.1819,-1.38,ALERT
56.767,0.3324,0.1493,-0.26,ALERT
56.8,0.3011,0.1864,1.64,ALERT
56.833,0.3194,0.1882,1.71,ALERT
56.867,0.3389,0.1527,-3.9,ALERT
56.9,0.3366,0.1935,-1.76,ALERT
56.933,0.2815,0.1823,2.35,ALERT
56.967,0.303,0.1616,1.32,ALERT
57.0,0.3145,0.1267,2.27,ALERT
57.033,0.3337,0.1447,2.13,ALERT
57.067,0.3048,0.0977,-1.37,ALERT
57.1,0.3101,0.1484,3.88,ALERT
57.133,0.3032,0.1091,-1.45,ALERT
57.167,0.2979,0.1117,1.57,ALERT
57.2,0.2862,0.1197,1.54,ALERT
57.233,0.2873,0.1179,2.03,ALERT
57.267,0.3228,0.1817,-2.67,ALERT
57.3,0.3038,0.1078,2.16,ALERT
57.333,0.3117,0.1957,-3.62,ALERT
57.367,0.2969,0.1583,2.34,ALERT
57.4,0.3143,0.1479,-0.77,ALERT
57.433,0.2861,0.2025,-1.41,ALERT
57.467,0.331,0.1657,0.35,ALERT
57.5,0.3249,0.1429,-2.01,ALERT
57.533,0.2855,0.0969,0.12,ALERT
57.567,0.3051,0.1312,3.51,ALERT
57.6,0.3251,0.12,3.72,ALERT
57.633,0.3132,0.2047,-0.24,ALERT
57.667,0.3278,0.1664,-3.52,ALERT
57.7,0.282,0.1954,1.31,ALERT
57.733,0.3394,0.1064,-1.42,ALERT
57.767,0.3185,0.1901,-3.89,ALERT
57.8,0.2981,0.1125,3.6,ALERT
57.833,0.3375,0.1825,-2.61,ALERT
57.867,0.3076,0.1002,-2.07,ALERT
57.9,0.3387,0.2046,2.62,ALERT
57.933,0.3098,0.1669,-1.76,ALERT
57.967,0.2874,0.2029,-0.54,ALERT
58.0,0.2815,0.1032,3.6,ALERT
58.033,0.2809,0.1143,-0.49,ALERT
58.067,0.3033,0.1198,3.22,ALERT
58.1,0.2835,0.1769,2.16,ALERT
58.133,0.3115,0.0895,-2.76,ALERT
58.167,0.3302,0.1566,3.95,ALERT
58.2,0.3378,0.1623,-2.65,ALERT
58.233,0.3127,0.1716,-2.09,ALERT
58.267,0.2907,0.1172,-3.6,ALERT
58.3,0.2819,0.186,-1.82,ALERT
58.333,0.3091,0.1841,2.09,ALERT
58.367,0.3235,0.1286,0.01,ALERT
58.4,0.3023,0.1342,0.26,ALERT
58.433,0.2838,0.1145,1.05,ALERT
58.467,0.3061,0.1106,1.0,ALERT
58.5,0.3289,0.2058,-3.37,ALERT
58.533,0.2984,0.0916,3.41,ALERT
58.567,0.2999,0.1779,1.32,ALERT
58.6,0.3208,0.1241,0.37,ALERT
58.633,0.316,0.1373,2.17,ALERT
58.667,0.319,0.2074,-0.34,ALERT
58.7,0.2942,0.1025,2.81,ALERT
58.733,0.3203,0.174,2.94,ALERT
58.767,0.2947,0.1236,-0.8,ALERT
58.8,0.2849,0.1844,-1.02,ALERT
58.833,0.3137,0.086,1.26,ALERT
58.867,0.2924,0.0877,-2.76,ALERT
58.9,0.2846,0.2013,-3.54,ALERT
58.933,0.3374,0.0916,2.15,ALERT
58.967,0.2859,0.1782,-1.6,ALERT
59.0,0.166,0.1157,0.36,ALERT
59.033,0.328,0.0815,0.49,ALERT
59.067,0.2838,0.147,0.76,ALERT
59.1,0.322,0.2129,1.96,ALERT
59.133,0.3128,0.1825,3.81,ALERT
59.167,0.3129,0.1691,1.64,ALERT
59.2,0.2917,0.1548,-0.59,ALERT
59.233,0.2991,0.0954,-0.25,ALERT
59.267,0.3397,0.1889,0.14,ALERT
59.3,0.3179,0.2017,-3.28,ALERT
59.333,0.2844,0.0952,-2.74,ALERT
59.367,0.2928,0.1885,-3.16,ALERT
59.4,0.3233,0.112,-3.51,ALERT
59.433,0.3387,0.1399,-3.43,ALERT
59.467,0.2967,0.219,1.5,ALERT
59.5,0.2938,0.178,-2.89,ALERT
59.533,0.2875,0.1986,-3.15,ALERT
59.567,0.3315,0.1549,-2.94,ALERT
59.6,0.3214,0.2113,2.12,ALERT
59.633,0.2938,0.1574,1.43,ALERT
59.667,0.3381,0.1953,-0.19,ALERT
59.7,0.3285,0.1896,-0.98,ALERT
59.733,0.3113,0.0981,-2.62,ALERT
59.767,0.3269,0.1267,-0.53,ALERT
59.8,0.3174,0.1585,1.83,ALERT
59.833,0.2883,0.1788,-1.83,ALERT
59.867,0.3024,0.1847,-2.17,ALERT
59.9,0.3035,0.1193,-0.92,ALERT
59.933,0.2894,0.1631,-0.82,ALERT
59.967,0.2934,0.0937,0.2,ALERT
60.0,0.3072,0.0918,0.42,ALERT
60.033,0.2993,0.1312,-2.04,ALERT
60.067,0.3241,0.1066,-2.07,ALERT
60.1,0.3189,0.1387,1.11,ALERT
60.133,0.2809,0.1656,1.94,ALERT
60.167,0.3383,0.1803,-0.26,ALERT
60.2,0.2956,0.1348,1.85,ALERT
60.233,0.2923,0.131,1.41,ALERT
60.267,0.2875,0.0881,2.86,ALERT
60.3,0.2865,0.1073,-3.26,ALERT
60.333,0.3291,0.1849,-2.84,ALERT
60.367,0.2863,0.1867,-3.0,ALERT
60.4,0.3227,0.1763,3.08,ALERT
60.433,0.339,0.1066,-2.85,ALERT
60.467,0.2868,0.1799,1.75,ALERT
60.5,0.3012,0.0933,0.74,ALERT
60.533,0.3133,0.1578,3.74,ALERT
60.567,0.3223,0.0978,-3.73,ALERT
60.6,0.3223,0.1635,3.45,ALERT
60.633,0.3137,0.121,1.64,ALERT
60.667,0.1456,0.1206,-2.3,ALERT
60.7,0.3008,0.1291,3.64,ALERT
60.733,0.3367,0.1999,-0.68,ALERT
60.767,0.3197,0.1262,2.16,ALERT
60.8,0.3244,0.1434,1.89,ALERT
60.833,0.2902,0.1995,-0.62,ALERT
60.867,0.3051,0.1083,-0.64,ALERT
60.9,0.1535,0.0856,-2.84,ALERT
60.933,0.3324,0.0932,0.05,ALERT
60.967,0.3124,0.1849,-0.83,ALERT
61.0,0.3112,0.1064,-3.22,ALERT
61.033,0.3043,0.2045,0.69,ALERT
61.067,0.336,0.1496,2.32,ALERT
61.1,0.3195,0.1502,2.9,ALERT
61.133,0.3089,0.1913,-0.41,ALERT
61.167,0.284,0.1996,2.68,ALERT
61.2,0.3246,0.1369,-3.09,ALERT
61.233,0.3022,0.148,-0.58,ALERT
61.267,0.2991,0.1855,-3.36,ALERT
61.3,0.3103,0.1012,2.0,ALERT
61.333,0.2963,0.1948,0.3,ALERT
61.367,0.3232,0.146,-1.35,ALERT
61.4,0.2951,0.2146,3.93,ALERT
61.433,0.3002,0.1674,2.77,ALERT
61.467,0.3211,0.2061,1.21,ALERT
61.5,0.3275,0.1629,-4.0,ALERT
61.533,0.3109,0.0898,1.27,ALERT
61.567,0.2907,0.1131,-3.38,ALERT
61.6,0.2998,0.1869,0.42,ALERT
61.633,0.2857,0.1524,1.06,ALERT
61.667,0.286,0.203,1.89,ALERT
61.7,0.3052,0.11,3.58,ALERT
61.733,0.3352,0.1142,-1.14,ALERT
61.767,0.3336,0.1273,3.73,ALERT
61.8,0.3144,0.1187,-1.55,ALERT
61.833,0.3182,0.1745,-3.77,ALERT
61.867,0.2877,0.091,0.87,ALERT
61.9,0.2913,0.205,-0.27,ALERT
61.933,0.3352,0.1808,-2.38,ALERT
61.967,0.2987,0.1389,0.13,ALERT
62.0,0.2816,0.1395,3.84,ALERT
62.033,0.329,0.1824,-0.24,ALERT
62.067,0.3254,0.1398,2.27,ALERT
62.1,0.3087,0.1461,0.45,ALERT
62.133,0.3111,0.1013,1.42,ALERT
62.167,0.3264,0.177,-0.68,ALERT
62.2,0.3196,0.1089,2.35,ALERT
62.233,0.3226,0.087,-1.21,ALERT
62.267,0.3012,0.1509,2.91,ALERT
62.3,0.2924,0.1345,-1.86,ALERT
62.333,0.2801,0.0814,-2.23,ALERT
62.367,0.3367,0.1569,1.35,ALERT
62.4,0.3106,0.126,0.38,ALERT
62.433,0.3038,0.1179,-2.89,ALERT
62.467,0.3312,0.2076,-0.33,ALERT
62.5,0.3182,0.1852,3.13,ALERT
62.533,0.306,0.1194,-0.18,ALERT
62.567,0.2895,0.1153,-2.06,ALERT
62.6,0.3396,0.1312,0.01,ALERT
62.633,0.2897,0.2177,3.67,ALERT
62.667,0.3016,0.188,-0.44,ALERT
62.7,0.3114,0.145,0.92,ALERT
62.733,0.3101,0.2134,0.99,ALERT
62.767,0.3057,0.1916,1.26,ALERT
62.8,0.3042,0.108,0.83,ALERT
62.833,0.2961,0.2089,-2.1,ALERT
62.867,0.3265,0.1341,-3.34,ALERT
62.9,0.337,0.0943,-1.97,ALERT
62.933,0.3084,0.1357,3.34,ALERT
62.967,0.1422,0.0877,2.6,ALERT
63.0,0.2874,0.1707,-2.83,ALERT
63.033,0.3319,0.1487,-0.92,ALERT
63.067,0.3342,0.1672,-1.1,ALERT
63.1,0.2931,0.1297,-0.7,ALERT
63.133,0.3282,0.1206,-1.07,ALERT
63.167,0.2993,0.1637,-1.64,ALERT
63.2,0.2873,0.1994,-2.98,ALERT
63.233,0.3386,0.1626,0.41,ALERT
63.267,0.3232,0.1013,-0.48,ALERT
63.3,0.3026,0.0973,1.02,ALERT
63.333,0.2947,0.1728,-0.91,ALERT
63.367,0.281,0.1577,-2.51,ALERT
63.4,0.3104,0.0865,1.46,ALERT
63.433,0.3233,0.1871,1.7,ALERT
63.467,0.3133,0.138,0.42,ALERT
63.5,0.2821,0.1718,2.95,ALERT
63.533,0.2838,0.0907,-1.75,ALERT
63.567,0.3068,0.1404,-2.11,ALERT
63.6,0.3387,0.101,-2.53,ALERT
63.633,0.2853,0.1849,0.73,ALERT
63.667,0.2903,0.1963,1.05,ALERT
63.7,0.295,0.1706,-3.33,ALERT
63.733,0.3258,0.1794,3.31,ALERT
63.767,0.2951,0.1699,-2.26,ALERT
63.8,0.3176,0.144,0.02,ALERT
63.833,0.2842,0.1632,-1.31,ALERT
63.867,0.3242,0.1209,-0.14,ALERT
63.9,0.2816,0.1085,-1.82,ALERT
63.933,0.2982,0.111,2.48,ALERT
63.967,0.3106,0.1161,3.16,ALERT
64.0,0.3143,0.1294,1.46,ALERT
64.033,0.325,0.2045,3.34,ALERT
64.067,0.2923,0.1911,0.13,ALERT
64.1,0.3295,0.109,1.47,ALERT
64.133,0.3222,0.1329,-3.98,ALERT
64.167,0.328,0.174,3.16,ALERT
64.2,0.3284,0.1317,-0.68,ALERT
64.233,0.3362,0.1489,-2.34,ALERT
64.267,0.3133,0.1611,-3.28,ALERT
64.3,0.3004,0.1252,3.46,ALERT
64.333,0.3131,0.2145,-1.15,ALERT
64.367,0.3267,0.085,-2.95,ALERT
64.4,0.3325,0.1535,0.6,ALERT
64.433,0.3229,0.2072,1.86,ALERT
64.467,0.3159,0.1768,-1.35,ALERT
64.5,0.3387,0.1442,-0.64,ALERT
64.533,0.3093,0.1802,-2.69,ALERT
64.567,0.3013,0.2133,-2.35,ALERT
64.6,0.3211,0.1199,1.13,ALERT
64.633,0.3063,0.1631,-2.29,ALERT
64.667,0.2949,0.1426,1.28,ALERT
64.7,0.3149,0.0988,-2.97,ALERT
64.733,0.3061,0.1296,-2.8,ALERT
64.767,0.3109,0.2184,3.43,ALERT
64.8,0.2924,0.202,1.71,ALERT
64.833,0.3184,0.1143,2.04,ALERT
64.867,0.2945,0.2041,-2.75,ALERT
64.9,0.3311,0.091,-3.66,ALERT
64.933,0.3156,0.1627,-1.11,ALERT
64.967,0.282,0.0919,1.53,ALERT
65.0,0.3159,0.1669,2.53,ALERT
65.033,0.3056,0.1866,-3.93,ALERT
65.067,0.289,0.0929,0.56,ALERT
65.1,0.306,0.119,-0.19,ALERT
65.133,0.3256,0.1435,2.37,ALERT
65.167,0.2872,0.1441,-3.35,ALERT
65.2,0.3269,0.1175,0.97,ALERT
65.233,0.3383,0.1836,-2.31,ALERT
65.267,0.2989,0.1383,-2.31,ALERT
65.3,0.3204,0.1313,-0.18,ALERT
65.333,0.2962,0.189,0.45,ALERT
65.367,0.3144,0.1718,3.97,ALERT
65.4,0.3175,0.1186,-3.49,ALERT
65.433,0.2886,0.1814,0.53,ALERT
65.467,0.2828,0.1829,-0.45,ALERT
65.5,0.1545,0.2054,-2.37,ALERT
65.533,0.2901,0.1201,-2.4,ALERT
65.567,0.2898,0.1945,2.18,ALERT
65.6,0.2846,0.1276,2.92,ALERT
65.633,0.1266,0.2085,3.89,ALERT
65.667,0.291,0.1724,-0.95,ALERT
65.7,0.3045,0.0952,-0.42,ALERT
65.733,0.3137,0.2027,-2.3,ALERT
65.767,0.3244,0.1589,-1.85,ALERT
65.8,0.283,0.1095,2.41,ALERT
65.833,0.2977,0.1935,-2.11,ALERT
65.867,0.3244,0.1291,-1.41,ALERT
65.9,0.2808,0.2074,-3.43,ALERT
65.933,0.2856,0.1253,0.96,ALERT
65.967,0.2861,0.2137,2.69,ALERT
66.0,0.3201,0.1134,-2.47,ALERT
66.033,0.3061,0.1427,-2.9,ALERT
66.067,0.3097,0.1317,-3.91,ALERT
66.1,0.2977,0.0952,3.87,ALERT
66.133,0.3083,0.1816,0.78,ALERT
66.167,0.2956,0.1432,-1.77,ALERT
66.2,0.2827,0.1639,-3.26,ALERT
66.233,0.2814,0.1324,3.45,ALERT
66.267,0.2896,0.0891,-1.68,ALERT
66.3,0.2935,0.1326,-3.69,ALERT
66.333,0.2813,0.1733,-3.17,ALERT
66.367,0.2932,0.1435,-1.81,ALERT
66.4,0.2897,0.1278,0.18,ALERT
66.433,0.2815,0.175,-0.51,ALERT
66.467,0.3313,0.138,1.1,ALERT
66.5,0.291,0.1711,-3.48,ALERT
66.533,0.3105,0.162,-2.34,ALERT
66.567,0.3113,0.1969,3.69,ALERT
66.6,0.297,0.1395,1.95,ALERT
66.633,0.3064,0.194,-1.18,ALERT
66.667,0.3186,0.0808,-0.34,ALERT
66.7,0.2994,0.1614,-1.8,ALERT
66.733,0.3114,0.1777,-0.07,ALERT
66.767,0.2833,0.2198,0.26,ALERT
66.8,0.3223,0.0939,1.7,ALERT
66.833,0.2869,0.1479,0.71,ALERT
66.867,0.3064,0.1756,-1.19,ALERT
66.9,0.3089,0.1793,-0.51,ALERT
66.933,0.3101,0.1003,1.02,ALERT
66.967,0.3301,0.1397,-0.04,ALERT
67.0,0.2941,0.1298,-0.66,ALERT
67.033,0.2848,0.0845,-0.38,ALERT
67.067,0.307,0.1434,3.39,ALERT
67.1,0.3309,0.1655,-2.77,ALERT
67.133,0.3388,0.1824,1.31,ALERT
67.167,0.2865,0.1948,3.49,ALERT
67.2,0.3084,0.217,0.54,ALERT
67.233,0.323,0.2194,-1.93,ALERT
67.267,0.3283,0.2033,-1.6,ALERT
67.3,0.3005,0.1074,2.88,ALERT
67.333,0.3329,0.1729,2.28,ALERT
67.367,0.3228,0.2156,3.88,ALERT
67.4,0.3316,0.1058,2.0,ALERT
67.433,0.3078,0.1199,3.75,ALERT
67.467,0.3025,0.0931,-0.11,ALERT
67.5,0.2919,0.0982,-1.11,ALERT
67.533,0.3142,0.1657,-0.53,ALERT
67.567,0.2954,0.1465,1.69,ALERT
67.6,0.3376,0.1775,0.93,ALERT
67.633,0.3256,0.0947,-1.39,ALERT
67.667,0.2853,0.0809,2.72,ALERT
67.7,0.3166,0.215,2.55,ALERT
67.733,0.3168,0.2085,-3.85,ALERT
67.767,0.3349,0.1661,-2.09,ALERT
67.8,0.3298,0.0858,2.39,ALERT
67.833,0.3206,0.1425,-0.94,ALERT
67.867,0.3317,0.1006,2.15,ALERT
67.9,0.2875,0.1791,2.93,ALERT
67.933,0.3188,0.2012,-0.39,ALERT
67.967,0.312,0.1528,-3.81,ALERT
68.0,0.3045,0.0821,-3.07,ALERT
68.033,0.2891,0.1566,3.64,ALERT
68.067,0.3325,0.2194,1.95,ALERT
68.1,0.3303,0.159,-0.38,ALERT
68.133,0.1565,0.1539,1.89,ALERT
68.167,0.3363,0.1932,-1.42,ALERT
68.2,0.3113,0.1197,-3.84,ALERT
68.233,0.3027,0.1076,-2.47,ALERT
68.267,0.3008,0.1475,3.19,ALERT
68.3,0.3175,0.194,3.98,ALERT
68.333,0.3299,0.1678,0.02,ALERT
68.367,0.2976,0.1337,-0.8,ALERT
68.4,0.3097,0.2081,0.27,ALERT
68.433,0.3294,0.1401,-0.24,ALERT
68.467,0.299,0.1772,-0.72,ALERT
68.5,0.3351,0.0937,-3.28,ALERT
68.533,0.3247,0.1401,0.01,ALERT
68.567,0.3042,0.1728,-1.46,ALERT
68.6,0.3224,0.1827,-0.72,ALERT
68.633,0.306,0.1815,-3.3,ALERT
68.667,0.3041,0.1453,2.69,ALERT
68.7,0.3381,0.2035,-3.28,ALERT
68.733,0.3192,0.1314,0.12,ALERT
68.767,0.3133,0.1522,-1.4,ALERT
68.8,0.3078,0.119,0.64,ALERT
68.833,0.2853,0.1892,-1.02,ALERT
68.867,0.2804,0.2014,-0.4,ALERT
68.9,0.3067,0.1778,-1.65,ALERT
68.933,0.3264,0.1607,2.94,ALERT
68.967,0.3345,0.1957,1.56,ALERT
69.0,0.3035,0.1607,1.68,ALERT
69.033,0.2973,0.1303,-2.7,ALERT
69.067,0.2807,0.1622,-1.32,ALERT
69.1,0.3139,0.1601,-3.53,ALERT
69.133,0.337,0.2076,-2.46,ALERT
69.167,0.3265,0.2138,2.92,ALERT
69.2,0.3336,0.171,-1.08,ALERT
69.233,0.3244,0.1551,0.23,ALERT
69.267,0.304,0.1179,0.73,ALERT
69.3,0.3148,0.1443,-3.2,ALERT
69.333,0.316,0.2053,-3.59,ALERT
69.367,0.3069,0.1267,1.53,ALERT
69.4,0.3365,0.1002,-2.12,ALERT
69.433,0.3271,0.1944,-1.25,ALERT
69.467,0.2808,0.1448,-3.72,ALERT
69.5,0.3252,0.1812,-2.09,ALERT
69.533,0.3063,0.1522,-0.38,ALERT
69.567,0.3114,0.0931,0.17,ALERT
69.6,0.2916,0.1265,-3.85,ALERT
69.633,0.3216,0.1289,0.73,ALERT
69.667,0.2908,0.1983,1.89,ALERT
69.7,0.2922,0.0999,-1.07,ALERT
69.733,0.3166,0.0892,-1.06,ALERT
69.767,0.3276,0.13,1.03,ALERT
69.8,0.2816,0.1097,-0.26,ALERT
69.833,0.3384,0.1527,0.22,ALERT
69.867,0.2893,0.1971,-3.2,ALERT
69.9,0.3196,0.1843,-2.37,ALERT
69.933,0.3021,0.1604,1.18,ALERT
69.967,0.3073,0.1487,3.49,ALERT
70.0,0.2976,0.0897,1.01,ALERT
70.033,0.3175,0.1631,-0.73,ALERT
70.067,0.3214,0.2077,-2.36,ALERT
70.1,0.2906,0.2089,-3.82,ALERT
70.133,0.316,0.2182,0.36,ALERT
70.167,0.2916,0.1749,0.68,ALERT
70.2,0.2913,0.1851,1.58,ALERT
70.233,0.3114,0.2116,2.76,ALERT
70.267,0.3257,0.1302,-0.04,ALERT
70.3,0.3278,0.0909,-2.09,ALERT
70.333,0.339,0.1976,-3.5,ALERT
70.367,0.3158,0.1724,3.63,ALERT
70.4,0.3026,0.1609,-2.64,ALERT
70.433,0.334,0.0876,-0.14,ALERT
70.467,0.3152,0.146,2.92,ALERT
70.5,0.2902,0.1063,-1.2,ALERT
70.533,0.332,0.0881,2.76,ALERT
70.567,0.2846,0.19,0.78,ALERT
70.6,0.2943,0.1395,3.49,ALERT
70.633,0.3325,0.1914,1.5,ALERT
70.667,0.2945,0.1699,-0.34,ALERT
70.7,0.3079,0.1216,2.56,ALERT
70.733,0.2983,0.1218,0.36,ALERT
70.767,0.2832,0.2003,0.47,ALERT
70.8,0.3143,0.1344,-1.47,ALERT
70.833,0.3145,0.1643,-1.99,ALERT
70.867,0.3018,0.1287,1.23,ALERT
70.9,0.2823,0.1319,-3.82,ALERT
70.933,0.3247,0.1277,-1.13,ALERT
70.967,0.3252,0.1921,1.13,ALERT
71.0,0.3284,0.1019,3.4,ALERT
71.033,0.2957,0.1821,1.17,ALERT
71.067,0.3276,0.1336,-1.41,ALERT
71.1,0.3238,0.0953,3.24,ALERT
71.133,0.3247,0.1999,0.32,ALERT
71.167,0.2807,0.1688,-2.9,ALERT
71.2,0.3283,0.1559,-2.58,ALERT
71.233,0.2948,0.1007,0.41,ALERT
71.267,0.3245,0.1914,2.5,ALERT
71.3,0.3099,0.1191,-0.71,ALERT
71.333,0.3057,0.1083,-1.53,ALERT
71.367,0.3361,0.0905,-2.13,ALERT
71.4,0.3323,0.1749,-3.4,ALERT
71.433,0.3006,0.0963,-3.24,ALERT
71.467,0.3252,0.1955,1.65,ALERT
71.5,0.3316,0.2089,2.09,ALERT
71.533,0.2976,0.1106,-3.01,ALERT
71.567,0.2815,0.1077,-0.13,ALERT
71.6,0.293,0.1787,-2.35,ALERT
71.633,0.3334,0.1255,-0.51,ALERT
71.667,0.3075,0.1267,-1.07,ALERT
71.7,0.2828,0.1555,3.96,ALERT
71.733,0.299,0.1558,-3.86,ALERT
71.767,0.3273,0.1561,-1.02,ALERT
71.8,0.2962,0.1989,0.98,ALERT
71.833,0.3026,0.0875,1.32,ALERT
71.867,0.2965,0.2087,-0.68,ALERT
71.9,0.1595,0.1583,-3.72,ALERT
71.933,0.2977,0.1257,-1.13,ALERT
71.967,0.3322,0.1214,-1.64,ALERT
72.0,0.3066,0.1215,-2.7,ALERT
72.033,0.2887,0.122,-2.9,ALERT
72.067,0.2917,0.1503,3.15,ALERT
72.1,0.1551,0.1562,2.43,ALERT
72.133,0.2968,0.1017,0.48,ALERT
72.167,0.3266,0.1104,3.07,ALERT
72.2,0.1754,0.1155,-3.3,ALERT
72.233,0.3295,0.1701,3.01,ALERT
72.267,0.3131,0.2087,-0.18,ALERT
72.3,0.337,0.0969,3.6,ALERT
72.333,0.3096,0.2172,3.75,ALERT
72.367,0.3156,0.1792,0.28,ALERT
72.4,0.3204,0.1596,-0.54,ALERT
72.433,0.2975,0.2109,-3.44,ALERT
72.467,0.3233,0.1496,0.17,ALERT
72.5,0.129,0.0807,2.04,ALERT
72.533,0.1361,0.1696,-1.52,ALERT
72.567,0.3233,0.1705,0.54,ALERT
72.6,0.3338,0.0858,-1.01,ALERT
72.633,0.3061,0.1487,-3.08,ALERT
72.667,0.3072,0.0867,0.66,ALERT
72.7,0.3284,0.1468,2.32,ALERT
72.733,0.1427,0.1067,2.51,ALERT
72.767,0.2899,0.1884,-1.49,ALERT
72.8,0.3304,0.1163,-2.83,ALERT
72.833,0.2845,0.0979,-0.3,ALERT
72.867,0.3109,0.0878,1.24,ALERT
72.9,0.3244,0.1021,1.03,ALERT
72.933,0.3032,0.1813,-0.78,ALERT
72.967,0.3288,0.2032,-3.23,ALERT
73.0,0.3155,0.1542,3.23,ALERT
73.033,0.3334,0.175,1.16,ALERT
73.067,0.3122,0.1327,1.69,ALERT
73.1,0.336,0.133,0.7,ALERT
73.133,0.3011,0.0943,1.32,ALERT
73.167,0.2806,0.1651,0.05,ALERT
73.2,0.3052,0.2091,3.15,ALERT
73.233,0.3261,0.1696,-3.65,ALERT
73.267,0.3117,0.0817,-0.46,ALERT
73.3,0.288,0.088,-2.88,ALERT
73.333,0.3253,0.1864,0.67,ALERT
73.367,0.2914,0.1779,0.23,ALERT
73.4,0.2804,0.1427,0.4,ALERT
73.433,0.3028,0.1052,1.91,ALERT
73.467,0.2915,0.1764,-3.47,ALERT
73.5,0.2844,0.1452,-2.93,ALERT
73.533,0.2967,0.1381,0.1,ALERT
73.567,0.325,0.083,0.53,ALERT
73.6,0.2857,0.1052,-1.76,ALERT
73.633,0.2941,0.1812,3.93,ALERT
73.667,0.2985,0.0823,1.08,ALERT
73.7,0.3345,0.1215,1.99,ALERT
73.733,0.3328,0.1721,1.05,ALERT
73.767,0.2981,0.1148,0.31,ALERT
73.8,0.3183,0.1484,0.75,ALERT
73.833,0.3047,0.1006,3.59,ALERT
73.867,0.3147,0.1799,0.26,ALERT
73.9,0.2928,0.219,-0.39,ALERT
73.933,0.3063,0.0983,-1.15,ALERT
73.967,0.284,0.1247,3.3,ALERT
74.0,0.3117,0.1746,3.94,ALERT
74.033,0.2859,0.1117,-1.22,ALERT
74.067,0.3355,0.1666,-1.82,ALERT
74.1,0.3008,0.0825,3.3,ALERT
74.133,0.2833,0.1315,-3.25,ALERT
74.167,0.3388,0.1284,3.9,ALERT
74.2,0.2969,0.0928,-1.91,ALERT
74.233,0.2999,0.108,1.28,ALERT
74.267,0.2897,0.1025,3.15,ALERT
74.3,0.3233,0.1354,-3.08,ALERT
74.333,0.3321,0.0838,-3.92,ALERT
74.367,0.1708,0.1617,2.89,ALERT
74.4,0.2993,0.1286,-3.18,ALERT
74.433,0.2868,0.1459,-3.8,ALERT
74.467,0.3372,0.1546,3.71,ALERT
74.5,0.327,0.1,-2.65,ALERT
74.533,0.3041,0.1408,-0.5,ALERT
74.567,0.288,0.1506,2.28,ALERT
74.6,0.2924,0.1637,0.83,ALERT
74.633,0.3039,0.0898,2.49,ALERT
74.667,0.3119,0.1289,0.86,ALERT
74.7,0.2934,0.1078,0.45,ALERT
74.733,0.2956,0.2049,-3.4,ALERT
74.767,0.2843,0.1441,-0.4,ALERT
74.8,0.2849,0.2087,3.83,ALERT
74.833,0.3013,0.1722,-0.21,ALERT
74.867,0.2802,0.1172,1.28,ALERT
74.9,0.2875,0.1926,-2.64,ALERT
74.933,0.3247,0.157,3.71,ALERT
74.967,0.3309,0.1787,3.96,ALERT
75.0,0.3387,0.1166,-2.41,ALERT
75.033,0.3032,0.2087,-2.77,ALERT
75.067,0.3115,0.1068,2.03,ALERT
75.1,0.2952,0.1796,-0.15,ALERT
75.133,0.3206,0.0931,3.82,ALERT
75.167,0.2926,0.1056,-2.58,ALERT
75.2,0.2826,0.1651,-1.33,ALERT
75.233,0.2817,0.2038,1.87,ALERT
75.267,0.3388,0.1257,-1.55,ALERT
75.3,0.2836,0.1815,-1.52,ALERT
75.333,0.335,0.1586,-3.31,ALERT
75.367,0.2987,0.0814,-0.23,ALERT
75.4,0.298,0.2165,-3.86,ALERT
75.433,0.3307,0.2073,3.73,ALERT
75.467,0.3051,0.1897,-3.5,ALERT
75.5,0.3326,0.2109,-3.96,ALERT
75.533,0.3212,0.1019,-1.72,ALERT
75.567,0.3042,0.1558,1.76,ALERT
75.6,0.2883,0.1514,-2.89,ALERT
75.633,0.3354,0.1225,-0.09,ALERT
75.667,0.2933,0.1981,1.97,ALERT
75.7,0.3276,0.1412,3.86,ALERT
75.733,0.2906,0.1809,2.86,ALERT
75.767,0.3266,0.1433,-3.92,ALERT
75.8,0.3092,0.1223,1.35,ALERT
75.833,0.3353,0.2074,0.88,ALERT
75.867,0.3386,0.1474,-0.04,ALERT
75.9,0.3397,0.1204,-2.85,ALERT
75.933,0.3325,0.1785,-2.53,ALERT
75.967,0.17,0.1252,1.36,ALERT
76.0,0.3142,0.0908,-2.01,ALERT
76.033,0.1492,0.1394,2.94,ALERT
76.067,0.2857,0.1241,0.03,ALERT
76.1,0.3112,0.2088,0.22,ALERT
76.133,0.3394,0.1058,-0.39,ALERT
76.167,0.315,0.1457,-3.19,ALERT
76.2,0.2923,0.2188,2.56,ALERT
76.233,0.2869,0.1408,4.0,ALERT
76.267,0.2944,0.1442,0.53,ALERT
76.3,0.3088,0.1724,-1.73,ALERT
76.333,0.306,0.1178,-0.36,ALERT
76.367,0.3218,0.1875,-0.3,ALERT
76.4,0.331,0.1104,0.38,ALERT
76.433,0.3002,0.1164,-1.35,ALERT
76.467,0.3352,0.2041,-3.9,ALERT
76.5,0.285,0.185,-1.4,ALERT
76.533,0.2816,0.1872,0.23,ALERT
76.567,0.3177,0.1115,-1.8,ALERT
76.6,0.2885,0.1066,3.39,ALERT
76.633,0.3101,0.1203,-0.92,ALERT
76.667,0.3151,0.2019,0.58,ALERT
76.7,0.3264,0.0823,1.59,ALERT
76.733,0.3158,0.0963,-1.11,ALERT
76.767,0.3199,0.1401,0.67,ALERT
76.8,0.1604,0.0869,-3.6,ALERT
76.833,0.3391,0.1774,-2.07,ALERT
76.867,0.3145,0.2003,-3.99,ALERT
76.9,0.1269,0.161,-2.94,ALERT
76.933,0.3087,0.1798,-1.29,ALERT
76.967,0.2909,0.1749,-2.78,ALERT
77.0,0.302,0.1341,3.09,ALERT
77.033,0.2852,0.1414,3.0,ALERT
77.067,0.3064,0.2075,1.09,ALERT
77.1,0.3061,0.2086,1.78,ALERT
77.133,0.29,0.089,-0.34,ALERT
77.167,0.3351,0.0802,-1.82,ALERT
77.2,0.2974,0.1132,-1.41,ALERT
77.233,0.2854,0.0974,-1.55,ALERT
77.267,0.3133,0.2048,-3.25,ALERT
77.3,0.2801,0.1175,2.76,ALERT
77.333,0.3144,0.1597,1.69,ALERT
77.367,0.2962,0.1815,1.31,ALERT
77.4,0.3195,0.2028,-1.56,ALERT
77.433,0.2812,0.1453,-1.31,ALERT
77.467,0.3145,0.1974,-1.88,ALERT
77.5,0.2863,0.1291,-2.55,ALERT
77.533,0.2999,0.1375,0.92,ALERT
77.567,0.3167,0.1332,1.83,ALERT
77.6,0.3113,0.127,2.93,ALERT
77.633,0.2817,0.1899,-1.26,ALERT
77.667,0.314,0.1959,-2.95,ALERT
77.7,0.2883,0.1021,1.74,ALERT
77.733,0.3131,0.1576,-0.17,ALERT
77.767,0.3297,0.1485,3.0,ALERT
77.8,0.2944,0.2006,1.86,ALERT
77.833,0.3161,0.2163,-1.23,ALERT
77.867,0.289,0.0996,1.05,ALERT
77.9,0.3077,0.1568,0.42,ALERT
77.933,0.3026,0.1279,2.28,ALERT
77.967,0.3252,0.1451,-1.5,ALERT
78.0,0.1608,0.2085,3.24,ALERT
78.033,0.2818,0.1144,-0.48,ALERT
78.067,0.3237,0.1754,1.44,ALERT
78.1,0.3367,0.1492,-1.81,ALERT
78.133,0.2963,0.1168,2.25,ALERT
78.167,0.3347,0.2069,-0.81,ALERT
78.2,0.3346,0.1374,1.78,ALERT
78.233,0.306,0.1727,-3.08,ALERT
78.267,0.3358,0.1005,3.87,ALERT
78.3,0.3289,0.1148,3.45,ALERT
78.333,0.3235,0.1495,-2.82,ALERT
78.367,0.3123,0.2027,-2.76,ALERT
78.4,0.3079,0.1746,1.31,ALERT
78.433,0.3152,0.2129,3.43,ALERT
78.467,0.3395,0.0946,1.95,ALERT
78.5,0.2843,0.1463,2.01,ALERT
78.533,0.3045,0.1401,2.24,ALERT
78.567,0.3106,0.1732,-1.61,ALERT
78.6,0.3254,0.122,1.79,ALERT
78.633,0.3014,0.1366,-2.93,ALERT
78.667,0.2811,0.0978,1.62,ALERT
78.7,0.308,0.202,-0.69,ALERT
78.733,0.2852,0.1403,-2.93,ALERT
78.767,0.3381,0.1523,0.21,ALERT
78.8,0.2924,0.1385,-1.11,ALERT
78.833,0.3282,0.2135,1.06,ALERT
78.867,0.2922,0.0988,-2.79,ALERT
78.9,0.1685,0.1316,-3.94,ALERT
78.933,0.2957,0.1617,-3.19,ALERT
78.967,0.2928,0.1649,0.72,ALERT
79.0,0.289,0.1826,1.85,ALERT
79.033,0.2944,0.1832,3.06,ALERT
79.067,0.3004,0.1574,-0.97,ALERT
79.1,0.281,0.1956,3.53,ALERT
79.133,0.3263,0.0916,2.8,ALERT
79.167,0.2817,0.133,2.15,ALERT
79.2,0.3263,0.1666,-3.71,ALERT
79.233,0.1446,0.1052,1.84,ALERT
79.267,0.2848,0.0858,0.3,ALERT
79.3,0.3055,0.1337,-2.69,ALERT
79.333,0.3151,0.2,0.58,ALERT
79.367,0.3119,0.1927,-0.39,ALERT
79.4,0.3375,0.1469,-2.94,ALERT
79.433,0.2919,0.1635,-1.16,ALERT
79.467,0.3112,0.1982,1.47,ALERT
79.5,0.3165,0.1707,0.97,ALERT
79.533,0.2922,0.0854,2.17,ALERT
79.567,0.314,0.1328,0.31,ALERT
79.6,0.2843,0.1141,-2.0,ALERT
79.633,0.3325,0.1441,-0.46,ALERT
79.667,0.295,0.1241,2.34,ALERT
79.7,0.2871,0.1461,3.09,ALERT
79.733,0.2822,0.1502,-2.5,ALERT
79.767,0.3177,0.101,-3.8,ALERT
79.8,0.3117,0.1852,1.82,ALERT
79.833,0.2882,0.1168,3.9,ALERT
79.867,0.3202,0.1286,1.74,ALERT
79.9,0.3382,0.1938,2.79,ALERT
79.933,0.3316,0.1335,0.01,ALERT
79.967,0.2946,0.2019,-0.22,ALERT
80.0,0.2901,0.1598,-3.49,ALERT
80.033,0.3234,0.1189,-0.45,ALERT
80.067,0.3036,0.1993,-0.8,ALERT
80.1,0.3115,0.1816,-1.62,ALERT
80.133,0.3339,0.1464,2.72,ALERT
80.167,0.3246,0.2091,2.19,ALERT
80.2,0.3262,0.1329,2.54,ALERT
80.233,0.3205,0.1961,1.52,ALERT
80.267,0.2972,0.17,0.15,ALERT
80.3,0.3061,0.1114,1.41,ALERT
80.333,0.3048,0.1715,-3.41,ALERT
80.367,0.3355,0.2044,1.57,ALERT
80.4,0.3026,0.1195,1.94,ALERT
80.433,0.294,0.1662,1.07,ALERT
80.467,0.2831,0.2166,3.69,ALERT
80.5,0.3324,0.2165,-2.38,ALERT
80.533,0.303,0.158,3.6,ALERT
80.567,0.3193,0.0971,2.41,ALERT
80.6,0.3023,0.084,-3.14,ALERT
80.633,0.334,0.1671,-1.51,ALERT
80.667,0.3344,0.1892,2.38,ALERT
80.7,0.3283,0.1873,2.55,ALERT
80.733,0.3207,0.1285,-2.7,ALERT
80.767,0.3128,0.1701,-0.3,ALERT
80.8,0.3288,0.137,-2.39,ALERT
80.833,0.3366,0.1648,3.88,ALERT
80.867,0.2894,0.1089,-1.91,ALERT
80.9,0.2815,0.1053,2.47,ALERT
80.933,0.2888,0.1108,3.66,ALERT
80.967,0.3369,0.1855,0.55,ALERT
81.0,0.2853,0.093,0.72,ALERT
81.033,0.3329,0.1643,0.07,ALERT
81.067,0.1562,0.1756,-2.4,ALERT
81.1,0.2843,0.1533,3.72,ALERT
81.133,0.2896,0.107,-3.91,ALERT
81.167,0.3235,0.1862,1.17,ALERT
81.2,0.304,0.2077,-0.18,ALERT
81.233,0.2943,0.1149,-3.03,ALERT
81.267,0.3092,0.124,2.4,ALERT
81.3,0.3316,0.2025,-1.84,ALERT
81.333,0.2812,0.1851,2.86,ALERT
81.367,0.2896,0.1476,-3.52,ALERT
81.4,0.3217,0.2016,3.25,ALERT
81.433,0.3286,0.1358,-2.39,ALERT
81.467,0.3192,0.1795,3.8,ALERT
81.5,0.2992,0.1954,-3.75,ALERT
81.533,0.3033,0.2058,-0.59,ALERT
81.567,0.2861,0.1928,0.66,ALERT
81.6,0.3145,0.0879,-3.62,ALERT
81.633,0.2887,0.0977,1.08,ALERT
81.667,0.3348,0.1966,-0.14,ALERT
81.7,0.3337,0.1768,-1.94,ALERT
81.733,0.3059,0.1686,-2.36,ALERT
81.767,0.3266,0.1375,0.82,ALERT
81.8,0.3191,0.0823,-2.48,ALERT
81.833,0.2847,0.1577,1.26,ALERT
81.867,0.2867,0.1772,-0.04,ALERT
81.9,0.298,0.1835,-1.1,ALERT
81.933,0.3004,0.1962,0.89,ALERT
81.967,0.2988,0.1959,0.75,ALERT
82.0,0.3297,0.1019,-0.96,ALERT
82.033,0.3288,0.107,-3.27,ALERT
82.067,0.2831,0.1714,-0.54,ALERT
82.1,0.3012,0.1765,-3.57,ALERT
82.133,0.3214,0.095,2.53,ALERT
82.167,0.2814,0.185,0.98,ALERT
82.2,0.2855,0.2143,0.08,ALERT
82.233,0.3049,0.0887,3.06,ALERT
82.267,0.335,0.1909,2.05,ALERT
82.3,0.2897,0.0859,-2.73,ALERT
82.333,0.2853,0.1417,2.95,ALERT
82.367,0.3007,0.1088,2.2,ALERT
82.4,0.2836,0.1732,-0.93,ALERT
82.433,0.3325,0.1668,3.04,ALERT
82.467,0.3148,0.1728,-2.08,ALERT
82.5,0.3359,0.1048,2.13,ALERT
82.533,0.305,0.1649,3.32,ALERT
82.567,0.2802,0.1082,1.64,ALERT
82.6,0.3145,0.1912,1.15,ALERT
82.633,0.3398,0.2182,-0.63,ALERT
82.667,0.2946,0.1253,3.75,ALERT
82.7,0.321,0.0831,-2.23,ALERT
82.733,0.2899,0.1921,0.17,ALERT
82.767,0.3329,0.1102,-1.04,ALERT
82.8,0.3306,0.1689,0.9,ALERT
82.833,0.1785,0.1978,-2.68,ALERT
82.867,0.2893,0.0811,3.28,ALERT
82.9,0.3125,0.0969,3.76,ALERT
82.933,0.315,0.1065,-3.14,ALERT
82.967,0.3059,0.1616,0.58,ALERT
83.0,0.3317,0.0946,-1.03,ALERT
83.033,0.2969,0.1887,-2.01,ALERT
83.067,0.3205,0.1382,0.48,ALERT
83.1,0.3275,0.1399,1.34,ALERT
83.133,0.3316,0.1022,1.86,ALERT
83.167,0.285,0.1003,0.95,ALERT
83.2,0.3202,0.165,-0.31,ALERT
83.233,0.3224,0.1698,0.93,ALERT
83.267,0.3077,0.1592,1.45,ALERT
83.3,0.3021,0.1874,-3.56,ALERT
83.333,0.3119,0.1301,0.79,ALERT
83.367,0.2905,0.1306,-1.04,ALERT
83.4,0.2999,0.1679,1.31,ALERT
83.433,0.3335,0.1248,0.03,ALERT
83.467,0.3263,0.1362,0.03,ALERT
83.5,0.3076,0.192,0.83,ALERT
83.533,0.3181,0.1358,2.97,ALERT
83.567,0.2873,0.2007,-2.2,ALERT
83.6,0.3337,0.1019,0.07,ALERT
83.633,0.337,0.1162,3.32,ALERT
83.667,0.1551,0.1568,-1.75,ALERT
83.7,0.3052,0.2147,-1.63,ALERT
83.733,0.3051,0.1764,-1.2,ALERT
83.767,0.3211,0.1471,-1.72,ALERT
83.8,0.3241,0.1006,-3.22,ALERT
83.833,0.3171,0.1843,1.17,ALERT
83.867,0.3397,0.1591,0.07,ALERT
83.9,0.3374,0.1856,0.71,ALERT
83.933,0.2993,0.2127,-1.03,ALERT
83.967,0.3055,0.0992,-2.69,ALERT
84.0,0.3321,0.1279,1.43,ALERT
84.033,0.2829,0.1278,-0.59,ALERT
84.067,0.3397,0.154,3.86,ALERT
84.1,0.2932,0.1186,-2.1,ALERT
84.133,0.2888,0.2171,-0.98,ALERT
84.167,0.3053,0.1443,-2.15,ALERT
84.2,0.3309,0.1933,3.91,ALERT
84.233,0.3382,0.1401,2.07,ALERT
84.267,0.3054,0.157,1.8,ALERT
84.3,0.1714,0.1825,-2.43,ALERT
84.333,0.2889,0.1164,-1.52,ALERT
84.367,0.3318,0.1171,3.12,ALERT
84.4,0.3091,0.1076,0.46,ALERT
84.433,0.298,0.1042,2.97,ALERT
84.467,0.3173,0.1956,2.43,ALERT
84.5,0.336,0.0971,-2.45,ALERT
84.533,0.2864,0.2185,0.64,ALERT
84.567,0.3044,0.124,-1.94,ALERT
84.6,0.283,0.1626,-1.03,ALERT
84.633,0.2853,0.1589,0.64,ALERT
84.667,0.3366,0.1394,-1.93,ALERT
84.7,0.3382,0.1091,0.38,ALERT
84.733,0.3268,0.1273,3.43,ALERT
84.767,0.3299,0.1434,-2.23,ALERT
84.8,0.3231,0.1605,2.27,ALERT
84.833,0.2982,0.1024,3.48,ALERT
84.867,0.3228,0.1971,2.25,ALERT
84.9,0.3359,0.144,-3.69,ALERT
84.933,0.331,0.1622,0.39,ALERT
84.967,0.296,0.2077,-2.43,ALERT
85.0,0.1571,0.1303,3.65,ALERT
85.033,0.2872,0.1693,3.68,ALERT
85.067,0.2926,0.2154,-0.42,ALERT
85.1,0.3002,0.1658,0.34,ALERT
85.133,0.3121,0.0994,-1.57,ALERT
85.167,0.3148,0.1194,-1.62,ALERT
85.2,0.2852,0.1945,-2.95,ALERT
85.233,0.2838,0.0963,2.36,ALERT
85.267,0.2923,0.1958,-3.72,ALERT
85.3,0.3316,0.1001,-0.51,ALERT
85.333,0.3206,0.0833,1.07,ALERT
85.367,0.2816,0.183,-0.82,ALERT
85.4,0.3016,0.1379,-2.43,ALERT
85.433,0.2838,0.1209,-0.68,ALERT
85.467,0.2971,0.1874,-0.92,ALERT
85.5,0.3219,0.1144,3.81,ALERT
85.533,0.2997,0.1731,-1.12,ALERT
85.567,0.2961,0.1583,3.99,ALERT
85.6,0.2821,0.1259,0.45,ALERT
85.633,0.3069,0.1999,0.7,ALERT
85.667,0.2946,0.1021,-3.53,ALERT
85.7,0.3253,0.137,3.63,ALERT
85.733,0.326,0.151,1.42,ALERT
85.767,0.3095,0.1001,-2.29,ALERT
85.8,0.3253,0.1801,2.36,ALERT
85.833,0.2975,0.1095,3.04,ALERT
85.867,0.3229,0.1045,-2.62,ALERT
85.9,0.2838,0.2171,-2.21,ALERT
85.933,0.3301,0.1891,-0.14,ALERT
85.967,0.2973,0.1037,2.41,ALERT
86.0,0.3057,0.0981,0.5,ALERT
86.033,0.3053,0.1345,0.31,ALERT
86.067,0.3368,0.1391,3.04,ALERT
86.1,0.3225,0.1306,0.87,ALERT
86.133,0.3322,0.1824,-3.14,ALERT
86.167,0.2853,0.0868,-1.03,ALERT
86.2,0.3302,0.1783,2.4,ALERT
86.233,0.3357,0.1124,1.69,ALERT
86.267,0.3257,0.1928,-2.33,ALERT
86.3,0.3103,0.1532,0.4,ALERT
86.333,0.3375,0.1778,1.77,ALERT
86.367,0.2872,0.1614,3.57,ALERT
86.4,0.3399,0.1613,-0.35,ALERT
86.433,0.3039,0.1394,-0.02,ALERT
86.467,0.3373,0.0909,1.52,ALERT
86.5,0.1382,0.2005,-3.41,ALERT
86.533,0.3144,0.1181,0.13,ALERT
86.567,0.3305,0.101,-3.32,ALERT
86.6,0.3293,0.1578,-2.56,ALERT
86.633,0.3338,0.1401,-0.6,ALERT
86.667,0.3315,0.2151,-2.77,ALERT
86.7,0.2895,0.1566,2.85,ALERT
86.733,0.3215,0.1479,-2.91,ALERT
86.767,0.3216,0.1747,2.21,ALERT
86.8,0.2932,0.2026,-2.75,ALERT
86.833,0.2974,0.1926,-2.18,ALERT
86.867,0.2997,0.1337,-2.5,ALERT
86.9,0.1391,0.2082,-3.46,ALERT
86.933,0.3321,0.1638,3.81,ALERT
86.967,0.306,0.2175,3.09,ALERT
87.0,0.3258,0.0956,1.24,ALERT
87.033,0.323,0.2124,-3.54,ALERT
87.067,0.2854,0.0906,-1.65,ALERT
87.1,0.2804,0.1165,1.14,ALERT
87.133,0.3055,0.1364,-3.4,ALERT
87.167,0.3045,0.1409,-3.12,ALERT
87.2,0.317,0.1828,2.65,ALERT
87.233,0.3261,0.1145,-0.14,ALERT
87.267,0.3072,0.083,3.43,ALERT
87.3,0.3333,0.1894,-4.0,ALERT
87.333,0.2887,0.1074,-1.31,ALERT
87.367,0.3308,0.1766,-3.4,ALERT
87.4,0.2894,0.1055,1.94,ALERT
87.433,0.2951,0.1685,2.16,ALERT
87.467,0.327,0.1353,-1.47,ALERT
87.5,0.3043,0.1093,0.72,ALERT
87.533,0.3223,0.1853,3.51,ALERT
87.567,0.3024,0.2086,3.81,ALERT
87.6,0.2829,0.1652,-2.42,ALERT
87.633,0.2923,0.1516,3.4,ALERT
87.667,0.2805,0.143,0.82,ALERT
87.7,0.3288,0.1187,0.42,ALERT
87.733,0.2875,0.1276,-2.43,ALERT
87.767,0.2883,0.1138,-1.38,ALERT
87.8,0.3036,0.2019,-1.33,ALERT
87.833,0.3093,0.1678,3.46,ALERT
87.867,0.2861,0.0834,1.57,ALERT
87.9,0.2851,0.1068,0.47,ALERT
87.933,0.3173,0.1832,-0.59,ALERT
87.967,0.3077,0.1218,3.76,ALERT
88.0,0.3291,0.0821,-2.27,ALERT
88.033,0.2968,0.1944,0.89,ALERT
88.067,0.2891,0.192,-3.01,ALERT
88.1,0.308,0.2175,-1.34,ALERT
88.133,0.2969,0.1719,3.6,ALERT
88.167,0.174,0.2198,-1.89,ALERT
88.2,0.3197,0.1458,0.46,ALERT
88.233,0.1328,0.1443,0.98,ALERT
88.267,0.312,0.1573,0.06,ALERT
88.3,0.3215,0.1704,-2.34,ALERT
88.333,0.1695,0.0966,0.57,ALERT
88.367,0.2836,0.1297,-0.39,ALERT
88.4,0.2832,0.1212,3.54,ALERT
88.433,0.3209,0.1267,-3.69,ALERT
88.467,0.3304,0.0922,-3.79,ALERT
88.5,0.3175,0.1001,1.49,ALERT
88.533,0.2873,0.1052,-1.34,ALERT
88.567,0.161,0.1123,1.76,ALERT
88.6,0.3256,0.1786,-3.23,ALERT
88.633,0.3017,0.2013,0.03,ALERT
88.667,0.1781,0.1724,1.09,ALERT
88.7,0.1678,0.2046,0.51,ALERT
88.733,0.3053,0.092,3.7,ALERT
88.767,0.2839,0.1989,0.16,ALERT
88.8,0.3398,0.1244,2.89,ALERT
88.833,0.3262,0.1052,-2.38,ALERT
88.867,0.335,0.1155,1.61,ALERT
88.9,0.2999,0.1324,3.38,ALERT
88.933,0.3253,0.085,3.14,ALERT
88.967,0.3168,0.0963,3.6,ALERT
89.0,0.3247,0.1514,-2.62,ALERT
89.033,0.3163,0.1146,-0.59,ALERT
89.067,0.3208,0.1467,-2.69,ALERT
89.1,0.292,0.1655,2.14,ALERT
89.133,0.331,0.1495,-0.96,ALERT
89.167,0.2883,0.1403,2.97,ALERT
89.2,0.3129,0.1901,-0.1,ALERT
89.233,0.3179,0.1201,-0.57,ALERT
89.267,0.3308,0.122,1.69,ALERT
89.3,0.3064,0.1372,-2.52,ALERT
89.333,0.3062,0.1037,-3.16,ALERT
89.367,0.3398,0.1853,-3.41,ALERT
89.4,0.3133,0.1244,-1.31,ALERT
89.433,0.3349,0.1661,-1.49,ALERT
89.467,0.3248,0.2091,3.01,ALERT
89.5,0.3005,0.2181,-3.69,ALERT
89.533,0.3268,0.0825,-3.12,ALERT
89.567,0.3171,0.2055,1.56,ALERT
89.6,0.3293,0.1789,3.58,ALERT
89.633,0.2975,0.1327,-1.56,ALERT
89.667,0.3109,0.1174,-1.54,ALERT
89.7,0.3229,0.1164,0.89,ALERT
89.733,0.3114,0.1388,1.84,ALERT
89.767,0.2957,0.192,-0.19,ALERT
89.8,0.2953,0.1195,0.73,ALERT
89.833,0.3308,0.1488,-3.34,ALERT
89.867,0.2992,0.1901,3.96,ALERT
89.9,0.2987,0.2023,-3.98,ALERT
89.933,0.3045,0.1318,-1.34,ALERT
89.967,0.2897,0.1409,-3.13,ALERT
90.0,0.2839,0.1288,-3.26,ALERT
90.033,0.3236,0.1442,1.01,ALERT
90.067,0.3391,0.1988,3.83,ALERT
90.1,0.3095,0.087,-2.6,ALERT
90.133,0.3035,0.1372,-0.39,ALERT
90.167,0.3173,0.081,-3.72,ALERT
90.2,0.2924,0.2064,-3.17,ALERT
90.233,0.3133,0.1109,2.29,ALERT
90.267,0.3194,0.0934,-2.61,ALERT
90.3,0.3084,0.1519,0.0,ALERT
90.333,0.3039,0.1024,3.5,ALERT
90.367,0.3085,0.0998,-3.57,ALERT
90.4,0.2986,0.1409,-3.37,ALERT
90.433,0.305,0.1697,2.21,ALERT
90.467,0.2921,0.1257,0.21,ALERT
90.5,0.3214,0.2175,3.11,ALERT
90.533,0.2911,0.2025,-1.17,ALERT
90.567,0.3116,0.1051,-3.63,ALERT
90.6,0.3213,0.1449,0.4,ALERT
90.633,0.3034,0.1306,-2.91,ALERT
90.667,0.3084,0.118,-0.7,ALERT
90.7,0.2946,0.0906,-3.7,ALERT
90.733,0.2886,0.11,-3.76,ALERT
90.767,0.2903,0.2079,0.37,ALERT
90.8,0.3163,0.1071,-0.6,ALERT
90.833,0.3368,0.2029,-1.27,ALERT
90.867,0.3393,0.2029,-2.69,ALERT
90.9,0.3277,0.2145,-1.05,ALERT
90.933,0.3335,0.1003,3.96,ALERT
90.967,0.3314,0.192,-3.04,ALERT
91.0,0.2804,0.1361,-0.28,ALERT
91.033,0.3385,0.1958,-3.42,ALERT
91.067,0.2845,0.1972,-3.26,ALERT
91.1,0.292,0.0923,2.09,ALERT
91.133,0.3355,0.1915,1.1,ALERT
91.167,0.3219,0.1576,3.23,ALERT
91.2,0.3386,0.1438,2.4,ALERT
91.233,0.1705,0.1453,2.79,ALERT
91.267,0.3048,0.1039,-2.19,ALERT
91.3,0.3271,0.1235,-0.53,ALERT
91.333,0.2804,0.2011,1.08,ALERT
91.367,0.3102,0.2022,1.65,ALERT
91.4,0.3331,0.0846,-1.89,ALERT
91.433,0.3124,0.175,-3.31,ALERT
91.467,0.3064,0.1493,3.54,ALERT
91.5,0.2925,0.0976,-2.18,ALERT
91.533,0.3205,0.0915,-3.87,ALERT
91.567,0.3086,0.1345,-0.21,ALERT
91.6,0.2825,0.1671,-0.95,ALERT
91.633,0.3104,0.1271,-1.78,ALERT
91.667,0.3101,0.211,2.26,ALERT
91.7,0.1359,0.1631,0.21,ALERT
91.733,0.2954,0.0918,-3.7,ALERT
91.767,0.2978,0.1622,-1.68,ALERT
91.8,0.3336,0.1214,-3.56,ALERT
91.833,0.3279,0.131,-3.02,ALERT
91.867,0.2943,0.1272,1.74,ALERT
91.9,0.2872,0.1248,2.22,ALERT
91.933,0.2822,0.1606,0.96,ALERT
91.967,0.327,0.1355,2.11,ALERT
92.0,0.3188,0.122,3.65,ALERT
92.033,0.3326,0.1209,-3.87,ALERT
92.067,0.3336,0.1381,-0.57,ALERT
92.1,0.3337,0.1224,3.12,ALERT
92.133,0.2838,0.1356,-2.16,ALERT
92.167,0.3227,0.1585,2.32,ALERT
92.2,0.3207,0.1511,-1.27,ALERT
92.233,0.33,0.1206,-2.46,ALERT
92.267,0.2981,0.0867,2.79,ALERT
92.3,0.3323,0.0934,-0.52,ALERT
92.333,0.3114,0.1491,-3.02,ALERT
92.367,0.3366,0.1906,0.75,ALERT
92.4,0.3326,0.1759,0.03,ALERT
92.433,0.2989,0.1624,1.44,ALERT
92.467,0.3161,0.1418,-3.22,ALERT
92.5,0.3383,0.0833,2.55,ALERT
92.533,0.3398,0.1152,-3.43,ALERT
92.567,0.299,0.1917,3.63,ALERT
92.6,0.3123,0.0876,0.15,ALERT
92.633,0.2938,0.1114,-2.88,ALERT
92.667,0.2904,0.2092,0.53,ALERT
92.7,0.3306,0.1927,2.22,ALERT
92.733,0.323,0.1244,0.4,ALERT
92.767,0.2846,0.1014,0.61,ALERT
92.8,0.3196,0.1235,3.96,ALERT
92.833,0.3091,0.1632,-1.45,ALERT
92.867,0.2842,0.1243,-2.71,ALERT
92.9,0.3122,0.0864,-1.33,ALERT
92.933,0.3276,0.1813,1.39,ALERT
92.967,0.3097,0.2004,3.88,ALERT
93.0,0.3378,0.1342,2.97,ALERT
93.033,0.3064,0.1705,0.75,ALERT
93.067,0.3397,0.1067,3.94,ALERT
93.1,0.2921,0.2094,0.85,ALERT
93.133,0.2974,0.0867,-3.11,ALERT
93.167,0.3048,0.1042,-1.85,ALERT
93.2,0.3061,0.1951,-3.14,ALERT
93.233,0.3311,0.131,-1.69,ALERT
93.267,0.2847,0.2138,-0.96,ALERT
93.3,0.3299,0.1577,-2.46,ALERT
93.333,0.2871,0.1582,-2.58,ALERT
93.367,0.308,0.0886,2.09,ALERT
93.4,0.3194,0.0894,3.48,ALERT
93.433,0.2805,0.1993,0.69,ALERT
93.467,0.3372,0.1738,-0.77,ALERT
93.5,0.3142,0.2122,-2.83,ALERT
93.533,0.283,0.0974,-3.54,ALERT
93.567,0.3357,0.1945,-1.62,ALERT
93.6,0.282,0.1773,0.24,ALERT
93.633,0.2894,0.2169,-0.64,ALERT
93.667,0.2801,0.1681,-0.94,ALERT
93.7,0.3392,0.2108,-2.93,ALERT
93.733,0.2887,0.139,1.97,ALERT
93.767,0.3265,0.0852,3.67,ALERT
93.8,0.3137,0.1347,1.13,ALERT
93.833,0.3256,0.1063,-0.14,ALERT
93.867,0.3367,0.1578,2.38,ALERT
93.9,0.3148,0.2099,3.09,ALERT
93.933,0.3367,0.1696,3.01,ALERT
93.967,0.3033,0.1963,0.26,ALERT
94.0,0.3,0.2082,3.0,ALERT
94.033,0.3101,0.1707,3.94,ALERT
94.067,0.3011,0.1221,-2.76,ALERT
94.1,0.2902,0.1483,1.29,ALERT
94.133,0.2862,0.2035,0.84,ALERT
94.167,0.3315,0.1371,-3.14,ALERT
94.2,0.3053,0.2072,0.1,ALERT
94.233,0.3068,0.1278,1.64,ALERT
94.267,0.3167,0.0871,-3.9,ALERT
94.3,0.3168,0.0844,-2.11,ALERT
94.333,0.3123,0.2074,3.1,ALERT
94.367,0.2975,0.186,2.17,ALERT
94.4,0.3012,0.2157,-0.9,ALERT
94.433,0.3346,0.1056,-2.0,ALERT
94.467,0.2892,0.209,1.73,ALERT
94.5,0.3041,0.1653,-0.15,ALERT
94.533,0.3037,0.2059,-3.32,ALERT
94.567,0.3313,0.0904,3.08,ALERT
94.6,0.3073,0.1272,0.52,ALERT
94.633,0.3047,0.1131,-0.43,ALERT
94.667,0.3086,0.198,2.4,ALERT
94.7,0.2987,0.1906,2.36,ALERT
94.733,0.2873,0.1945,-1.66,ALERT
94.767,0.2918,0.1212,2.79,ALERT
94.8,0.3012,0.1668,0.53,ALERT
94.833,0.309,0.1818,1.66,ALERT
94.867,0.3335,0.127,-3.06,ALERT
94.9,0.2809,0.1647,-0.89,ALERT
94.933,0.3292,0.0959,-1.09,ALERT
94.967,0.31,0.0897,-3.43,ALERT
95.0,0.306,0.1247,-2.72,ALERT
95.033,0.2911,0.1456,2.56,ALERT
95.067,0.3085,0.118,1.48,ALERT
95.1,0.3017,0.1397,-0.82,ALERT
95.133,0.2841,0.1075,3.14,ALERT
95.167,0.3319,0.126,-0.52,ALERT
95.2,0.3044,0.0935,0.96,ALERT
95.233,0.314,0.2196,-2.45,ALERT
95.267,0.2841,0.1522,-3.32,ALERT
95.3,0.336,0.1355,-3.74,ALERT
95.333,0.3367,0.2164,1.09,ALERT
95.367,0.3061,0.1698,1.02,ALERT
95.4,0.3031,0.2188,-1.53,ALERT
95.433,0.3293,0.0809,0.15,ALERT
95.467,0.3336,0.1342,1.85,ALERT
95.5,0.2916,0.1934,-0.32,ALERT
95.533,0.2939,0.1246,-3.99,ALERT
95.567,0.1391,0.1077,0.61,ALERT
95.6,0.2863,0.1876,3.95,ALERT
95.633,0.2807,0.0842,1.09,ALERT
95.667,0.2808,0.117,3.69,ALERT
95.7,0.304,0.178,-2.82,ALERT
95.733,0.304,0.0807,1.21,ALERT
95.767,0.2884,0.1376,-2.15,ALERT
95.8,0.3203,0.1987,1.48,ALERT
95.833,0.3132,0.1223,0.59,ALERT
95.867,0.2984,0.1583,0.5,ALERT
95.9,0.3085,0.1762,-3.41,ALERT
95.933,0.3031,0.1614,2.83,ALERT
95.967,0.3221,0.1768,-3.13,ALERT
96.0,0.3181,0.1093,-3.42,ALERT
96.033,0.1548,0.0877,1.78,ALERT
96.067,0.3223,0.1253,0.44,ALERT
96.1,0.3328,0.1628,2.59,ALERT
96.133,0.3068,0.1824,-1.34,ALERT
96.167,0.3193,0.1757,-3.42,ALERT
96.2,0.3046,0.2035,-3.81,ALERT
96.233,0.1678,0.1564,-0.11,ALERT
96.267,0.3197,0.1845,-2.81,ALERT
96.3,0.1355,0.2105,-1.37,ALERT
96.333,0.3182,0.1775,-2.02,ALERT
96.367,0.2832,0.1658,-0.48,ALERT
96.4,0.3032,0.1262,-0.22,ALERT
96.433,0.285,0.1035,-1.27,ALERT
96.467,0.3318,0.2091,-0.18,ALERT
96.5,0.3007,0.1485,-1.31,ALERT
96.533,0.1324,0.2023,0.58,ALERT
96.567,0.303,0.0972,-1.23,ALERT
96.6,0.317,0.1974,2.98,ALERT
96.633,0.3289,0.167,2.99,ALERT
96.667,0.2883,0.1321,2.6,ALERT
96.7,0.2935,0.1392,-3.78,ALERT
96.733,0.3037,0.1927,2.14,ALERT
96.767,0.3153,0.1202,1.03,ALERT
96.8,0.3326,0.1929,0.18,ALERT
96.833,0.3035,0.0929,3.79,ALERT
96.867,0.3145,0.1126,-2.98,ALERT
96.9,0.318,0.2154,-1.59,ALERT
96.933,0.2878,0.122,0.38,ALERT
96.967,0.2825,0.1376,3.18,ALERT
97.0,0.332,0.1244,-0.05,ALERT
97.033,0.3184,0.163,1.6,ALERT
97.067,0.2953,0.1723,2.39,ALERT
97.1,0.3074,0.1062,1.18,ALERT
97.133,0.3298,0.1907,0.35,ALERT
97.167,0.32,0.1342,3.78,ALERT
97.2,0.3377,0.2164,-0.22,ALERT
97.233,0.3236,0.1638,2.99,ALERT
97.267,0.3277,0.1133,-0.24,ALERT
97.3,0.1731,0.1728,0.31,ALERT
97.333,0.3118,0.1757,3.02,ALERT
97.367,0.3331,0.1167,2.72,ALERT
97.4,0.3214,0.1386,2.35,ALERT
97.433,0.3348,0.0942,1.21,ALERT
97.467,0.3388,0.1684,-2.6,ALERT
97.5,0.3063,0.1393,1.2,ALERT
97.533,0.312,0.0832,-0.35,ALERT
97.567,0.2824,0.0936,2.86,ALERT
97.6,0.2977,0.1803,1.18,ALERT
97.633,0.3246,0.1111,-0.68,ALERT
97.667,0.3157,0.1577,-0.23,ALERT
97.7,0.2861,0.1495,3.33,ALERT
97.733,0.3034,0.1879,0.34,ALERT
97.767,0.3241,0.1401,-1.59,ALERT
97.8,0.2872,0.1016,0.86,ALERT
97.833,0.3286,0.2179,1.5,ALERT
97.867,0.3204,0.0858,2.1,ALERT
97.9,0.3263,0.1793,2.45,ALERT
97.933,0.3153,0.1609,0.75,ALERT
97.967,0.2981,0.1415,-0.31,ALERT
98.0,0.2874,0.0991,-0.53,ALERT
98.033,0.2941,0.1878,-3.16,ALERT
98.067,0.2965,0.179,-2.23,ALERT
98.1,0.2801,0.0802,-3.28,ALERT
98.133,0.3083,0.1965,0.32,ALERT
98.167,0.321,0.1396,-1.95,ALERT
98.2,0.3075,0.1032,-3.7,ALERT
98.233,0.3086,0.1012,-3.19,ALERT
98.267,0.2931,0.1809,2.3,ALERT
98.3,0.3039,0.1278,3.91,ALERT
98.333,0.2905,0.1419,2.1,ALERT
98.367,0.315,0.2199,-1.8,ALERT
98.4,0.282,0.1531,1.37,ALERT
98.433,0.3304,0.1787,2.77,ALERT
98.467,0.3192,0.1836,3.06,ALERT
98.5,0.2826,0.0924,2.03,ALERT
98.533,0.3263,0.1498,-2.79,ALERT
98.567,0.313,0.0963,-2.06,ALERT
98.6,0.3122,0.1438,0.48,ALERT
98.633,0.3349,0.1573,2.9,ALERT
98.667,0.302,0.1323,-1.03,ALERT
98.7,0.3247,0.1546,0.06,ALERT
98.733,0.2982,0.0848,0.67,ALERT
98.767,0.2856,0.1858,2.05,ALERT
98.8,0.302,0.2026,-2.27,ALERT
98.833,0.2917,0.113,3.0,ALERT
98.867,0.2839,0.151,-1.43,ALERT
98.9,0.2838,0.2039,-0.08,ALERT
98.933,0.305,0.0922,-1.86,ALERT
98.967,0.2853,0.131,-2.76,ALERT
99.0,0.2834,0.1683,3.39,ALERT
99.033,0.3142,0.146,-0.78,ALERT
99.067,0.3069,0.2048,-1.59,ALERT
99.1,0.3073,0.1474,-3.54,ALERT
99.133,0.2886,0.1478,0.18,ALERT
99.167,0.2841,0.0922,-2.43,ALERT
99.2,0.3103,0.2119,2.53,ALERT
99.233,0.2917,0.1943,-3.87,ALERT
99.267,0.2919,0.1793,-2.0,ALERT
99.3,0.3023,0.2083,-1.21,ALERT
99.333,0.2918,0.0826,2.24,ALERT
99.367,0.3278,0.2126,1.87,ALERT
99.4,0.3068,0.1578,3.07,ALERT
99.433,0.3056,0.1403,-2.7,ALERT
99.467,0.3354,0.1198,-3.68,ALERT
99.5,0.2936,0.1472,0.27,ALERT
99.533,0.2866,0.1441,2.72,ALERT
99.567,0.1794,0.1506,1.1,ALERT
99.6,0.333,0.1299,2.39,ALERT
99.633,0.3386,0.2199,2.44,ALERT
99.667,0.3372,0.0893,-2.32,ALERT
99.7,0.3209,0.1368,3.5,ALERT
99.733,0.3308,0.173,1.88,ALERT
99.767,0.3325,0.101,-2.14,ALERT
99.8,0.3234,0.2064,1.79,ALERT
99.833,0.3281,0.0842,1.43,ALERT
99.867,0.3191,0.1409,-3.08,ALERT
99.9,0.3371,0.1826,-1.23,ALERT
99.933,0.3196,0.166,-1.47,ALERT
99.967,0.3357,0.193,-3.75,ALERT
100.0,0.3025,0.0931,-3.6,ALERT
100.033,0.2972,0.1613,0.75,ALERT
100.067,0.2823,0.2184,-1.13,ALERT
100.1,0.3288,0.1188,1.07,ALERT
100.133,0.3298,0.0981,3.04,ALERT
100.167,0.3125,0.2118,-0.71,ALERT
100.2,0.2881,0.1925,3.35,ALERT
100.233,0.3051,0.0874,0.6,ALERT
100.267,0.2924,0.2032,0.76,ALERT
100.3,0.2843,0.2136,2.01,ALERT
100.333,0.3107,0.1471,1.05,ALERT
100.367,0.2826,0.1678,3.95,ALERT
100.4,0.2858,0.1243,-2.74,ALERT
100.433,0.2947,0.1613,1.56,ALERT
100.467,0.3335,0.1006,-3.43,ALERT
100.5,0.2897,0.119,-0.08,ALERT
100.533,0.3389,0.1631,3.71,ALERT
100.567,0.339,0.1318,-3.11,ALERT
100.6,0.2802,0.0912,-0.02,ALERT
100.633,0.3274,0.1438,-0.93,ALERT
100.667,0.2964,0.1749,1.7,ALERT
100.7,0.2838,0.2039,-0.33,ALERT
100.733,0.2824,0.1844,3.55,ALERT
100.767,0.3352,0.1512,-2.2,ALERT
100.8,0.2909,0.1506,-3.96,ALERT
100.833,0.3046,0.1057,-2.39,ALERT
100.867,0.3358,0.1481,1.1,ALERT
100.9,0.2897,0.1765,0.67,ALERT
100.933,0.3065,0.1538,2.78,ALERT
100.967,0.3134,0.1197,1.68,ALERT
101.0,0.2863,0.1771,-2.0,ALERT
101.033,0.3095,0.0924,1.34,ALERT
101.067,0.3208,0.1878,-0.74,ALERT
101.1,0.2931,0.1291,2.99,ALERT
101.133,0.3339,0.1396,-1.09,ALERT
101.167,0.3319,0.2062,-0.56,ALERT
101.2,0.3253,0.1068,1.87,ALERT
101.233,0.3376,0.1676,-1.44,ALERT
101.267,0.2855,0.1855,0.2,ALERT
101.3,0.2832,0.1046,-2.68,ALERT
101.333,0.309,0.1246,-1.96,ALERT
101.367,0.2991,0.0837,-3.58,ALERT
101.4,0.3052,0.1065,-2.25,ALERT
101.433,0.3015,0.175,-1.64,ALERT
101.467,0.3195,0.1155,-1.39,ALERT
101.5,0.3378,0.1959,1.06,ALERT
101.533,0.3231,0.1758,1.23,ALERT
101.567,0.3184,0.0888,2.22,ALERT
101.6,0.2912,0.095,1.48,ALERT
101.633,0.3255,0.1555,-1.9,ALERT
101.667,0.2842,0.2143,-3.53,ALERT
101.7,0.3281,0.1584,1.36,ALERT
101.733,0.3227,0.2011,-0.39,ALERT
101.767,0.2977,0.1641,-0.57,ALERT
101.8,0.2943,0.1516,0.96,ALERT
101.833,0.3339,0.1501,1.43,ALERT
101.867,0.2897,0.1378,-2.5,ALERT
101.9,0.321,0.1457,-2.5,ALERT
101.933,0.3041,0.2031,-0.06,ALERT
101.967,0.2933,0.1947,-1.46,ALERT
102.0,0.3061,0.214,0.44,ALERT
102.033,0.3372,0.1583,3.01,ALERT
102.067,0.3384,0.108,-1.12,ALERT
102.1,0.3097,0.1885,1.95,ALERT
102.133,0.3219,0.1874,-3.05,ALERT
102.167,0.3052,0.1937,-1.21,ALERT
102.2,0.3047,0.1925,0.25,ALERT
102.233,0.289,0.2008,-2.49,ALERT
102.267,0.2818,0.1967,-2.83,ALERT
102.3,0.2914,0.1318,-3.9,ALERT
102.333,0.3104,0.0847,0.8,ALERT
102.367,0.3236,0.165,-1.13,ALERT
102.4,0.3332,0.1882,0.52,ALERT
102.433,0.3,0.1513,-0.1,ALERT
102.467,0.2809,0.1907,-0.18,ALERT
102.5,0.3127,0.1571,-0.98,ALERT
102.533,0.3106,0.1504,0.47,ALERT
102.567,0.3119,0.1679,0.32,ALERT
102.6,0.2846,0.0853,-2.52,ALERT
102.633,0.2969,0.1203,2.61,ALERT
102.667,0.3354,0.0814,2.73,ALERT
102.7,0.2817,0.1789,0.61,ALERT
102.733,0.3233,0.1529,-2.13,ALERT
102.767,0.3348,0.162,-1.78,ALERT
102.8,0.3175,0.1918,-3.0,ALERT
102.833,0.3062,0.1254,2.96,ALERT
102.867,0.301,0.1407,3.97,ALERT
102.9,0.3015,0.1476,3.05,ALERT
102.933,0.2859,0.1734,3.49,ALERT
102.967,0.1385,0.1176,3.14,ALERT
103.0,0.3002,0.1031,-0.33,ALERT
103.033,0.2922,0.2179,-1.66,ALERT
103.067,0.2946,0.1712,1.81,ALERT
103.1,0.2822,0.0902,0.66,ALERT
103.133,0.3289,0.2161,0.99,ALERT
103.167,0.284,0.1016,2.68,ALERT
103.2,0.295,0.1112,-0.17,ALERT
103.233,0.3039,0.0812,-1.23,ALERT
103.267,0.2921,0.0811,0.39,ALERT
103.3,0.3069,0.1107,3.29,ALERT
103.333,0.3365,0.1714,2.04,ALERT
103.367,0.3369,0.1378,1.91,ALERT
103.4,0.298,0.1723,-0.28,ALERT
103.433,0.2858,0.1418,1.07,ALERT
103.467,0.3348,0.084,3.88,ALERT
103.5,0.3301,0.2128,0.38,ALERT
103.533,0.3182,0.1427,1.09,ALERT
103.567,0.2828,0.1141,-1.6,ALERT
103.6,0.3008,0.0913,1.47,ALERT
103.633,0.3397,0.0808,-3.32,ALERT
103.667,0.3003,0.1859,-3.35,ALERT
103.7,0.3198,0.1091,2.75,ALERT
103.733,0.295,0.159,-1.04,ALERT
103.767,0.3216,0.158,-3.91,ALERT
103.8,0.3274,0.0879,-1.25,ALERT
103.833,0.2805,0.1975,-0.1,ALERT
103.867,0.3174,0.2094,-1.38,ALERT
103.9,0.2904,0.2188,-1.47,ALERT
103.933,0.2976,0.1416,1.4,ALERT
103.967,0.2823,0.1931,-0.68,ALERT
104.0,0.318,0.1653,-1.3,ALERT
104.033,0.3282,0.1256,0.35,ALERT
104.067,0.3337,0.0929,3.71,ALERT
104.1,0.2979,0.1172,3.34,ALERT
104.133,0.2834,0.2182,3.1,ALERT
104.167,0.3301,0.0886,-2.91,ALERT
104.2,0.1611,0.1692,-1.2,ALERT
104.233,0.304,0.1583,-0.26,ALERT
104.267,0.3073,0.1098,-0.67,ALERT
104.3,0.2857,0.0915,-0.06,ALERT
104.333,0.3192,0.1008,3.11,ALERT
104.367,0.2955,0.1787,-2.09,ALERT
104.4,0.3245,0.1627,2.61,ALERT
104.433,0.3265,0.183,-3.9,ALERT
104.467,0.3392,0.2069,0.36,ALERT
104.5,0.174,0.2149,0.27,ALERT
104.533,0.1585,0.1509,3.42,ALERT
104.567,0.2834,0.1415,0.43,ALERT
104.6,0.3199,0.1991,0.42,ALERT
104.633,0.3268,0.1616,2.98,ALERT
104.667,0.3082,0.1072,0.1,ALERT
104.7,0.3346,0.128,-0.41,ALERT
104.733,0.2946,0.1764,3.92,ALERT
104.767,0.2946,0.128,2.2,ALERT
104.8,0.2864,0.1665,-3.84,ALERT
104.833,0.2814,0.1734,1.79,ALERT
104.867,0.3232,0.2022,-2.98,ALERT
104.9,0.3019,0.2034,3.24,ALERT
104.933,0.2882,0.0891,-2.79,ALERT
104.967,0.3096,0.1807,1.48,ALERT
105.0,0.3147,0.1146,-2.79,ALERT
105.033,0.3199,0.2074,1.47,ALERT
105.067,0.3175,0.2132,-3.11,ALERT
105.1,0.2988,0.0946,-1.56,ALERT
105.133,0.3101,0.0882,-2.74,ALERT
105.167,0.3365,0.0916,-0.5,ALERT
105.2,0.3276,0.1791,-2.0,ALERT
105.233,0.3028,0.1207,3.54,ALERT
105.267,0.2951,0.1049,3.94,ALERT
105.3,0.3099,0.2122,2.25,ALERT
105.333,0.3309,0.2136,0.15,ALERT
105.367,0.3041,0.1901,3.91,ALERT
105.4,0.2935,0.091,-3.62,ALERT
105.433,0.3019,0.1534,0.88,ALERT
105.467,0.3108,0.1188,-1.57,ALERT
105.5,0.2907,0.1332,2.02,ALERT
105.533,0.3196,0.1956,2.5,ALERT
105.567,0.3361,0.1236,0.0,ALERT
105.6,0.3258,0.0946,-2.76,ALERT
105.633,0.3052,0.192,0.78,ALERT
105.667,0.2844,0.0845,2.38,ALERT
105.7,0.1383,0.1426,0.87,ALERT
105.733,0.3267,0.1095,2.95,ALERT
105.767,0.3347,0.125,-1.46,ALERT
105.8,0.3297,0.1071,-2.12,ALERT
105.833,0.2877,0.1073,-0.97,ALERT
105.867,0.289,0.162,2.62,ALERT
105.9,0.3305,0.1087,-2.57,ALERT
105.933,0.2863,0.1511,2.22,ALERT
105.967,0.3362,0.1086,-3.93,ALERT
106.0,0.2932,0.1393,0.12,ALERT
106.033,0.3272,0.0918,1.66,ALERT
106.067,0.2944,0.212,0.19,ALERT
106.1,0.3348,0.1252,-0.92,ALERT
106.133,0.3219,0.1143,-3.55,ALERT
106.167,0.2947,0.1814,-2.44,ALERT
106.2,0.2963,0.1701,3.52,ALERT
106.233,0.3191,0.1651,-0.0,ALERT
106.267,0.31,0.1703,-0.25,ALERT
106.3,0.1692,0.1802,-3.73,ALERT
106.333,0.2891,0.1451,-3.72,ALERT
106.367,0.3314,0.1748,3.7,ALERT
106.4,0.1748,0.1607,0.92,ALERT
106.433,0.3302,0.0866,-3.81,ALERT
106.467,0.3017,0.1418,1.28,ALERT
106.5,0.293,0.195,3.33,ALERT
106.533,0.2823,0.1195,0.36,ALERT
106.567,0.3399,0.1157,-1.61,ALERT
106.6,0.2819,0.1031,3.19,ALERT
106.633,0.2859,0.1289,3.31,ALERT
106.667,0.3398,0.1109,-2.88,ALERT
106.7,0.2993,0.2105,-3.54,ALERT
106.733,0.3306,0.1948,-1.42,ALERT
106.767,0.284,0.1607,0.06,ALERT
106.8,0.2858,0.1805,0.65,ALERT
106.833,0.3048,0.1677,-3.21,ALERT
106.867,0.3058,0.109,-2.14,ALERT
106.9,0.3333,0.2025,-2.69,ALERT
106.933,0.3235,0.1423,0.29,ALERT
106.967,0.3151,0.1317,0.61,ALERT
107.0,0.336,0.1665,-1.79,ALERT
107.033,0.2937,0.083,0.42,ALERT
107.067,0.2984,0.2148,-3.04,ALERT
107.1,0.3181,0.1632,2.66,ALERT
107.133,0.3065,0.0939,0.78,ALERT
107.167,0.2822,0.1643,3.98,ALERT
107.2,0.336,0.1656,3.35,ALERT
107.233,0.2918,0.2037,1.01,ALERT
107.267,0.171,0.1079,-2.17,ALERT
107.3,0.2851,0.086,-2.3,ALERT
107.333,0.3053,0.1222,-3.92,ALERT
107.367,0.2996,0.1,-3.87,ALERT
107.4,0.3172,0.1373,-0.73,ALERT
107.433,0.2967,0.2068,-1.69,ALERT
107.467,0.3001,0.1314,-1.56,ALERT
107.5,0.3398,0.1288,-3.61,ALERT
107.533,0.3307,0.0934,-3.66,ALERT
107.567,0.2896,0.1192,0.48,ALERT
107.6,0.317,0.156,0.34,ALERT
107.633,0.3266,0.096,-2.69,ALERT
107.667,0.2819,0.0985,2.7,ALERT
107.7,0.2889,0.1693,1.22,ALERT
107.733,0.2957,0.0898,-0.36,ALERT
107.767,0.3344,0.166,-3.65,ALERT
107.8,0.3182,0.162,1.06,ALERT
107.833,0.3092,0.1331,-2.51,ALERT
107.867,0.3388,0.1634,-1.12,ALERT
107.9,0.3144,0.1972,2.51,ALERT
107.933,0.293,0.1019,0.58,ALERT
107.967,0.2806,0.2077,3.4,ALERT
108.0,0.2871,0.1362,3.32,ALERT
108.033,0.3146,0.2159,0.1,ALERT
108.067,0.3195,0.1584,-3.52,ALERT
108.1,0.3165,0.1155,-1.47,ALERT
108.133,0.1777,0.0966,-3.27,ALERT
108.167,0.2873,0.215,1.4,ALERT
108.2,0.3251,0.1551,-1.37,ALERT
108.233,0.294,0.1589,1.85,ALERT
108.267,0.2852,0.18,1.39,ALERT
108.3,0.3357,0.0892,2.4,ALERT
108.333,0.3285,0.1342,1.56,ALERT
108.367,0.2803,0.1,3.73,ALERT
108.4,0.2834,0.1063,-2.29,ALERT
108.433,0.3045,0.1987,0.6,ALERT
108.467,0.2937,0.1698,-2.32,ALERT
108.5,0.2941,0.1412,-3.88,ALERT
108.533,0.3328,0.1901,-3.86,ALERT
108.567,0.3212,0.1583,-2.9,ALERT
108.6,0.3252,0.1656,0.8,ALERT
108.633,0.3381,0.1776,3.25,ALERT
108.667,0.3261,0.1007,2.23,ALERT
108.7,0.3324,0.0949,2.87,ALERT
108.733,0.3163,0.1826,-1.93,ALERT
108.767,0.3117,0.1869,3.67,ALERT
108.8,0.3257,0.1677,1.23,ALERT
108.833,0.3089,0.2197,-2.86,ALERT
108.867,0.2969,0.1625,2.51,ALERT
108.9,0.3225,0.1978,-0.6,ALERT
108.933,0.3247,0.0869,-2.05,ALERT
108.967,0.3057,0.1311,-1.88,ALERT
109.0,0.2871,0.1637,1.97,ALERT
109.033,0.2994,0.0931,-0.11,ALERT
109.067,0.3053,0.1689,0.15,ALERT
109.1,0.2896,0.117,0.2,ALERT
109.133,0.3285,0.1264,-3.53,ALERT
109.167,0.294,0.215,-3.16,ALERT
109.2,0.3394,0.2073,-3.6,ALERT
109.233,0.2925,0.0935,1.76,ALERT
109.267,0.3194,0.1061,-1.11,ALERT
109.3,0.3042,0.1797,-2.17,ALERT
109.333,0.315,0.1679,3.36,ALERT
109.367,0.3318,0.1134,-0.18,ALERT
109.4,0.3272,0.0858,-2.62,ALERT
109.433,0.3276,0.1183,1.69,ALERT
109.467,0.293,0.2026,-0.74,ALERT
109.5,0.2887,0.1082,3.94,ALERT
109.533,0.3337,0.2106,1.58,ALERT
109.567,0.2883,0.2077,2.87,ALERT
109.6,0.329,0.203,-3.31,ALERT
109.633,0.3116,0.0924,3.74,ALERT
109.667,0.2935,0.1447,-2.03,ALERT
109.7,0.3235,0.1198,-1.09,ALERT
109.733,0.3375,0.1035,-0.49,ALERT
109.767,0.2801,0.1532,2.38,ALERT
109.8,0.125,0.2101,-3.19,ALERT
109.833,0.3096,0.1931,-0.89,ALERT
109.867,0.3082,0.2113,3.74,ALERT
109.9,0.3026,0.1968,-2.83,ALERT
109.933,0.3029,0.1474,1.57,ALERT
109.967,0.2942,0.1907,1.67,ALERT
110.0,0.3222,0.1168,-1.37,ALERT
110.033,0.3322,0.1298,2.48,ALERT
110.067,0.3031,0.1614,-2.59,ALERT
110.1,0.2957,0.2062,1.68,ALERT
110.133,0.2931,0.092,-2.62,ALERT
110.167,0.2841,0.1523,1.64,ALERT
110.2,0.3268,0.2023,3.37,ALERT
110.233,0.3108,0.0948,-3.54,ALERT
110.267,0.338,0.2005,2.25,ALERT
110.3,0.3329,0.0835,1.86,ALERT
110.333,0.2945,0.1713,-0.54,ALERT
110.367,0.2942,0.1667,-0.75,ALERT
110.4,0.3012,0.1685,3.37,ALERT
110.433,0.3041,0.134,-0.19,ALERT
110.467,0.2953,0.1021,-1.13,ALERT
110.5,0.2869,0.1603,3.27,ALERT
110.533,0.2954,0.1204,-0.14,ALERT
110.567,0.3306,0.0894,0.8,ALERT
110.6,0.2993,0.1693,0.29,ALERT
110.633,0.3275,0.0853,-0.33,ALERT
110.667,0.3375,0.128,-0.39,ALERT
110.7,0.3061,0.1442,-0.46,ALERT
110.733,0.3277,0.1261,-3.55,ALERT
110.767,0.3083,0.1964,2.76,ALERT
110.8,0.3049,0.1977,-1.72,ALERT
110.833,0.3385,0.1451,1.64,ALERT
110.867,0.3279,0.1262,-1.73,ALERT
110.9,0.2973,0.1598,0.99,ALERT
110.933,0.2924,0.2075,-3.28,ALERT
110.967,0.3037,0.1784,-3.02,ALERT
111.0,0.3305,0.1564,1.31,ALERT
111.033,0.3332,0.1646,-2.2,ALERT
111.067,0.3161,0.1412,-0.35,ALERT
111.1,0.2859,0.1705,-1.81,ALERT
111.133,0.3315,0.1423,-2.0,ALERT
111.167,0.3027,0.1475,1.53,ALERT
111.2,0.3053,0.2068,3.44,ALERT
111.233,0.3146,0.1291,3.72,ALERT
111.267,0.2884,0.0911,1.37,ALERT
111.3,0.2848,0.1865,0.74,ALERT
111.333,0.2937,0.1104,3.9,ALERT
111.367,0.3324,0.0836,-3.79,ALERT
111.4,0.3266,0.1115,-3.1,ALERT
111.433,0.3094,0.0902,-1.13,ALERT
111.467,0.3282,0.1891,-3.79,ALERT
111.5,0.2812,0.149,-0.05,ALERT
111.533,0.3054,0.1861,0.62,ALERT
111.567,0.332,0.1825,-1.46,ALERT
111.6,0.3173,0.109,-3.98,ALERT
111.633,0.33,0.2069,3.77,ALERT
111.667,0.3135,0.2176,3.39,ALERT
111.7,0.3294,0.2136,-0.36,ALERT
111.733,0.3378,0.2128,-3.7,ALERT
111.767,0.3392,0.197,3.45,ALERT
111.8,0.3259,0.1029,1.19,ALERT
111.833,0.3258,0.1378,0.18,ALERT
111.867,0.2844,0.1108,0.68,ALERT
111.9,0.3344,0.1853,2.29,ALERT
111.933,0.311,0.1606,0.02,ALERT
111.967,0.301,0.1915,-3.28,ALERT
112.0,0.2982,0.2163,2.17,ALERT
112.033,0.3244,0.1117,3.12,ALERT
112.067,0.3087,0.1688,-1.97,ALERT
112.1,0.3232,0.205,0.03,ALERT
112.133,0.3165,0.2121,-1.55,ALERT
112.167,0.3191,0.2157,-3.74,ALERT
112.2,0.2801,0.1121,0.6,ALERT
112.233,0.324,0.1855,-0.73,ALERT
112.267,0.3153,0.1342,1.2,ALERT
112.3,0.3375,0.1632,-0.27,ALERT
112.333,0.3399,0.1645,-0.83,ALERT
112.367,0.2978,0.0965,-0.94,ALERT
112.4,0.3068,0.1155,0.95,ALERT
112.433,0.3094,0.1585,-1.63,ALERT
112.467,0.3221,0.1827,0.22,ALERT
112.5,0.3303,0.1006,0.85,ALERT
112.533,0.292,0.149,-0.46,ALERT
112.567,0.2853,0.1969,3.81,ALERT
112.6,0.2995,0.1158,0.59,ALERT
112.633,0.3173,0.122,-3.83,ALERT
112.667,0.3233,0.1741,-2.8,ALERT
112.7,0.3154,0.1175,-1.98,ALERT
112.733,0.3087,0.1105,-0.1,ALERT
112.767,0.2958,0.1776,2.63,ALERT
112.8,0.329,0.142,2.32,ALERT
112.833,0.1661,0.182,2.38,ALERT
112.867,0.3146,0.1384,0.71,ALERT
112.9,0.2975,0.1164,2.86,ALERT
112.933,0.2803,0.2009,-1.04,ALERT
112.967,0.2852,0.1597,0.34,ALERT
113.0,0.3355,0.204,-2.92,ALERT
113.033,0.2952,0.1758,1.85,ALERT
113.067,0.333,0.1353,1.72,ALERT
113.1,0.3399,0.1408,-3.29,ALERT
113.133,0.3214,0.1621,-2.96,ALERT
113.167,0.3173,0.1745,-1.1,ALERT
113.2,0.335,0.1334,3.3,ALERT
113.233,0.2882,0.1896,2.84,ALERT
113.267,0.2934,0.1135,-1.01,ALERT
113.3,0.2904,0.191,-0.15,ALERT
113.333,0.2955,0.1291,0.78,ALERT
113.367,0.1513,0.1718,1.42,ALERT
113.4,0.339,0.1059,-1.11,ALERT
113.433,0.2888,0.1666,1.35,ALERT
113.467,0.3184,0.09,-2.82,ALERT
113.5,0.1589,0.1325,-1.8,ALERT
113.533,0.3045,0.2039,-1.28,ALERT
113.567,0.2867,0.1909,1.99,ALERT
113.6,0.3029,0.1576,-3.62,ALERT
113.633,0.3255,0.1483,1.91,ALERT
113.667,0.296,0.0837,-3.28,ALERT
113.7,0.2935,0.2186,-1.08,ALERT
113.733,0.3174,0.1097,-0.47,ALERT
113.767,0.3231,0.1766,-2.2,ALERT
113.8,0.2927,0.1018,3.42,ALERT
113.833,0.3047,0.0879,2.45,ALERT
113.867,0.3166,0.1018,-1.43,ALERT
113.9,0.303,0.0964,2.71,ALERT
113.933,0.3028,0.1928,-2.19,ALERT
113.967,0.2802,0.1717,3.15,ALERT
114.0,0.2956,0.1211,-2.79,ALERT
114.033,0.318,0.1847,0.49,ALERT
114.067,0.2946,0.1737,2.87,ALERT
114.1,0.2941,0.1587,0.63,ALERT
114.133,0.3031,0.1709,-3.13,ALERT
114.167,0.3303,0.1104,-2.31,ALERT
114.2,0.3296,0.1813,-1.45,ALERT
114.233,0.3008,0.1758,-3.09,ALERT
114.267,0.3211,0.091,-0.25,ALERT
114.3,0.3215,0.1026,1.28,ALERT
114.333,0.2937,0.1752,3.24,ALERT
114.367,0.291,0.0889,2.21,ALERT
114.4,0.298,0.214,0.86,ALERT
114.433,0.33,0.1518,3.59,ALERT
114.467,0.3296,0.1193,-1.73,ALERT
114.5,0.3335,0.2025,2.48,ALERT
114.533,0.3009,0.1499,1.07,ALERT
114.567,0.3333,0.1766,0.16,ALERT
114.6,0.2929,0.1602,-2.09,ALERT
114.633,0.3155,0.2108,1.21,ALERT
114.667,0.2992,0.1155,-2.12,ALERT
114.7,0.3123,0.103,-1.03,ALERT
114.733,0.3369,0.1667,-2.82,ALERT
114.767,0.2849,0.1195,-1.63,ALERT
114.8,0.2817,0.0923,-1.29,ALERT
114.833,0.2935,0.0932,-0.3,ALERT
114.867,0.3014,0.2181,3.63,ALERT
114.9,0.3269,0.2104,3.4,ALERT
114.933,0.336,0.2188,0.87,ALERT
114.967,0.2816,0.0975,2.47,ALERT
115.0,0.3145,0.1908,0.29,ALERT
115.033,0.283,0.1284,2.2,ALERT
115.067,0.3158,0.174,2.32,ALERT
115.1,0.2884,0.15,2.41,ALERT
115.133,0.3252,0.2012,-0.96,ALERT
115.167,0.3387,0.1692,1.44,ALERT
115.2,0.2962,0.0945,1.12,ALERT
115.233,0.3317,0.1369,2.87,ALERT
115.267,0.2926,0.1249,-2.46,ALERT
115.3,0.2895,0.1568,3.42,ALERT
115.333,0.3071,0.2142,3.15,ALERT
115.367,0.3129,0.0915,-3.68,ALERT
115.4,0.2819,0.2189,0.8,ALERT
115.433,0.3211,0.1596,1.77,ALERT
115.467,0.2879,0.0872,-3.62,ALERT
115.5,0.2934,0.2038,-3.7,ALERT
115.533,0.3168,0.2088,0.97,ALERT
115.567,0.2931,0.2066,3.7,ALERT
115.6,0.3347,0.1521,-1.67,ALERT
115.633,0.2802,0.1999,2.07,ALERT
115.667,0.2866,0.1761,-0.16,ALERT
115.7,0.2919,0.2122,1.71,ALERT
115.733,0.2949,0.1066,-2.87,ALERT
115.767,0.3368,0.1341,-1.22,ALERT
115.8,0.331,0.101,3.94,ALERT
115.833,0.2921,0.1091,2.19,ALERT
115.867,0.2963,0.1448,0.29,ALERT
115.9,0.3246,0.1715,1.69,ALERT
115.933,0.2882,0.1227,-4.0,ALERT
115.967,0.2972,0.1566,2.49,ALERT
116.0,0.3009,0.1033,-1.77,ALERT
116.033,0.3021,0.1931,3.52,ALERT
116.067,0.3265,0.2091,-0.56,ALERT
116.1,0.2915,0.1454,-1.16,ALERT
116.133,0.3075,0.1595,-3.5,ALERT
116.167,0.3265,0.1826,1.47,ALERT
116.2,0.2909,0.1332,-1.42,ALERT
116.233,0.3286,0.1288,1.33,ALERT
116.267,0.3165,0.1234,-1.88,ALERT
116.3,0.3101,0.197,2.07,ALERT
116.333,0.2813,0.0855,2.46,ALERT
116.367,0.2832,0.1283,3.31,ALERT
116.4,0.3204,0.1142,0.78,ALERT
116.433,0.3145,0.1653,1.61,ALERT
116.467,0.2913,0.1677,-3.49,ALERT
116.5,0.2841,0.1702,3.06,ALERT
116.533,0.2913,0.0994,-3.13,ALERT
116.567,0.333,0.1594,1.37,ALERT
116.6,0.3215,0.1412,-3.75,ALERT
116.633,0.3287,0.1264,-0.94,ALERT
116.667,0.3057,0.1007,-2.69,ALERT
116.7,0.3236,0.1811,-1.72,ALERT
116.733,0.288,0.212,1.85,ALERT
116.767,0.3333,0.1619,1.65,ALERT
116.8,0.3161,0.1206,-0.43,ALERT
116.833,0.2938,0.1088,1.73,ALERT
116.867,0.2861,0.1886,-3.81,ALERT
116.9,0.3113,0.2066,-3.8,ALERT
116.933,0.3081,0.1361,-0.09,ALERT
116.967,0.1639,0.1624,-3.04,ALERT
117.0,0.2959,0.118,0.04,ALERT
117.033,0.3184,0.1859,-2.07,ALERT
117.067,0.3045,0.2002,0.67,ALERT
117.1,0.3194,0.0999,0.14,ALERT
117.133,0.3387,0.1072,-3.86,ALERT
117.167,0.2926,0.1632,2.94,ALERT
117.2,0.3138,0.1169,1.24,ALERT
117.233,0.2864,0.1202,-2.3,ALERT
117.267,0.2994,0.1426,0.6,ALERT
117.3,0.288,0.1596,-0.19,ALERT
117.333,0.3358,0.1538,-1.86,ALERT
117.367,0.3086,0.1945,1.9,ALERT
117.4,0.3221,0.185,-1.23,ALERT
117.433,0.2949,0.2169,1.82,ALERT
117.467,0.2932,0.1294,-2.5,ALERT
117.5,0.3229,0.1009,-3.68,ALERT
117.533,0.3051,0.169,-2.63,ALERT
117.567,0.2978,0.1329,3.43,ALERT
117.6,0.3347,0.1836,-2.42,ALERT
117.633,0.3273,0.2173,1.44,ALERT
117.667,0.2953,0.1587,-2.07,ALERT
117.7,0.3047,0.1033,1.98,ALERT
117.733,0.311,0.2148,-2.75,ALERT
117.767,0.329,0.1257,3.13,ALERT
117.8,0.3247,0.1716,-1.81,ALERT
117.833,0.3197,0.2122,3.1,ALERT
117.867,0.2834,0.2183,0.99,ALERT
117.9,0.3307,0.2146,2.66,ALERT
117.933,0.3128,0.0996,-3.38,ALERT
117.967,0.2928,0.1929,-0.95,ALERT
118.0,0.3161,0.1728,-0.94,ALERT
118.033,0.2822,0.1559,2.42,ALERT
118.067,0.2842,0.1096,1.11,ALERT
118.1,0.2962,0.1863,0.73,ALERT
118.133,0.3071,0.1678,-1.34,ALERT
118.167,0.3045,0.1099,0.44,ALERT
118.2,0.3152,0.2161,1.72,ALERT
118.233,0.3356,0.1269,-2.48,ALERT
118.267,0.3292,0.1631,3.25,ALERT
118.3,0.3306,0.1072,3.54,ALERT
118.333,0.3263,0.1604,-2.09,ALERT
118.367,0.3336,0.1988,1.79,ALERT
118.4,0.3366,0.2151,3.4,ALERT
118.433,0.2858,0.0947,3.04,ALERT
118.467,0.3046,0.1174,0.99,ALERT
118.5,0.288,0.0866,0.09,ALERT
118.533,0.3309,0.1839,1.34,ALERT
118.567,0.3219,0.2015,-0.31,ALERT
118.6,0.3229,0.2093,-0.63,ALERT
118.633,0.3266,0.1868,2.84,ALERT
118.667,0.2945,0.1901,3.84,ALERT
118.7,0.3156,0.103,1.65,ALERT
118.733,0.2834,0.1692,-3.29,ALERT
118.767,0.2855,0.1235,-0.21,ALERT
118.8,0.3277,0.085,1.16,ALERT
118.833,0.2928,0.1691,3.31,ALERT
118.867,0.2907,0.2007,1.21,ALERT
118.9,0.2988,0.2092,3.12,ALERT
118.933,0.2979,0.1467,-3.75,ALERT
118.967,0.2803,0.2129,1.25,ALERT
119.0,0.3199,0.1417,-1.25,ALERT
119.033,0.2837,0.2039,-3.03,ALERT
119.067,0.3081,0.1868,0.28,ALERT
119.1,0.2893,0.1352,0.9,ALERT
119.133,0.298,0.2045,2.37,ALERT
119.167,0.3272,0.1567,1.36,ALERT
119.2,0.2992,0.1975,-2.32,ALERT
119.233,0.287,0.1415,-1.11,ALERT
119.267,0.3309,0.2016,-1.9,ALERT
119.3,0.2979,0.1623,-2.93,ALERT
119.333,0.3093,0.2166,1.91,ALERT
119.367,0.326,0.1217,0.56,ALERT
119.4,0.3317,0.1838,-0.06,ALERT
119.433,0.3137,0.1307,0.24,ALERT
119.467,0.3226,0.101,1.32,ALERT
119.5,0.3214,0.1974,-2.72,ALERT
119.533,0.3227,0.1093,-2.2,ALERT
119.567,0.3127,0.1493,-3.21,ALERT
119.6,0.3297,0.0985,0.3,ALERT
119.633,0.3169,0.1811,3.6,ALERT
119.667,0.2958,0.1732,-2.03,ALERT
119.7,0.3168,0.1142,-1.49,ALERT
119.733,0.3248,0.1538,-1.64,ALERT
119.767,0.3295,0.1994,-1.61,ALERT
119.8,0.336,0.1829,-1.87,ALERT
119.833,0.3372,0.1927,-1.95,ALERT
119.867,0.286,0.1273,-0.21,ALERT
119.9,0.3127,0.1312,2.65,ALERT
119.933,0.29,0.168,2.63,ALERT
119.967,0.2807,0.133,-1.55,ALERT
120.0,0.339,0.1046,-1.12,ALERT
120.033,0.2824,0.2074,-2.32,ALERT
120.067,0.2862,0.1357,0.23,ALERT
120.1,0.3283,0.0872,-0.67,ALERT
120.133,0.3348,0.2088,2.74,ALERT
120.167,0.3029,0.1855,-1.85,ALERT
120.2,0.3243,0.097,-2.46,ALERT
120.233,0.3331,0.0807,-3.5,ALERT
120.267,0.3218,0.1683,1.66,ALERT
120.3,0.3069,0.2089,2.52,ALERT
120.333,0.3318,0.1573,0.97,ALERT
120.367,0.3202,0.1625,-1.03,ALERT
120.4,0.294,0.1593,-0.42,ALERT
120.433,0.3066,0.1165,-3.83,ALERT
120.467,0.3021,0.1751,-3.34,ALERT
120.5,0.3018,0.1041,-0.41,ALERT
120.533,0.3152,0.0861,-1.85,ALERT
120.567,0.2831,0.1186,2.54,ALERT
120.6,0.3069,0.1898,-2.9,ALERT
120.633,0.3228,0.1465,-3.76,ALERT
120.667,0.2995,0.0862,1.18,ALERT
120.7,0.32,0.114,1.83,ALERT
120.733,0.335,0.1466,0.37,ALERT
120.767,0.2976,0.1915,3.11,ALERT
120.8,0.3127,0.1224,0.91,ALERT
120.833,0.2898,0.2154,2.96,ALERT
120.867,0.3262,0.1661,3.5,ALERT
120.9,0.332,0.0821,-0.68,ALERT
120.933,0.3024,0.1375,2.65,ALERT
120.967,0.3301,0.1108,-0.82,ALERT
121.0,0.3279,0.1501,2.46,ALERT
121.033,0.3211,0.1771,3.82,ALERT
121.067,0.3134,0.1593,-3.52,ALERT
121.1,0.3226,0.1298,-0.51,ALERT
121.133,0.3324,0.1928,0.59,ALERT
121.167,0.3267,0.158,-1.42,ALERT
121.2,0.287,0.1552,-1.5,ALERT
121.233,0.3331,0.1752,1.68,ALERT
121.267,0.3273,0.1933,1.67,ALERT
121.3,0.3058,0.1348,1.31,ALERT
121.333,0.2815,0.1249,-3.9,ALERT
121.367,0.3201,0.161,-3.62,ALERT
121.4,0.2961,0.1758,2.66,ALERT
121.433,0.2929,0.1654,2.66,ALERT
121.467,0.1373,0.1152,-3.86,ALERT
121.5,0.3185,0.1915,-1.78,ALERT
121.533,0.3334,0.1529,3.91,ALERT
121.567,0.3258,0.2152,-1.96,ALERT
121.6,0.2885,0.1994,-3.67,ALERT
121.633,0.2986,0.098,3.47,ALERT
121.667,0.3278,0.1803,3.26,ALERT
121.7,0.2867,0.2066,1.97,ALERT
121.733,0.308,0.1103,-2.0,ALERT
121.767,0.2894,0.1851,0.82,ALERT
121.8,0.3166,0.1287,2.05,ALERT
121.833,0.3197,0.1787,-2.15,ALERT
121.867,0.3203,0.1035,1.04,ALERT
121.9,0.3096,0.1767,0.63,ALERT
121.933,0.3191,0.1657,1.99,ALERT
121.967,0.3174,0.1257,3.27,ALERT
122.0,0.2878,0.0853,-0.1,ALERT
122.033,0.3273,0.0866,2.76,ALERT
122.067,0.2907,0.2175,-2.5,ALERT
122.1,0.3166,0.149,-0.37,ALERT
122.133,0.2942,0.1883,-0.21,ALERT
122.167,0.2874,0.132,3.45,ALERT
122.2,0.3363,0.2185,-2.99,ALERT
122.233,0.3238,0.0929,2.63,ALERT
122.267,0.2969,0.2143,-1.58,ALERT
122.3,0.3124,0.2109,-0.03,ALERT
122.333,0.3056,0.0887,-3.64,ALERT
122.367,0.2806,0.1478,-0.19,ALERT
122.4,0.2979,0.1049,2.6,ALERT
122.433,0.2883,0.1588,-3.99,ALERT
122.467,0.3094,0.2089,2.65,ALERT
122.5,0.303,0.1671,1.21,ALERT
122.533,0.3046,0.1674,3.28,ALERT
122.567,0.1471,0.1529,0.21,ALERT
122.6,0.2924,0.1509,0.3,ALERT
122.633,0.3161,0.1924,-3.25,ALERT
122.667,0.2955,0.125,-2.12,ALERT
122.7,0.3109,0.1637,2.81,ALERT
122.733,0.3335,0.1449,2.45,ALERT
122.767,0.3188,0.1628,3.61,ALERT
122.8,0.3104,0.134,-1.12,ALERT
122.833,0.3349,0.1655,-0.11,ALERT
122.867,0.2902,0.2104,3.74,ALERT
122.9,0.3175,0.1877,1.0,ALERT
122.933,0.3131,0.1335,0.3,ALERT
122.967,0.3258,0.1627,-0.55,ALERT
123.0,0.305,0.1817,3.14,ALERT
123.033,0.2853,0.0956,-1.01,ALERT
123.067,0.2819,0.083,3.91,ALERT
123.1,0.3183,0.1802,3.9,ALERT
123.133,0.1447,0.1705,3.23,ALERT
123.167,0.2052,0.2812,-2.14,WARNING
123.2,0.1944,0.205,-6.71,WARNING
123.233,0.2144,0.2548,-6.45,WARNING
123.267,0.2198,0.7273,-4.54,WARNING
123.3,0.233,0.7894,-1.92,WARNING
123.333,0.2052,0.1801,-3.08,WARNING
123.367,0.2106,0.2212,-3.48,WARNING
123.4,0.2423,0.6577,-0.47,WARNING
123.433,0.2567,0.8148,-6.28,WARNING
123.467,0.2437,0.7129,-1.63,WARNING
123.5,0.2435,0.6133,-5.37,WARNING
123.533,0.2015,0.2619,-1.35,WARNING
123.567,0.2252,0.2381,-2.07,WARNING
123.6,0.2589,0.6765,-7.75,WARNING
123.633,0.2282,0.7313,-4.9,WARNING
123.667,0.2052,0.2396,-5.3,WARNING
123.7,0.2488,0.6605,-0.94,WARNING
123.733,0.225,0.2685,-4.24,WARNING
123.767,0.2191,0.2605,-2.1,WARNING
123.8,0.2118,0.6672,-1.57,WARNING
123.833,0.1972,0.2738,-3.18,WARNING
123.867,0.2012,0.6326,-6.63,WARNING
123.9,0.2011,0.8004,-5.56,WARNING
123.933,0.197,0.2516,-6.97,WARNING
123.967,0.1903,0.2641,-4.16,WARNING
124.0,0.2444,0.8,-4.91,WARNING
124.033,0.2355,0.8434,-0.96,WARNING
124.067,0.2212,0.7111,-1.31,WARNING
124.1,0.2327,0.8437,-2.64,WARNING
124.133,0.2185,0.8168,-2.64,WARNING
124.167,0.2305,0.7023,-4.15,WARNING
124.2,0.2529,0.6375,-4.49,WARNING
124.233,0.2232,0.6649,-5.27,WARNING
124.267,0.2145,0.8281,-6.56,WARNING
124.3,0.2431,0.7265,-2.31,WARNING
124.333,0.2319,0.6581,-5.79,WARNING
124.367,0.2205,0.8277,-1.06,WARNING
124.4,0.2012,0.8021,-2.79,WARNING
124.433,0.1943,0.2993,-0.2,WARNING
124.467,0.2558,0.6795,-2.58,WARNING
124.5,0.2008,0.7205,-5.25,WARNING
124.533,0.2252,0.6331,-7.79,WARNING
124.567,0.2049,0.7699,-1.63,WARNING
124.6,0.218,0.185,-6.92,WARNING
124.633,0.2112,0.1694,-4.94,WARNING
124.667,0.2488,0.7811,-6.02,WARNING
124.7,0.1903,0.226,-4.94,WARNING
124.733,0.2124,0.2553,-0.32,WARNING
124.767,0.229,0.6898,-5.21,WARNING
124.8,0.2565,0.7939,-3.6,WARNING
124.833,0.2468,0.6059,-1.01,WARNING
124.867,0.1955,0.2255,-1.01,WARNING
124.9,0.2253,0.2361,-2.42,WARNING
124.933,0.1963,0.2438,-7.76,WARNING
124.967,0.1965,0.2276,-0.56,WARNING
125.0,0.2145,0.283,-7.26,WARNING
125.033,0.2195,0.1844,-6.74,WARNING
125.067,0.2173,0.6565,-1.67,WARNING
125.1,0.2478,0.6657,-2.66,WARNING
125.133,0.2133,0.6884,-2.69,WARNING
125.167,0.2104,0.2261,-3.42,WARNING
125.2,0.2102,0.6418,-4.94,WARNING
125.233,0.2264,0.7032,-0.74,WARNING
125.267,0.2363,0.8209,-7.48,WARNING
125.3,0.2583,0.8023,-6.77,WARNING
125.333,0.2079,0.2444,-0.33,WARNING
125.367,0.1943,0.1574,-2.92,WARNING
125.4,0.1974,0.2903,-1.12,WARNING
125.433,0.2343,0.7575,-5.95,WARNING
125.467,0.1972,0.2277,-5.41,WARNING
125.5,0.2211,0.7246,-4.54,WARNING
125.533,0.2046,0.2812,-4.19,WARNING
125.567,0.2035,0.2801,-3.66,WARNING
125.6,0.2579,0.6787,-1.1,WARNING
125.633,0.1903,0.238,-1.67,WARNING
125.667,0.2021,0.7392,-2.12,WARNING
125.7,0.2158,0.6378,-4.39,WARNING
125.733,0.2374,0.6957,-3.78,WARNING
125.767,0.2165,0.1759,-0.78,WARNING
125.8,0.22,0.1722,-3.37,WARNING
125.833,0.1934,0.2846,-4.57,WARNING
125.867,0.2023,0.6543,-5.17,WARNING
125.9,0.2234,0.2405,-5.31,WARNING
125.933,0.2153,0.6698,-3.13,WARNING
125.967,0.1926,0.2348,-1.9,WARNING
126.0,0.2012,0.2638,-2.97,WARNING
126.033,0.2074,0.6477,-3.75,WARNING
126.067,0.247,0.8093,-3.12,WARNING
126.1,0.2082,0.7484,-5.5,WARNING
126.133,0.2203,0.733,-4.56,WARNING
126.167,0.2222,0.1974,-7.26,WARNING
126.2,0.213,0.2478,-4.38,WARNING
126.233,0.2201,0.2497,-6.63,WARNING
126.267,0.2511,0.6505,-3.95,WARNING
126.3,0.204,0.2538,-0.71,WARNING
126.333,0.2086,0.6094,-5.16,WARNING
126.367,0.2265,0.6394,-0.1,WARNING
126.4,0.23,0.714,-4.57,WARNING
126.433,0.2288,0.6806,-6.68,WARNING
126.467,0.2435,0.7922,-6.75,WARNING
126.5,0.2063,0.616,-0.72,WARNING
126.533,0.233,0.7594,-3.03,WARNING
126.567,0.2271,0.1527,-1.79,WARNING
126.6,0.2143,0.267,-2.26,WARNING
126.633,0.1956,0.2341,-5.1,WARNING
126.667,0.2183,0.607,-1.1,WARNING
126.7,0.2551,0.66,-4.86,WARNING
126.733,0.2295,0.8187,-4.05,WARNING
126.767,0.2214,0.6576,-3.34,WARNING
126.8,0.2385,0.7639,-0.38,WARNING
126.833,0.2229,0.2595,-4.63,WARNING
126.867,0.2032,0.7629,-4.35,WARNING
126.9,0.218,0.7486,-7.32,WARNING
126.933,0.3065,0.1029,-2.62,ALERT
126.967,0.3331,0.1277,0.22,ALERT
127.0,0.3087,0.1067,1.14,ALERT
127.033,0.2955,0.0821,-1.89,ALERT
127.067,0.3047,0.1463,2.29,ALERT
127.1,0.3327,0.1136,-0.47,ALERT
127.133,0.2955,0.114,-1.5,ALERT
127.167,0.3273,0.1363,2.37,ALERT
127.2,0.3027,0.2055,3.23,ALERT
127.233,0.2963,0.0836,-2.7,ALERT
127.267,0.3377,0.1172,2.2,ALERT
127.3,0.3072,0.1409,-0.75,ALERT
127.333,0.2802,0.1786,3.33,ALERT
127.367,0.3118,0.1627,-1.39,ALERT
127.4,0.3206,0.0861,-2.37,ALERT
127.433,0.3033,0.2116,2.01,ALERT
127.467,0.3362,0.2095,-2.84,ALERT
127.5,0.3151,0.0857,0.29,ALERT
127.533,0.3137,0.1972,2.09,ALERT
127.567,0.3148,0.1567,-3.47,ALERT
127.6,0.3004,0.1782,-0.72,ALERT
127.633,0.2984,0.1296,-2.93,ALERT
127.667,0.3021,0.1138,3.55,ALERT
127.7,0.2955,0.1102,-1.69,ALERT
127.733,0.2998,0.1676,-3.37,ALERT
127.767,0.3305,0.1485,0.98,ALERT
127.8,0.308,0.1847,-1.8,ALERT
127.833,0.3197,0.1798,-0.04,ALERT
127.867,0.2947,0.1504,-1.8,ALERT
127.9,0.2862,0.0979,0.64,ALERT
127.933,0.3289,0.0898,3.38,ALERT
127.967,0.3243,0.1518,2.22,ALERT
128.0,0.2955,0.0944,-1.03,ALERT
128.033,0.2881,0.2056,-0.29,ALERT
128.067,0.3311,0.2103,2.61,ALERT
128.1,0.3232,0.1614,1.2,ALERT
128.133,0.3167,0.1625,3.27,ALERT
128.167,0.3098,0.1161,-1.7,ALERT
128.2,0.3381,0.1423,-0.21,ALERT
128.233,0.2814,0.1411,-0.08,ALERT
128.267,0.3065,0.1352,1.04,ALERT
128.3,0.2807,0.1847,-3.28,ALERT
128.333,0.323,0.2145,-0.76,ALERT
128.367,0.293,0.1016,3.07,ALERT
128.4,0.3108,0.1609,3.79,ALERT
128.433,0.3127,0.109,1.9,ALERT
128.467,0.3088,0.1179,0.4,ALERT
128.5,0.3223,0.1154,-3.63,ALERT
128.533,0.3274,0.1644,-0.6,ALERT
128.567,0.33,0.1764,-1.65,ALERT
128.6,0.3271,0.1782,2.34,ALERT
128.633,0.3076,0.1927,1.89,ALERT
128.667,0.3193,0.0878,0.25,ALERT
128.7,0.3399,0.1862,0.97,ALERT
128.733,0.3165,0.1008,-1.45,ALERT
128.767,0.2961,0.1512,3.23,ALERT
128.8,0.3331,0.1865,2.65,ALERT
128.833,0.3161,0.1201,3.96,ALERT
128.867,0.3164,0.1626,-3.29,ALERT
128.9,0.2996,0.1744,-1.03,ALERT
128.933,0.293,0.1853,0.81,ALERT
128.967,0.298,0.1256,-1.72,ALERT
129.0,0.2973,0.1451,0.94,ALERT
129.033,0.2989,0.168,0.26,ALERT
129.067,0.3061,0.1932,3.34,ALERT
129.1,0.3089,0.2162,0.41,ALERT
129.133,0.3281,0.1176,3.76,ALERT
129.167,0.3033,0.0884,1.41,ALERT
129.2,0.3396,0.099,-2.8,ALERT
129.233,0.3358,0.1318,-1.76,ALERT
129.267,0.3186,0.1985,0.71,ALERT
129.3,0.326,0.1903,-0.76,ALERT
129.333,0.3203,0.0802,0.99,ALERT
129.367,0.2956,0.1903,1.22,ALERT
129.4,0.3346,0.1805,1.69,ALERT
129.433,0.3069,0.1827,0.16,ALERT
129.467,0.3302,0.172,1.95,ALERT
129.5,0.3288,0.1511,0.84,ALERT
129.533,0.3039,0.1489,-2.18,ALERT
129.567,0.315,0.0956,-2.85,ALERT
129.6,0.3374,0.119,-1.04,ALERT
129.633,0.3083,0.1821,2.8,ALERT
129.667,0.3282,0.1167,-3.45,ALERT
129.7,0.3166,0.2016,3.46,ALERT
129.733,0.2998,0.1951,2.59,ALERT
129.767,0.2948,0.0974,0.06,ALERT
129.8,0.2964,0.1775,-0.89,ALERT
129.833,0.324,0.166,-0.47,ALERT
129.867,0.3089,0.0903,3.21,ALERT
129.9,0.3157,0.1565,3.99,ALERT
129.933,0.3115,0.1122,0.28,ALERT
129.967,0.2977,0.1131,-2.5,ALERT
130.0,0.3159,0.0954,-3.36,ALERT
130.033,0.2914,0.1386,-0.36,ALERT
130.067,0.3149,0.1732,2.8,ALERT
130.1,0.3366,0.2006,3.6,ALERT
130.133,0.2883,0.2061,2.33,ALERT
130.167,0.3249,0.1513,-1.0,ALERT
130.2,0.3388,0.1464,-1.94,ALERT
130.233,0.3227,0.0841,-2.4,ALERT
130.267,0.3266,0.2178,-2.33,ALERT
130.3,0.2846,0.0934,0.18,ALERT
130.333,0.2862,0.1624,-2.19,ALERT
130.367,0.3136,0.1283,-2.65,ALERT
130.4,0.3126,0.1083,-3.05,ALERT
130.433,0.3355,0.1639,-0.31,ALERT
130.467,0.2848,0.1871,3.48,ALERT
130.5,0.3062,0.172,3.69,ALERT
130.533,0.2921,0.2084,-3.49,ALERT
130.567,0.3161,0.1043,0.02,ALERT
130.6,0.3381,0.2183,1.2,ALERT
130.633,0.2942,0.1593,-2.56,ALERT
130.667,0.2959,0.0966,-3.87,ALERT
130.7,0.3265,0.1369,-0.45,ALERT
130.733,0.34,0.1909,2.4,ALERT
130.767,0.313,0.1553,-3.27,ALERT
130.8,0.2911,0.1663,-1.53,ALERT
130.833,0.2947,0.1571,3.67,ALERT
130.867,0.3354,0.1333,-1.74,ALERT
130.9,0.331,0.1164,-3.73,ALERT
130.933,0.2978,0.2144,-3.0,ALERT
130.967,0.2861,0.1946,-3.0,ALERT
131.0,0.3138,0.0979,-3.46,ALERT
131.033,0.3129,0.2053,-1.47,ALERT
131.067,0.3166,0.211,-3.57,ALERT
131.1,0.2946,0.1514,-1.47,ALERT
131.133,0.2946,0.2113,-0.19,ALERT
131.167,0.3118,0.1183,-1.43,ALERT
131.2,0.2828,0.1991,-0.7,ALERT
131.233,0.3336,0.2071,3.77,ALERT
131.267,0.3202,0.1555,0.57,ALERT
131.3,0.2864,0.1035,-3.36,ALERT
131.333,0.2963,0.1743,3.95,ALERT
131.367,0.3261,0.1497,-2.9,ALERT
131.4,0.2986,0.0873,-2.02,ALERT
131.433,0.2932,0.2185,2.41,ALERT
131.467,0.3135,0.1759,0.1,ALERT
131.5,0.3155,0.1935,3.83,ALERT
131.533,0.297,0.1484,0.34,ALERT
131.567,0.31,0.1286,3.67,ALERT
131.6,0.2999,0.1101,3.41,ALERT
131.633,0.3106,0.1944,-2.98,ALERT
131.667,0.3235,0.1608,-3.04,ALERT
131.7,0.3241,0.1962,0.15,ALERT
131.733,0.3125,0.2192,1.64,ALERT
131.767,0.2892,0.1169,-1.64,ALERT
131.8,0.3008,0.0995,1.55,ALERT
131.833,0.3186,0.2185,1.03,ALERT
131.867,0.3319,0.185,-0.15,ALERT
131.9,0.3311,0.1153,-3.95,ALERT
131.933,0.2972,0.1699,0.94,ALERT
131.967,0.2958,0.1915,-2.53,ALERT
132.0,0.1448,0.1952,1.81,ALERT
132.033,0.3127,0.1479,-0.42,ALERT
132.067,0.3281,0.1249,-0.26,ALERT
132.1,0.3346,0.2097,3.06,ALERT
132.133,0.2932,0.1717,-2.91,ALERT
132.167,0.3249,0.2185,0.04,ALERT
132.2,0.3241,0.1916,2.47,ALERT
132.233,0.3323,0.1896,3.79,ALERT
132.267,0.3378,0.204,-3.51,ALERT
132.3,0.3308,0.1386,-3.68,ALERT
132.333,0.3008,0.1956,-3.85,ALERT
132.367,0.3388,0.1802,1.2,ALERT
132.4,0.3103,0.1321,0.41,ALERT
132.433,0.311,0.1068,-0.32,ALERT
132.467,0.3166,0.1347,-2.54,ALERT
132.5,0.3233,0.0846,-3.75,ALERT
132.533,0.1676,0.1885,-0.7,ALERT
132.567,0.1454,0.2121,-3.35,ALERT
132.6,0.3372,0.1037,-1.73,ALERT
132.633,0.3133,0.2043,0.03,ALERT
132.667,0.3161,0.1714,2.39,ALERT
132.7,0.3337,0.1259,-1.63,ALERT
132.733,0.3065,0.0919,-0.01,ALERT
132.767,0.3316,0.1217,3.3,ALERT
132.8,0.2852,0.1045,2.05,ALERT
132.833,0.3018,0.1755,-1.41,ALERT
132.867,0.2921,0.1481,3.16,ALERT
132.9,0.3175,0.1043,0.08,ALERT
132.933,0.3283,0.1028,1.22,ALERT
132.967,0.3109,0.1883,-1.92,ALERT
133.0,0.2939,0.1339,1.06,ALERT
133.033,0.3017,0.1678,1.87,ALERT
133.067,0.3379,0.1092,-1.91,ALERT
133.1,0.2971,0.1511,-1.15,ALERT
133.133,0.3037,0.1299,-2.25,ALERT
133.167,0.1479,0.1165,3.5,ALERT
133.2,0.3255,0.123,3.07,ALERT
133.233,0.3052,0.2086,-2.42,ALERT
133.267,0.2833,0.15,-1.45,ALERT
133.3,0.2856,0.1721,-2.6,ALERT
133.333,0.3085,0.1631,-0.67,ALERT
133.367,0.3363,0.1947,-0.99,ALERT
133.4,0.1485,0.1147,2.48,ALERT
133.433,0.3059,0.1687,-0.22,ALERT
133.467,0.3182,0.0867,-3.76,ALERT
133.5,0.299,0.1859,-1.85,ALERT
133.533,0.3222,0.1769,1.38,ALERT
133.567,0.3102,0.0812,-1.84,ALERT
133.6,0.3202,0.1692,1.1,ALERT
133.633,0.3043,0.116,0.65,ALERT
133.667,0.3103,0.1579,1.96,ALERT
133.7,0.311,0.2137,1.81,ALERT
133.733,0.3379,0.1308,1.4,ALERT
133.767,0.1478,0.2108,-2.47,ALERT
133.8,0.2918,0.1279,-1.58,ALERT
133.833,0.3168,0.2137,1.96,ALERT
133.867,0.3334,0.1504,0.29,ALERT
133.9,0.2958,0.1994,-0.4,ALERT
133.933,0.3123,0.2048,0.48,ALERT
133.967,0.3385,0.102,3.76,ALERT
134.0,0.3228,0.0973,-1.38,ALERT
134.033,0.3309,0.1312,-3.65,ALERT
134.067,0.3319,0.1471,3.7,ALERT
134.1,0.2817,0.1895,1.28,ALERT
134.133,0.3016,0.1112,-3.83,ALERT
134.167,0.3168,0.118,-1.32,ALERT
134.2,0.3323,0.195,-2.04,ALERT
134.233,0.3367,0.0979,-1.58,ALERT
134.267,0.3199,0.1368,3.34,ALERT
134.3,0.339,0.2023,3.64,ALERT
134.333,0.2827,0.1588,-0.29,ALERT
134.367,0.3185,0.1181,1.01,ALERT
134.4,0.332,0.2073,-1.15,ALERT
134.433,0.2889,0.1483,1.2,ALERT
134.467,0.3307,0.1878,-0.35,ALERT
134.5,0.3114,0.1793,-2.22,ALERT
134.533,0.2973,0.2114,-0.53,ALERT
134.567,0.2983,0.1586,-0.4,ALERT
134.6,0.2922,0.1789,1.35,ALERT
134.633,0.3302,0.097,3.45,ALERT
134.667,0.3344,0.2117,-3.14,ALERT
134.7,0.3332,0.1,3.74,ALERT
134.733,0.2855,0.1658,-3.19,ALERT
134.767,0.3105,0.1114,3.9,ALERT
134.8,0.3093,0.1706,2.03,ALERT
134.833,0.3258,0.1487,-1.64,ALERT
134.867,0.3176,0.2182,-1.19,ALERT
134.9,0.173,0.192,-0.2,ALERT
134.933,0.2804,0.1255,-2.86,ALERT
134.967,0.2876,0.1979,1.32,ALERT
135.0,0.3045,0.1809,3.86,ALERT
135.033,0.301,0.1305,-0.69,ALERT
135.067,0.33,0.2182,-2.59,ALERT
135.1,0.3298,0.1408,-1.72,ALERT
135.133,0.3165,0.1864,-3.97,ALERT
135.167,0.3254,0.1938,-3.25,ALERT
135.2,0.281,0.1275,-3.4,ALERT
135.233,0.2947,0.1664,-0.16,ALERT
135.267,0.3063,0.2054,-1.55,ALERT
135.3,0.3033,0.1112,3.28,ALERT
135.333,0.3126,0.0924,-2.91,ALERT
135.367,0.3279,0.116,-0.43,ALERT
135.4,0.2938,0.0906,2.21,ALERT
135.433,0.2967,0.1137,-1.27,ALERT
135.467,0.3138,0.1295,3.64,ALERT
135.5,0.3314,0.1349,1.55,ALERT
135.533,0.3292,0.1753,-0.51,ALERT
135.567,0.3344,0.1914,-1.87,ALERT
135.6,0.3129,0.0898,0.99,ALERT
135.633,0.2878,0.1194,1.81,ALERT
135.667,0.3213,0.2011,2.85,ALERT
135.7,0.3011,0.0941,-1.85,ALERT
135.733,0.3359,0.2169,-2.34,ALERT
135.767,0.3303,0.1785,0.64,ALERT
135.8,0.2984,0.1988,2.93,ALERT
135.833,0.3143,0.1515,-2.79,ALERT
135.867,0.3042,0.0949,3.01,ALERT
135.9,0.3317,0.1087,-0.69,ALERT
135.933,0.325,0.1787,0.2,ALERT
135.967,0.2995,0.1175,3.39,ALERT
136.0,0.3158,0.1074,0.17,ALERT
136.033,0.3279,0.1598,-0.04,ALERT
136.067,0.3018,0.0927,2.41,ALERT
136.1,0.3095,0.2021,1.54,ALERT
136.133,0.3152,0.1341,3.25,ALERT
136.167,0.1727,0.1738,3.03,ALERT
136.2,0.3307,0.0991,3.66,ALERT
136.233,0.2917,0.1473,-0.75,ALERT
136.267,0.1727,0.1575,-3.78,ALERT
136.3,0.3334,0.0862,1.74,ALERT
136.333,0.3314,0.1624,-0.4,ALERT
136.367,0.293,0.1495,3.51,ALERT
136.4,0.2884,0.178,-1.89,ALERT
136.433,0.3386,0.1894,-0.85,ALERT
136.467,0.285,0.1765,0.73,ALERT
136.5,0.3192,0.0963,-1.55,ALERT
136.533,0.2858,0.098,-2.46,ALERT
136.567,0.2814,0.211,-1.66,ALERT
136.6,0.3393,0.0858,-3.24,ALERT
136.633,0.3109,0.1413,-0.96,ALERT
136.667,0.3393,0.1618,-1.94,ALERT
136.7,0.3094,0.0867,0.46,ALERT
136.733,0.306,0.1006,1.63,ALERT
136.767,0.2931,0.099,-0.0,ALERT
136.8,0.306,0.1949,2.5,ALERT
136.833,0.2964,0.1889,-2.78,ALERT
136.867,0.308,0.0851,-1.87,ALERT
136.9,0.2959,0.1257,-2.36,ALERT
136.933,0.3017,0.1256,3.34,ALERT
136.967,0.2817,0.1991,2.69,ALERT
137.0,0.3249,0.1443,2.51,ALERT
137.033,0.2951,0.0833,0.86,ALERT
137.067,0.2932,0.1121,0.58,ALERT
137.1,0.3274,0.1709,-0.86,ALERT
137.133,0.3029,0.0874,-3.13,ALERT
137.167,0.3136,0.1923,3.52,ALERT
137.2,0.3258,0.1068,-1.37,ALERT
137.233,0.3025,0.0882,-0.51,ALERT
137.267,0.3232,0.1097,3.52,ALERT
137.3,0.337,0.1222,2.37,ALERT
137.333,0.3176,0.1896,-0.41,ALERT
137.367,0.3177,0.0952,3.33,ALERT
137.4,0.3381,0.1979,3.34,ALERT
137.433,0.323,0.15,2.12,ALERT
137.467,0.2896,0.2089,2.49,ALERT
137.5,0.2873,0.0824,-2.8,ALERT
137.533,0.2953,0.1722,-3.05,ALERT
137.567,0.302,0.1444,-0.66,ALERT
137.6,0.3382,0.1347,-2.57,ALERT
137.633,0.3255,0.1003,-0.29,ALERT
137.667,0.3078,0.0916,-2.72,ALERT
137.7,0.291,0.1966,2.32,ALERT
137.733,0.2829,0.1918,-0.39,ALERT
137.767,0.32,0.1403,0.77,ALERT
137.8,0.2847,0.1213,-3.07,ALERT
137.833,0.305,0.1992,-1.63,ALERT
137.867,0.3322,0.08,0.3,ALERT
137.9,0.2979,0.1081,1.08,ALERT
137.933,0.3168,0.1119,-1.04,ALERT
137.967,0.3207,0.1396,2.13,ALERT
138.0,0.3138,0.1513,0.63,ALERT
138.033,0.3004,0.1539,3.42,ALERT
138.067,0.3076,0.1374,-2.82,ALERT
138.1,0.3038,0.1915,2.42,ALERT
138.133,0.318,0.1033,-3.97,ALERT
138.167,0.3123,0.177,0.49,ALERT
138.2,0.3059,0.1832,0.35,ALERT
138.233,0.3074,0.1443,0.11,ALERT
138.267,0.3141,0.1327,0.94,ALERT
138.3,0.3225,0.1562,0.31,ALERT
138.333,0.2974,0.162,-0.63,ALERT
138.367,0.3079,0.1421,0.88,ALERT
138.4,0.2931,0.1474,3.77,ALERT
138.433,0.3359,0.1603,-0.55,ALERT
138.467,0.3354,0.1089,-1.67,ALERT
138.5,0.302,0.0814,1.73,ALERT
138.533,0.3322,0.1067,-1.4,ALERT
138.567,0.313,0.1577,-3.25,ALERT
138.6,0.2873,0.0887,-0.01,ALERT
138.633,0.3335,0.1953,-0.06,ALERT
138.667,0.3042,0.2166,2.4,ALERT
138.7,0.3033,0.2076,-3.05,ALERT
138.733,0.333,0.1016,-1.6,ALERT
138.767,0.307,0.2113,-1.69,ALERT
138.8,0.3152,0.1729,3.54,ALERT
138.833,0.2952,0.2123,-3.83,ALERT
138.867,0.3153,0.1415,3.73,ALERT
138.9,0.2879,0.1144,3.44,ALERT
138.933,0.2917,0.1558,3.64,ALERT
138.967,0.3205,0.1781,0.22,ALERT
139.0,0.3398,0.2036,3.75,ALERT
139.033,0.3305,0.121,-1.65,ALERT
139.067,0.2877,0.1086,-0.18,ALERT
139.1,0.305,0.1564,-2.54,ALERT
139.133,0.3147,0.1395,1.72,ALERT
139.167,0.2926,0.128,-2.05,ALERT
139.2,0.2908,0.0867,0.64,ALERT
139.233,0.3302,0.1573,-0.07,ALERT
139.267,0.3136,0.0936,-2.17,ALERT
139.3,0.2811,0.1238,-2.66,ALERT
139.333,0.2986,0.1604,2.23,ALERT
139.367,0.3224,0.1158,2.03,ALERT
139.4,0.3213,0.1321,3.79,ALERT
139.433,0.2818,0.1571,0.78,ALERT
139.467,0.3253,0.0862,-2.27,ALERT
139.5,0.306,0.1386,-3.63,ALERT
139.533,0.2886,0.1794,-1.76,ALERT
139.567,0.3264,0.1903,2.39,ALERT
139.6,0.3144,0.1544,-3.43,ALERT
139.633,0.3004,0.0907,3.05,ALERT
139.667,0.3043,0.1487,-0.86,ALERT
139.7,0.1676,0.1701,-3.13,ALERT
139.733,0.3149,0.1396,3.1,ALERT
139.767,0.2951,0.149,0.76,ALERT
139.8,0.3194,0.1311,3.67,ALERT
139.833,0.2983,0.0963,-3.07,ALERT
139.867,0.2908,0.1241,2.65,ALERT
139.9,0.324,0.0974,3.93,ALERT
139.933,0.2902,0.1719,-1.48,ALERT
139.967,0.3113,0.1388,-1.49,ALERT
140.0,0.326,0.1583,3.5,ALERT
140.033,0.287,0.1393,3.89,ALERT
140.067,0.2916,0.1751,3.34,ALERT
140.1,0.3236,0.102,2.23,ALERT
140.133,0.3192,0.1811,1.22,ALERT
140.167,0.34,0.141,-1.19,ALERT
140.2,0.2968,0.1024,3.05,ALERT
140.233,0.2864,0.2084,1.24,ALERT
140.267,0.308,0.189,3.48,ALERT
140.3,0.2831,0.1832,2.53,ALERT
140.333,0.309,0.2128,-3.95,ALERT
140.367,0.2897,0.1832,0.8,ALERT
140.4,0.3274,0.1915,-3.33,ALERT
140.433,0.3072,0.1871,-1.15,ALERT
140.467,0.2977,0.0984,2.24,ALERT
140.5,0.3312,0.1534,-2.61,ALERT
140.533,0.3356,0.1961,0.11,ALERT
140.567,0.2929,0.1967,0.84,ALERT
140.6,0.3011,0.1321,-3.98,ALERT
140.633,0.2833,0.154,-2.69,ALERT
140.667,0.3288,0.1374,-1.95,ALERT
140.7,0.3265,0.219,3.73,ALERT
140.733,0.3206,0.1888,0.89,ALERT
140.767,0.3088,0.1339,1.2,ALERT
140.8,0.3154,0.1358,1.67,ALERT
140.833,0.3371,0.1434,-3.36,ALERT
140.867,0.3289,0.186,0.42,ALERT
140.9,0.2896,0.1072,1.07,ALERT
140.933,0.3018,0.1333,-0.57,ALERT
140.967,0.3176,0.1496,1.06,ALERT
141.0,0.2807,0.2183,-2.53,ALERT
141.033,0.3205,0.1576,-1.39,ALERT
141.067,0.3217,0.1623,2.1,ALERT
141.1,0.3239,0.2108,-3.79,ALERT
141.133,0.3265,0.1794,-3.1,ALERT
141.167,0.2833,0.2123,-2.6,ALERT
141.2,0.3012,0.1628,-1.7,ALERT
141.233,0.3173,0.154,0.6,ALERT
141.267,0.3286,0.1452,0.15,ALERT
141.3,0.3292,0.1661,0.02,ALERT
141.333,0.3387,0.1261,1.66,ALERT
141.367,0.3321,0.168,3.61,ALERT
141.4,0.3104,0.2019,1.85,ALERT
141.433,0.2899,0.1084,0.59,ALERT
141.467,0.1791,0.2163,-1.81,ALERT
141.5,0.3239,0.0882,-2.75,ALERT
141.533,0.3318,0.157,-3.91,ALERT
141.567,0.3081,0.1347,3.94,ALERT
141.6,0.3373,0.1153,-2.1,ALERT
141.633,0.301,0.0879,0.51,ALERT
141.667,0.2818,0.138,0.35,ALERT
141.7,0.3146,0.1895,1.39,ALERT
141.733,0.2914,0.19,3.63,ALERT
141.767,0.3273,0.2147,-0.09,ALERT
141.8,0.2866,0.1193,1.56,ALERT
141.833,0.2823,0.0989,-2.82,ALERT
141.867,0.3074,0.1123,-1.95,ALERT
141.9,0.3369,0.1498,-3.33,ALERT
141.933,0.3156,0.1389,-0.95,ALERT
141.967,0.2872,0.1137,1.79,ALERT
142.0,0.2933,0.1806,1.89,ALERT
142.033,0.294,0.1508,-0.23,ALERT
142.067,0.3082,0.1771,3.12,ALERT
142.1,0.3293,0.1486,-1.46,ALERT
142.133,0.2996,0.1239,1.77,ALERT
142.167,0.2944,0.1497,0.11,ALERT
142.2,0.3155,0.1032,2.61,ALERT
142.233,0.2902,0.0983,-4.0,ALERT
142.267,0.3336,0.2025,2.08,ALERT
142.3,0.3163,0.0864,-2.17,ALERT
142.333,0.2846,0.1307,-3.46,ALERT
142.367,0.2824,0.2153,-3.81,ALERT
142.4,0.2879,0.0804,1.75,ALERT
142.433,0.3026,0.1767,-1.39,ALERT
142.467,0.3304,0.1245,3.85,ALERT
142.5,0.3352,0.1143,-1.67,ALERT
142.533,0.324,0.1301,2.62,ALERT
142.567,0.2857,0.0811,0.18,ALERT
142.6,0.2866,0.1141,-1.29,ALERT
142.633,0.2829,0.2047,-2.77,ALERT
142.667,0.3311,0.1618,3.03,ALERT
142.7,0.295,0.1189,2.85,ALERT
142.733,0.3207,0.189,-3.47,ALERT
142.767,0.3083,0.1801,-2.3,ALERT
142.8,0.2868,0.1971,2.11,ALERT
142.833,0.314,0.0845,2.87,ALERT
142.867,0.3014,0.2161,-0.65,ALERT
142.9,0.3075,0.1655,0.32,ALERT
142.933,0.3199,0.0996,-2.92,ALERT
142.967,0.3373,0.2082,-0.21,ALERT
143.0,0.3381,0.1332,-3.49,ALERT
143.033,0.304,0.1679,3.1,ALERT
143.067,0.2896,0.1215,1.07,ALERT
143.1,0.2863,0.1001,3.05,ALERT
143.133,0.287,0.1993,-1.25,ALERT
143.167,0.329,0.1728,1.14,ALERT
143.2,0.318,0.1977,3.62,ALERT
143.233,0.3257,0.1727,-1.6,ALERT
143.267,0.3118,0.1295,-3.98,ALERT
143.3,0.3266,0.1587,-2.56,ALERT
143.333,0.3182,0.1312,1.78,ALERT
143.367,0.2958,0.2024,2.67,ALERT
143.4,0.3002,0.138,3.51,ALERT
143.433,0.3003,0.1256,-2.02,ALERT
143.467,0.2924,0.1727,0.14,ALERT
143.5,0.334,0.1791,-1.5,ALERT
143.533,0.315,0.1201,-1.24,ALERT
143.567,0.3182,0.1959,0.68,ALERT
143.6,0.2948,0.2117,-1.29,ALERT
143.633,0.2809,0.1342,-1.27,ALERT
143.667,0.3031,0.0845,-2.91,ALERT
143.7,0.2835,0.1943,-1.03,ALERT
143.733,0.3133,0.0886,-2.24,ALERT
143.767,0.3392,0.1654,3.76,ALERT
143.8,0.3173,0.1307,0.62,ALERT
143.833,0.3295,0.1864,-1.43,ALERT
143.867,0.3207,0.1388,-0.77,ALERT
143.9,0.3224,0.1877,-3.66,ALERT
143.933,0.3339,0.1516,3.26,ALERT
143.967,0.307,0.1643,-2.21,ALERT
144.0,0.3145,0.1882,-1.26,ALERT
144.033,0.2827,0.1583,-3.3,ALERT
144.067,0.3108,0.1968,2.0,ALERT
144.1,0.2856,0.2051,-1.47,ALERT
144.133,0.2992,0.1854,-1.71,ALERT
144.167,0.3132,0.2048,0.36,ALERT
144.2,0.3179,0.2038,-0.62,ALERT
144.233,0.3398,0.1359,3.67,ALERT
144.267,0.2931,0.2057,3.56,ALERT
144.3,0.2971,0.1026,-3.89,ALERT
144.333,0.2962,0.1161,2.13,ALERT
144.367,0.2967,0.1397,2.41,ALERT
144.4,0.2841,0.181,-0.05,ALERT
144.433,0.2846,0.1746,3.98,ALERT
144.467,0.2893,0.1785,3.12,ALERT
144.5,0.2934,0.0952,1.68,ALERT
144.533,0.327,0.0933,-2.17,ALERT
144.567,0.2801,0.1422,-1.54,ALERT
144.6,0.3368,0.0894,-0.77,ALERT
144.633,0.3203,0.1801,-3.75,ALERT
144.667,0.3307,0.1288,3.65,ALERT
144.7,0.2818,0.1037,2.2,ALERT
144.733,0.3395,0.1642,-2.15,ALERT
144.767,0.3295,0.1081,3.21,ALERT
144.8,0.3057,0.2187,1.48,ALERT
144.833,0.3107,0.195,-1.3,ALERT
144.867,0.3113,0.1905,-1.23,ALERT
144.9,0.2973,0.123,0.25,ALERT
144.933,0.3369,0.0893,-3.23,ALERT
144.967,0.1645,0.1485,-3.54,ALERT
145.0,0.3145,0.1693,-2.88,ALERT
145.033,0.3048,0.137,-2.14,ALERT
145.067,0.2847,0.2098,1.59,ALERT
145.1,0.326,0.0982,-2.4,ALERT
145.133,0.3392,0.1222,-2.52,ALERT
145.167,0.3102,0.1467,-0.93,ALERT
145.2,0.3362,0.1128,-0.44,ALERT
145.233,0.3089,0.1374,3.82,ALERT
145.267,0.3237,0.2195,2.13,ALERT
145.3,0.2893,0.1323,3.91,ALERT
145.333,0.1525,0.1237,2.83,ALERT
145.367,0.3283,0.152,-2.34,ALERT
145.4,0.316,0.1419,-0.48,ALERT
145.433,0.2817,0.1681,-1.49,ALERT
145.467,0.3345,0.134,3.44,ALERT
145.5,0.2873,0.1107,2.61,ALERT
145.533,0.3068,0.2126,2.32,ALERT
145.567,0.2918,0.1315,-0.76,ALERT
145.6,0.3344,0.1638,0.83,ALERT
145.633,0.1396,0.1089,-3.03,ALERT
145.667,0.3241,0.1493,-2.79,ALERT
145.7,0.328,0.0907,2.6,ALERT
145.733,0.3348,0.1523,0.68,ALERT
145.767,0.293,0.0997,-1.53,ALERT
145.8,0.3151,0.209,2.66,ALERT
145.833,0.3078,0.1635,3.42,ALERT
145.867,0.3353,0.108,-0.77,ALERT
145.9,0.3356,0.0906,-2.8,ALERT
145.933,0.3307,0.2195,-0.22,ALERT
145.967,0.3065,0.1976,1.93,ALERT
146.0,0.3066,0.1836,1.84,ALERT
146.033,0.2826,0.1128,2.15,ALERT
146.067,0.3189,0.1209,-3.3,ALERT
146.1,0.3226,0.2108,0.88,ALERT
146.133,0.3327,0.2106,-3.48,ALERT
146.167,0.2871,0.1417,-1.22,ALERT
146.2,0.3051,0.2147,0.24,ALERT
146.233,0.2806,0.1904,-1.84,ALERT
146.267,0.2995,0.1847,1.99,ALERT
146.3,0.3077,0.1378,-0.27,ALERT
146.333,0.3223,0.1305,1.9,ALERT
146.367,0.3385,0.2091,-1.82,ALERT
146.4,0.3226,0.1519,-1.75,ALERT
146.433,0.3197,0.1168,0.52,ALERT
146.467,0.3251,0.1186,2.83,ALERT
146.5,0.3392,0.1285,-1.81,ALERT
146.533,0.2841,0.1529,0.37,ALERT
146.567,0.2819,0.1434,3.44,ALERT
146.6,0.3089,0.2004,-2.64,ALERT
146.633,0.3109,0.2086,-3.0,ALERT
146.667,0.2955,0.1763,3.74,ALERT
146.7,0.3046,0.1102,-3.53,ALERT
146.733,0.2824,0.1003,-3.91,ALERT
146.767,0.3126,0.1831,-2.11,ALERT
146.8,0.3093,0.1407,2.56,ALERT
146.833,0.3243,0.1961,-1.38,ALERT
146.867,0.284,0.1629,-1.92,ALERT
146.9,0.3356,0.2097,3.49,ALERT
146.933,0.2985,0.1865,-1.47,ALERT
146.967,0.324,0.1948,0.9,ALERT
147.0,0.3046,0.091,2.52,ALERT
147.033,0.1443,0.1994,3.12,ALERT
147.067,0.2812,0.101,2.64,ALERT
147.1,0.3398,0.2053,2.02,ALERT
147.133,0.2887,0.1131,-0.88,ALERT
147.167,0.3282,0.1358,2.5,ALERT
147.2,0.3336,0.1651,-1.94,ALERT
147.233,0.3105,0.1624,-3.71,ALERT
147.267,0.2929,0.1292,-0.45,ALERT
147.3,0.3269,0.0943,1.83,ALERT
147.333,0.3284,0.2128,-0.35,ALERT
147.367,0.3017,0.0929,-3.72,ALERT
147.4,0.3181,0.174,3.51,ALERT
147.433,0.3001,0.0966,1.6,ALERT
147.467,0.292,0.125,-3.31,ALERT
147.5,0.3299,0.1839,0.98,ALERT
147.533,0.3094,0.1352,-1.49,ALERT
147.567,0.2949,0.1802,-0.77,ALERT
147.6,0.3073,0.1053,-2.62,ALERT
147.633,0.3384,0.1613,-1.49,ALERT
147.667,0.281,0.0914,1.2,ALERT
147.7,0.3327,0.1946,-2.58,ALERT
147.733,0.2826,0.1368,0.72,ALERT
147.767,0.3081,0.1916,0.35,ALERT
147.8,0.1313,0.1116,2.27,ALERT
147.833,0.2858,0.1995,0.29,ALERT
147.867,0.332,0.1183,1.97,ALERT
147.9,0.2905,0.1827,3.78,ALERT
147.933,0.3126,0.1734,-3.18,ALERT
147.967,0.2937,0.1584,-1.61,ALERT
148.0,0.339,0.175,3.96,ALERT
148.033,0.3215,0.1701,-3.48,ALERT
148.067,0.1254,0.1995,-1.47,ALERT
148.1,0.3276,0.1714,-3.31,ALERT
148.133,0.3271,0.1477,3.0,ALERT
148.167,0.2845,0.1434,-0.22,ALERT
148.2,0.3347,0.1475,-2.42,ALERT
148.233,0.321,0.2182,-1.84,ALERT
148.267,0.2847,0.1743,1.77,ALERT
148.3,0.2856,0.1385,0.31,ALERT
148.333,0.3078,0.1601,-3.92,ALERT
148.367,0.3315,0.197,-3.5,ALERT
148.4,0.2846,0.1824,1.46,ALERT
148.433,0.3064,0.1446,-2.01,ALERT
148.467,0.3274,0.2015,0.35,ALERT
148.5,0.2843,0.2034,2.04,ALERT
148.533,0.3115,0.0841,-1.87,ALERT
148.567,0.314,0.0936,2.12,ALERT
148.6,0.3145,0.0975,-2.02,ALERT
148.633,0.3252,0.1751,0.01,ALERT
148.667,0.3187,0.1945,3.3,ALERT
148.7,0.2972,0.1891,-0.84,ALERT
148.733,0.3379,0.1854,-0.41,ALERT
148.767,0.2992,0.0829,-3.16,ALERT
148.8,0.3219,0.1592,-2.72,ALERT
148.833,0.291,0.187,-1.73,ALERT
148.867,0.3185,0.1169,3.01,ALERT
148.9,0.2867,0.1944,-1.41,ALERT
148.933,0.3094,0.1562,-1.4,ALERT
148.967,0.2973,0.0861,0.95,ALERT
149.0,0.3028,0.113,0.86,ALERT
149.033,0.3255,0.1564,3.43,ALERT
149.067,0.2936,0.0989,2.82,ALERT
149.1,0.3366,0.1593,0.1,ALERT
149.133,0.3376,0.1207,1.89,ALERT
149.167,0.3343,0.1572,-2.37,ALERT
149.2,0.323,0.1154,0.6,ALERT
149.233,0.3274,0.2154,-0.35,ALERT
149.267,0.2916,0.2146,0.03,ALERT
149.3,0.2943,0.1602,1.59,ALERT
149.333,0.2985,0.0878,0.88,ALERT
149.367,0.3081,0.1384,1.56,ALERT
149.4,0.2905,0.1577,-2.94,ALERT
149.433,0.2833,0.0903,-0.61,ALERT
149.467,0.3383,0.1859,-3.13,ALERT
149.5,0.3089,0.1283,-0.51,ALERT
149.533,0.2937,0.2078,1.16,ALERT
149.567,0.2832,0.1451,-1.3,ALERT
149.6,0.3024,0.1958,0.44,ALERT
149.633,0.29,0.1996,0.13,ALERT
149.667,0.2862,0.1418,-0.43,ALERT
149.7,0.3209,0.1697,-2.32,ALERT
149.733,0.282,0.1983,2.87,ALERT
149.767,0.2991,0.0912,2.99,ALERT
149.8,0.3162,0.1952,-1.31,ALERT
149.833,0.3068,0.0913,-1.32,ALERT
149.867,0.3361,0.1842,1.61,ALERT
149.9,0.2883,0.2094,-0.24,ALERT
149.933,0.2827,0.0873,2.68,ALERT
149.967,0.3198,0.1454,-1.26,ALERT
150.0,0.3363,0.1851,3.56,ALERT
150.033,0.3154,0.1492,1.49,ALERT
150.067,0.3181,0.1034,-1.72,ALERT
150.1,0.3002,0.1584,1.52,ALERT
150.133,0.2971,0.1269,-0.05,ALERT
150.167,0.3212,0.0908,0.68,ALERT
150.2,0.3142,0.1749,3.08,ALERT
150.233,0.3394,0.0905,0.67,ALERT
150.267,0.3253,0.2118,2.32,ALERT
150.3,0.3183,0.1315,-0.13,ALERT
150.333,0.2987,0.0891,0.78,ALERT
150.367,0.2872,0.1367,2.56,ALERT
150.4,0.3258,0.1784,-0.07,ALERT
150.433,0.3181,0.1646,-1.53,ALERT
150.467,0.3234,0.1938,-0.74,ALERT
150.5,0.3377,0.1266,-3.97,ALERT
150.533,0.3381,0.1671,-1.47,ALERT
150.567,0.3342,0.1677,2.37,ALERT
150.6,0.3191,0.1977,-3.52,ALERT
150.633,0.3003,0.1215,3.03,ALERT
150.667,0.2936,0.1852,-0.0,ALERT
150.7,0.3344,0.2029,-2.58,ALERT
150.733,0.3125,0.1187,-1.71,ALERT
150.767,0.305,0.1425,3.73,ALERT
150.8,0.2997,0.1647,-3.3,ALERT
150.833,0.3193,0.128,2.96,ALERT
150.867,0.3092,0.201,3.08,ALERT
150.9,0.3042,0.2074,1.36,ALERT
150.933,0.3392,0.1151,1.89,ALERT
150.967,0.1568,0.175,3.93,ALERT
151.0,0.3295,0.0987,-1.87,ALERT
151.033,0.3371,0.1368,2.5,ALERT
151.067,0.3126,0.1692,2.65,ALERT
151.1,0.2995,0.1362,0.04,ALERT
151.133,0.2808,0.1375,1.21,ALERT
151.167,0.2951,0.112,-3.65,ALERT
151.2,0.2981,0.1682,-2.56,ALERT
151.233,0.3251,0.0887,-2.68,ALERT
151.267,0.1717,0.1288,2.69,ALERT
151.3,0.3233,0.156,3.66,ALERT
151.333,0.301,0.0987,-3.52,ALERT
151.367,0.3046,0.1794,-0.13,ALERT
151.4,0.3303,0.1151,1.98,ALERT
151.433,0.2839,0.087,-3.75,ALERT
151.467,0.2804,0.1543,2.57,ALERT
151.5,0.2858,0.1146,-3.37,ALERT
151.533,0.3057,0.1181,3.78,ALERT
151.567,0.2824,0.0865,0.63,ALERT
151.6,0.3171,0.1083,3.52,ALERT
151.633,0.2877,0.1303,-3.24,ALERT
151.667,0.2939,0.2042,-1.52,ALERT
151.7,0.3303,0.1451,1.45,ALERT
151.733,0.2881,0.1043,-0.28,ALERT
151.767,0.3355,0.2034,-3.79,ALERT
151.8,0.3352,0.1447,0.35,ALERT
151.833,0.2903,0.0908,3.97,ALERT
151.867,0.2969,0.2115,3.44,ALERT
151.9,0.3306,0.1866,2.6,ALERT
151.933,0.3293,0.1213,1.38,ALERT
151.967,0.2944,0.1611,-1.98,ALERT
152.0,0.3132,0.1552,-2.51,ALERT
152.033,0.3219,0.0908,3.83,ALERT
152.067,0.3172,0.0993,-3.6,ALERT
152.1,0.2926,0.1284,-2.42,ALERT
152.133,0.3034,0.2077,1.35,ALERT
152.167,0.3104,0.1465,3.99,ALERT
152.2,0.2964,0.1147,-2.13,ALERT
152.233,0.3318,0.1812,0.11,ALERT
152.267,0.2894,0.2101,0.88,ALERT
152.3,0.3194,0.1642,-1.25,ALERT
152.333,0.2874,0.2058,-2.49,ALERT
152.367,0.2955,0.2184,-1.26,ALERT
152.4,0.2924,0.134,2.05,ALERT
152.433,0.3177,0.0912,-3.6,ALERT
152.467,0.3295,0.1999,-2.99,ALERT
152.5,0.2868,0.1169,-1.45,ALERT
152.533,0.3041,0.1105,0.3,ALERT
152.567,0.309,0.116,-1.48,ALERT
152.6,0.2813,0.1453,2.03,ALERT
152.633,0.3189,0.1399,1.56,ALERT
152.667,0.2861,0.1025,-2.67,ALERT
152.7,0.295,0.1228,-0.09,ALERT
152.733,0.1759,0.2073,-2.6,ALERT
152.767,0.3196,0.1531,-2.82,ALERT
152.8,0.3376,0.1732,1.38,ALERT
152.833,0.3133,0.1395,-0.85,ALERT
152.867,0.2924,0.1662,3.41,ALERT
152.9,0.3239,0.1181,0.69,ALERT
152.933,0.3012,0.17,2.11,ALERT
152.967,0.2848,0.1697,-0.48,ALERT
153.0,0.2878,0.081,-2.9,ALERT
153.033,0.2929,0.1337,-3.98,ALERT
153.067,0.3374,0.0905,0.51,ALERT
153.1,0.2961,0.2098,0.48,ALERT
153.133,0.3275,0.0957,-1.88,ALERT
153.167,0.1636,0.1625,1.2,ALERT
153.2,0.2916,0.1971,-0.2,ALERT
153.233,0.3075,0.1652,0.54,ALERT
153.267,0.3078,0.0855,-0.02,ALERT
153.3,0.2991,0.1871,-0.14,ALERT
153.333,0.3243,0.1197,-0.24,ALERT
153.367,0.3031,0.1506,-0.87,ALERT
153.4,0.3275,0.2063,-3.88,ALERT
153.433,0.3215,0.1392,-0.24,ALERT
153.467,0.2891,0.2097,0.33,ALERT
153.5,0.3258,0.1679,3.91,ALERT
153.533,0.314,0.1674,-1.41,ALERT
153.567,0.333,0.1468,3.88,ALERT
153.6,0.3282,0.158,0.14,ALERT
153.633,0.3211,0.1531,1.4,ALERT
153.667,0.2841,0.1821,-3.85,ALERT
153.7,0.3341,0.1907,-0.75,ALERT
153.733,0.292,0.1265,-0.48,ALERT
153.767,0.3273,0.116,-3.92,ALERT
153.8,0.3137,0.1792,2.61,ALERT
153.833,0.2966,0.0855,-2.1,ALERT
153.867,0.323,0.1795,0.85,ALERT
153.9,0.2993,0.1011,-3.09,ALERT
153.933,0.3379,0.2173,-1.83,ALERT
153.967,0.3145,0.1371,3.04,ALERT
154.0,0.2987,0.1571,3.13,ALERT
154.033,0.2972,0.2045,3.54,ALERT
154.067,0.3065,0.1339,-2.66,ALERT
154.1,0.2843,0.1251,0.08,ALERT
154.133,0.282,0.213,3.67,ALERT
154.167,0.2855,0.0845,1.35,ALERT
154.2,0.3339,0.1854,0.49,ALERT
154.233,0.3199,0.1271,-0.75,ALERT
154.267,0.296,0.2095,0.54,ALERT
154.3,0.2821,0.1439,-3.95,ALERT
154.333,0.3054,0.0814,-3.91,ALERT
154.367,0.324,0.1951,0.82,ALERT
154.4,0.3205,0.1385,2.41,ALERT
154.433,0.3043,0.1572,1.51,ALERT
154.467,0.2859,0.1599,-2.64,ALERT
154.5,0.2883,0.2158,2.15,ALERT
154.533,0.3025,0.2017,-0.43,ALERT
154.567,0.3284,0.164,-2.72,ALERT
154.6,0.2984,0.1834,-2.52,ALERT
154.633,0.329,0.1775,-1.98,ALERT
154.667,0.2952,0.157,1.75,ALERT
154.7,0.3084,0.1995,1.52,ALERT
154.733,0.3089,0.1865,-3.55,ALERT
154.767,0.3299,0.1972,-0.9,ALERT
154.8,0.3144,0.2189,-1.13,ALERT
154.833,0.2916,0.1372,-2.27,ALERT
154.867,0.2876,0.0904,0.63,ALERT
154.9,0.3267,0.1609,1.24,ALERT
154.933,0.2997,0.1554,2.96,ALERT
154.967,0.2915,0.1363,1.31,ALERT
155.0,0.3277,0.1553,2.54,ALERT
155.033,0.1454,0.1432,0.53,ALERT
155.067,0.2993,0.13,0.32,ALERT
155.1,0.2992,0.1479,-0.39,ALERT
155.133,0.311,0.2099,-3.34,ALERT
155.167,0.2902,0.1227,-2.31,ALERT
155.2,0.335,0.1448,-0.38,ALERT
155.233,0.3273,0.2192,-2.3,ALERT
155.267,0.3399,0.1364,-2.91,ALERT
155.3,0.2995,0.1819,-2.43,ALERT
155.333,0.3076,0.1249,2.36,ALERT
155.367,0.3053,0.2103,2.29,ALERT
155.4,0.2957,0.098,-1.22,ALERT
155.433,0.2833,0.1744,-2.8,ALERT
155.467,0.281,0.2051,-1.58,ALERT
155.5,0.3262,0.1201,3.03,ALERT
155.533,0.3134,0.1192,-0.48,ALERT
155.567,0.3286,0.1184,-3.56,ALERT
155.6,0.3295,0.1998,-3.45,ALERT
155.633,0.3046,0.1395,-3.78,ALERT
155.667,0.3066,0.1608,3.83,ALERT
155.7,0.3227,0.1932,0.99,ALERT
155.733,0.3012,0.1425,3.29,ALERT
155.767,0.3398,0.1102,1.89,ALERT
155.8,0.3063,0.091,-3.38,ALERT
155.833,0.2934,0.1347,1.98,ALERT
155.867,0.3024,0.2086,1.5,ALERT
155.9,0.3094,0.1766,0.31,ALERT
155.933,0.302,0.1528,-0.06,ALERT
155.967,0.3359,0.1909,2.19,ALERT
156.0,0.288,0.1921,-3.24,ALERT
156.033,0.316,0.09,-3.74,ALERT
156.067,0.3278,0.1982,3.07,ALERT
156.1,0.3275,0.1996,-3.59,ALERT
156.133,0.3095,0.0815,-2.67,ALERT
156.167,0.1571,0.1579,-0.86,ALERT
156.2,0.3224,0.1305,-3.17,ALERT
156.233,0.2839,0.1986,3.68,ALERT
156.267,0.3339,0.2174,-3.69,ALERT
156.3,0.3278,0.1407,-3.3,ALERT
156.333,0.307,0.2012,-3.67,ALERT
156.367,0.2848,0.1431,3.28,ALERT
156.4,0.1352,0.1503,-2.67,ALERT
156.433,0.3095,0.1061,2.2,ALERT
156.467,0.3032,0.1793,2.38,ALERT
156.5,0.3163,0.1799,-2.13,ALERT
156.533,0.3255,0.1963,3.44,ALERT
156.567,0.3151,0.1962,-0.3,ALERT
156.6,0.3172,0.1627,2.87,ALERT
156.633,0.3104,0.2037,2.61,ALERT
156.667,0.3218,0.0999,3.92,ALERT
156.7,0.2888,0.1688,2.16,ALERT
156.733,0.2898,0.2069,-1.09,ALERT
156.767,0.2855,0.1766,0.46,ALERT
156.8,0.2941,0.1478,-3.88,ALERT
156.833,0.3233,0.1551,2.29,ALERT
156.867,0.3275,0.1686,-1.4,ALERT
156.9,0.1456,0.1198,-3.11,ALERT
156.933,0.3003,0.2167,-0.82,ALERT
156.967,0.3232,0.1833,-3.65,ALERT
157.0,0.3396,0.1883,-3.42,ALERT
157.033,0.332,0.1455,3.17,ALERT
157.067,0.3295,0.1615,2.27,ALERT
157.1,0.127,0.2005,-1.95,ALERT
157.133,0.3234,0.1675,-1.08,ALERT
157.167,0.3068,0.1319,-3.37,ALERT
157.2,0.3367,0.0861,-0.94,ALERT
157.233,0.3226,0.1845,-2.76,ALERT
157.267,0.2961,0.1185,3.73,ALERT
157.3,0.2828,0.086,1.76,ALERT
157.333,0.3218,0.151,2.32,ALERT
157.367,0.2899,0.0894,-1.05,ALERT
157.4,0.3104,0.0887,-1.31,ALERT
157.433,0.3045,0.0829,2.01,ALERT
157.467,0.3341,0.1173,0.36,ALERT
157.5,0.3067,0.1124,2.5,ALERT
157.533,0.3259,0.1262,3.38,ALERT
157.567,0.337,0.1704,3.58,ALERT
157.6,0.3014,0.1028,0.34,ALERT
157.633,0.1379,0.1724,-0.62,ALERT
157.667,0.3135,0.1315,-3.36,ALERT
157.7,0.3113,0.1373,0.66,ALERT
157.733,0.3317,0.1857,0.56,ALERT
157.767,0.2887,0.204,3.32,ALERT
157.8,0.3087,0.1485,-1.11,ALERT
157.833,0.2883,0.2078,-1.43,ALERT
157.867,0.3203,0.1501,-2.7,ALERT
157.9,0.3258,0.0997,-2.53,ALERT
157.933,0.2979,0.1401,-0.24,ALERT
157.967,0.324,0.1388,-1.62,ALERT
158.0,0.2922,0.1418,-0.36,ALERT
158.033,0.3315,0.1236,2.01,ALERT
158.067,0.2899,0.0992,-2.35,ALERT
158.1,0.3079,0.1029,1.29,ALERT
158.133,0.2802,0.1995,-0.45,ALERT
158.167,0.3293,0.2059,-0.53,ALERT
158.2,0.3315,0.1628,-3.68,ALERT
158.233,0.3203,0.0945,2.85,ALERT
158.267,0.3223,0.1501,-0.29,ALERT
158.3,0.3128,0.2007,2.37,ALERT
158.333,0.3038,0.199,3.25,ALERT
158.367,0.3198,0.1211,-2.14,ALERT
158.4,0.1349,0.1617,-0.19,ALERT
158.433,0.2948,0.1856,-1.35,ALERT
158.467,0.3004,0.1363,3.58,ALERT
158.5,0.3154,0.1763,0.02,ALERT
158.533,0.3209,0.1435,3.06,ALERT
158.567,0.2896,0.2182,-1.99,ALERT
158.6,0.2829,0.1216,-1.45,ALERT
158.633,0.3138,0.1624,-3.7,ALERT
158.667,0.3163,0.1444,-2.66,ALERT
158.7,0.3393,0.1207,0.03,ALERT
158.733,0.3266,0.1014,3.96,ALERT
158.767,0.3009,0.198,-3.16,ALERT
158.8,0.2966,0.129,3.31,ALERT
158.833,0.309,0.1001,-3.66,ALERT
158.867,0.3097,0.1032,-2.31,ALERT
158.9,0.324,0.1411,-2.36,ALERT
158.933,0.3033,0.1756,-0.38,ALERT
158.967,0.3351,0.1758,-0.85,ALERT
159.0,0.3234,0.1259,3.29,ALERT
159.033,0.3376,0.1824,0.72,ALERT
159.067,0.1257,0.1885,-2.42,ALERT
159.1,0.3314,0.1834,1.31,ALERT
159.133,0.3013,0.1252,3.93,ALERT
159.167,0.2838,0.196,1.1,ALERT
159.2,0.2849,0.1595,2.41,ALERT
159.233,0.3317,0.1671,-2.9,ALERT
159.267,0.3203,0.1905,1.3,ALERT
159.3,0.2958,0.0967,-1.97,ALERT
159.333,0.2861,0.2172,-0.36,ALERT
159.367,0.2975,0.0962,-0.19,ALERT
159.4,0.2985,0.1329,0.96,ALERT
159.433,0.2832,0.1582,1.87,ALERT
159.467,0.2908,0.1269,1.95,ALERT
159.5,0.3184,0.1035,-0.42,ALERT
159.533,0.3231,0.1026,-2.38,ALERT
159.567,0.3167,0.1583,-1.62,ALERT
159.6,0.2835,0.1136,2.74,ALERT
159.633,0.3209,0.1179,1.26,ALERT
159.667,0.3094,0.1844,-1.3,ALERT
159.7,0.3398,0.1252,1.5,ALERT
159.733,0.2959,0.1058,1.42,ALERT
159.767,0.3146,0.122,-1.15,ALERT
159.8,0.3081,0.1379,1.5,ALERT
159.833,0.3278,0.1087,-0.43,ALERT
159.867,0.3134,0.1096,-2.69,ALERT
159.9,0.3055,0.1622,-0.97,ALERT
159.933,0.3376,0.1254,-3.79,ALERT
159.967,0.3111,0.0882,-2.52,ALERT
160.0,0.2982,0.2046,-1.05,ALERT
160.033,0.3028,0.1355,1.79,ALERT
160.067,0.1744,0.1431,0.96,ALERT
160.1,0.3048,0.1509,-2.11,ALERT
160.133,0.3043,0.1612,-0.77,ALERT
160.167,0.2855,0.0836,3.66,ALERT
160.2,0.3207,0.0857,-2.33,ALERT
160.233,0.3279,0.1017,-0.2,ALERT
160.267,0.3314,0.0871,-2.27,ALERT
160.3,0.2838,0.0841,3.06,ALERT
160.333,0.3014,0.1835,3.87,ALERT
160.367,0.3127,0.194,1.44,ALERT
160.4,0.2981,0.1394,-2.14,ALERT
160.433,0.3273,0.0878,-1.08,ALERT
160.467,0.2917,0.1673,2.05,ALERT
160.5,0.3005,0.1709,0.15,ALERT
160.533,0.3055,0.1297,1.83,ALERT
160.567,0.2876,0.166,2.54,ALERT
160.6,0.316,0.2001,-1.51,ALERT
160.633,0.2969,0.1521,1.31,ALERT
160.667,0.3028,0.1479,-3.51,ALERT
160.7,0.2963,0.1429,0.64,ALERT
160.733,0.3091,0.1735,-2.45,ALERT
160.767,0.3137,0.133,-3.64,ALERT
160.8,0.2826,0.1047,2.51,ALERT
160.833,0.3101,0.1899,-0.22,ALERT
160.867,0.3236,0.1024,0.07,ALERT
160.9,0.2984,0.1484,3.85,ALERT
160.933,0.3124,0.1578,-3.44,ALERT
160.967,0.2974,0.0872,2.8,ALERT
161.0,0.3378,0.1661,-3.66,ALERT
161.033,0.2876,0.2168,1.43,ALERT
161.067,0.335,0.1098,3.93,ALERT
161.1,0.3066,0.0982,-3.12,ALERT
161.133,0.2874,0.1259,-3.37,ALERT
161.167,0.3082,0.1662,1.08,ALERT
161.2,0.3346,0.1912,0.85,ALERT
161.233,0.3244,0.1048,1.44,ALERT
161.267,0.3166,0.0956,1.09,ALERT
161.3,0.315,0.1957,3.09,ALERT
161.333,0.3209,0.1821,3.54,ALERT
161.367,0.3007,0.1754,0.15,ALERT
161.4,0.3136,0.1402,1.18,ALERT
161.433,0.3261,0.2063,2.2,ALERT
161.467,0.2939,0.2023,-1.98,ALERT
161.5,0.3385,0.2191,1.91,ALERT
161.533,0.3187,0.1519,-0.09,ALERT
161.567,0.3296,0.1728,-1.9,ALERT
161.6,0.2839,0.1445,-2.81,ALERT
161.633,0.1437,0.0801,-0.85,ALERT
161.667,0.2917,0.2034,2.91,ALERT
161.7,0.3261,0.1002,-3.94,ALERT
161.733,0.3362,0.1199,1.51,ALERT
161.767,0.2994,0.1169,2.07,ALERT
161.8,0.2837,0.1185,-0.94,ALERT
161.833,0.3323,0.2026,1.56,ALERT
161.867,0.2884,0.1055,3.14,ALERT
161.9,0.2975,0.0836,3.6,ALERT
161.933,0.2989,0.2187,0.64,ALERT
161.967,0.3181,0.0953,-2.11,ALERT
162.0,0.3094,0.0867,0.24,ALERT
162.033,0.319,0.1284,0.2,ALERT
162.067,0.2213,0.2237,-3.06,WARNING
162.1,0.252,0.8303,-3.15,WARNING
162.133,0.249,0.8279,-1.86,WARNING
162.167,0.2516,0.703,-3.1,WARNING
162.2,0.207,0.1548,-5.13,WARNING
162.233,0.2119,0.7927,-5.63,WARNING
162.267,0.205,0.1801,-7.45,WARNING
162.3,0.2135,0.2656,-4.36,WARNING
162.333,0.231,0.7529,-2.84,WARNING
162.367,0.2128,0.1781,-7.84,WARNING
162.4,0.2159,0.7607,-4.73,WARNING
162.433,0.2198,0.6072,-7.86,WARNING
162.467,0.224,0.2449,-2.59,WARNING
162.5,0.1938,0.2251,-3.44,WARNING
162.533,0.2101,0.8272,-5.99,WARNING
162.567,0.2052,0.8242,-4.27,WARNING
162.6,0.2442,0.8388,-2.03,WARNING
162.633,0.2397,0.7956,-7.9,WARNING
162.667,0.2498,0.602,-0.09,WARNING
162.7,0.2051,0.6559,-6.37,WARNING
162.733,0.216,0.6592,-4.69,WARNING
162.767,0.2206,0.6584,-4.0,WARNING
162.8,0.1924,0.1711,-2.19,WARNING
162.833,0.2207,0.7863,-6.05,WARNING
162.867,0.2254,0.8121,-3.67,WARNING
162.9,0.1918,0.1882,-6.23,WARNING
162.933,0.2055,0.6229,-1.17,WARNING
162.967,0.2049,0.7178,-3.95,WARNING
163.0,0.2113,0.2219,-0.96,WARNING
163.033,0.2061,0.2024,-2.08,WARNING
163.067,0.2027,0.8136,-2.19,WARNING
163.1,0.1961,0.1894,-0.31,WARNING
163.133,0.2119,0.2779,-0.71,WARNING
163.167,0.2057,0.718,-4.05,WARNING
163.2,0.1951,0.1698,-2.14,WARNING
163.233,0.2303,0.7341,-2.36,WARNING
163.267,0.2387,0.6537,-6.26,WARNING
163.3,0.2013,0.8183,-6.32,WARNING
163.333,0.2023,0.7253,-5.0,WARNING
163.367,0.2217,0.159,-5.44,WARNING
163.4,0.2027,0.175,-0.42,WARNING
163.433,0.2277,0.2274,-1.13,WARNING
163.467,0.2117,0.2242,-2.99,WARNING
163.5,0.2178,0.1597,-4.28,WARNING
163.533,0.2052,0.6645,-7.16,WARNING
163.567,0.2184,0.1723,-5.97,WARNING
163.6,0.23,0.1672,-0.79,WARNING
163.633,0.2502,0.7615,-5.99,WARNING
163.667,0.259,0.6635,-4.75,WARNING
163.7,0.2447,0.7199,-1.08,WARNING
163.733,0.1904,0.1522,-5.81,WARNING
163.767,0.2071,0.632,-2.74,WARNING
163.8,0.245,0.7405,-5.38,WARNING
163.833,0.2312,0.6147,-6.09,WARNING
163.867,0.2192,0.8388,-5.08,WARNING
163.9,0.2102,0.2012,-1.07,WARNING
163.933,0.2028,0.2197,-5.22,WARNING
163.967,0.2163,0.7895,-1.42,WARNING
164.0,0.218,0.191,-4.48,WARNING
164.033,0.2226,0.1876,-5.03,WARNING
164.067,0.2584,0.8114,-4.19,WARNING
164.1,0.2567,0.6954,-6.26,WARNING
164.133,0.2021,0.2994,-4.4,WARNING
164.167,0.2095,0.1912,-3.18,WARNING
164.2,0.2112,0.6285,-7.51,WARNING
164.233,0.2025,0.6236,-1.08,WARNING
164.267,0.222,0.7312,-5.07,WARNING
164.3,0.2016,0.2793,-5.95,WARNING
164.333,0.2475,0.6482,-2.94,WARNING
164.367,0.2152,0.2908,-3.43,WARNING
164.4,0.2512,0.6349,-6.59,WARNING
164.433,0.2066,0.6417,-0.38,WARNING
164.467,0.2173,0.6552,-3.17,WARNING
164.5,0.226,0.2619,-0.72,WARNING
164.533,0.2178,0.2576,-1.35,WARNING
164.567,0.2179,0.2526,-6.8,WARNING
164.6,0.1974,0.1735,-3.65,WARNING
164.633,0.2501,0.7713,-4.86,WARNING
164.667,0.228,0.2317,-6.95,WARNING
164.7,0.2041,0.1822,-7.75,WARNING
164.733,0.2144,0.6727,-6.17,WARNING
164.767,0.2198,0.154,-3.1,WARNING
164.8,0.2111,0.2086,-6.04,WARNING
164.833,0.2123,0.1721,-0.76,WARNING
164.867,0.2438,0.8225,-1.77,WARNING
164.9,0.2338,0.8172,-4.79,WARNING
164.933,0.2311,0.6233,-6.06,WARNING
164.967,0.2217,0.8485,-3.67,WARNING
165.0,0.2548,0.7769,-6.47,WARNING
165.033,0.2234,0.1786,-3.91,WARNING
165.067,0.2197,0.2473,-6.91,WARNING
165.1,0.2021,0.226,-0.48,WARNING
165.133,0.2589,0.8307,-6.32,WARNING
165.167,0.2173,0.206,-5.86,WARNING
165.2,0.2345,0.6255,-1.81,WARNING
165.233,0.2196,0.1683,-5.82,WARNING
165.267,0.2083,0.8144,-2.27,WARNING
165.3,0.2274,0.7978,-4.47,WARNING
165.333,0.2327,0.8484,-4.25,WARNING
165.367,0.2058,0.6673,-1.32,WARNING
165.4,0.2281,0.6856,-3.36,WARNING
165.433,0.26,0.8352,-3.32,WARNING
165.467,0.2283,0.8297,-7.04,WARNING
165.5,0.2077,0.1605,-6.99,WARNING
165.533,0.211,0.6462,-7.24,WARNING
165.567,0.2066,0.7328,-7.44,WARNING
165.6,0.1959,0.2621,-4.66,WARNING
165.633,0.2202,0.192,-2.41,WARNING
165.667,0.2052,0.2096,-1.52,WARNING
165.7,0.2224,0.2899,-6.2,WARNING
165.733,0.2269,0.6746,-6.73,WARNING
165.767,0.2187,0.8167,-1.35,WARNING
165.8,0.2376,0.7566,-1.82,WARNING
165.833,0.232,0.7533,-0.27,WARNING
165.867,0.2271,0.823,-5.02,WARNING
165.9,0.2166,0.291,-1.89,WARNING
165.933,0.2055,0.2727,-4.23,WARNING
165.967,0.2046,0.2353,-4.23,WARNING
166.0,0.2216,0.715,-2.87,WARNING
166.033,0.2176,0.7353,-7.31,WARNING
166.067,0.2474,0.6795,-3.6,WARNING
166.1,0.2075,0.6415,-7.75,WARNING
166.133,0.2235,0.6455,-4.52,WARNING
166.167,0.2107,0.1634,-3.08,WARNING
166.2,0.2293,0.2839,-0.53,WARNING
166.233,0.2045,0.6894,-7.81,WARNING
166.267,0.2136,0.7287,-4.38,WARNING
166.3,0.2111,0.8371,-0.57,WARNING
166.333,0.2125,0.6919,-0.47,WARNING
166.367,0.2247,0.6655,-6.91,WARNING
166.4,0.2051,0.2137,-7.8,WARNING
166.433,0.2283,0.6647,-2.08,WARNING
166.467,0.2503,0.7986,-5.81,WARNING
166.5,0.2553,0.6091,-5.66,WARNING
166.533,0.2447,0.6264,-1.86,WARNING
166.567,0.2496,0.839,-2.08,WARNING
166.6,0.2192,0.8305,-5.24,WARNING
166.633,0.2328,0.7975,-1.99,WARNING
166.667,0.2185,0.2044,-7.09,WARNING
166.7,0.224,0.2305,-2.78,WARNING
166.733,0.2277,0.8,-6.19,WARNING
166.767,0.2388,0.7279,-4.99,WARNING
166.8,0.218,0.2709,-2.21,WARNING
166.833,0.243,0.7798,-6.89,WARNING
166.867,0.2052,0.6554,-7.09,WARNING
166.9,0.2073,0.7346,-0.68,WARNING
166.933,0.2091,0.6786,-1.11,WARNING
166.967,0.2175,0.8488,-7.35,WARNING
167.0,0.247,0.676,-4.51,WARNING
167.033,0.2123,0.7167,-2.22,WARNING
167.067,0.2021,0.8058,-2.04,WARNING
167.1,0.2174,0.6323,-0.24,WARNING
167.133,0.2018,0.8017,-2.26,WARNING
167.167,0.2228,0.6461,-2.49,WARNING
167.2,0.1985,0.1932,-1.53,WARNING
167.233,0.23,0.2842,-5.53,WARNING
167.267,0.2177,0.7739,-6.84,WARNING
167.3,0.2283,0.8374,-3.62,WARNING
167.333,0.2267,0.822,-3.81,WARNING
167.367,0.2392,0.7696,-5.89,WARNING
167.4,0.2529,0.8481,-1.97,WARNING
167.433,0.2002,0.2066,-6.69,WARNING
167.467,0.2022,0.6505,-7.49,WARNING
167.5,0.2477,0.6957,-1.65,WARNING
167.533,0.2136,0.6645,-4.87,WARNING
167.567,0.2115,0.1646,-5.04,WARNING
167.6,0.2207,0.2046,-5.69,WARNING
167.633,0.2412,0.8255,-1.83,WARNING
167.667,0.2026,0.1889,-1.06,WARNING
167.7,0.2084,0.184,-3.71,WARNING
167.733,0.1967,0.1566,-5.95,WARNING
167.767,0.2238,0.2034,-1.86,WARNING
167.8,0.2255,0.7453,-6.4,WARNING
167.833,0.2338,0.7653,-0.88,WARNING
167.867,0.2036,0.219,-1.06,WARNING
167.9,0.2358,0.6159,-0.66,WARNING
167.933,0.2463,0.783,-5.1,WARNING
167.967,0.233,0.7596,-7.43,WARNING
168.0,0.2524,0.7222,-7.73,WARNING
168.033,0.2483,0.8058,-7.29,WARNING
168.067,0.2597,0.7175,-6.94,WARNING
168.1,0.2392,0.7601,-6.47,WARNING
168.133,0.2297,0.6532,-2.85,WARNING
168.167,0.1993,0.2224,-0.6,WARNING
168.2,0.1976,0.2399,-5.74,WARNING
168.233,0.2246,0.7439,-7.14,WARNING
168.267,0.1994,0.1601,-0.66,WARNING
168.3,0.2069,0.6248,-7.74,WARNING
168.333,0.2265,0.6931,-5.19,WARNING
168.367,0.2015,0.6599,-1.56,WARNING
168.4,0.2271,0.7982,-1.52,WARNING
168.433,0.2298,0.6269,-7.29,WARNING
168.467,0.2296,0.711,-5.56,WARNING
168.5,0.2237,0.6997,-3.49,WARNING
168.533,0.2122,0.2916,-0.74,WARNING
168.567,0.2307,0.8427,-1.89,WARNING
168.6,0.2077,0.1837,-0.63,WARNING
168.633,0.207,0.8464,-5.82,WARNING
168.667,0.2264,0.2532,-7.61,WARNING
168.7,0.2167,0.2997,-0.48,WARNING
168.733,0.2434,0.7467,-0.71,WARNING
168.767,0.207,0.847,-4.31,WARNING
168.8,0.2197,0.2297,-4.71,WARNING
168.833,0.2212,0.7694,-3.15,WARNING
168.867,0.2259,0.1967,-2.68,WARNING
168.9,0.1996,0.2344,-1.4,WARNING
168.933,0.2005,0.1953,-4.8,WARNING
168.967,0.243,0.7347,-4.55,WARNING
169.0,0.2215,0.6869,-3.7,WARNING
169.033,0.2149,0.1688,-3.93,WARNING
169.067,0.1915,0.2645,-4.89,WARNING
169.1,0.2367,0.7385,-3.58,WARNING
169.133,0.2464,0.8018,-2.71,WARNING
169.167,0.194,0.2022,-3.26,WARNING
169.2,0.2086,0.2181,-4.45,WARNING
169.233,0.2177,0.7514,-0.06,WARNING
169.267,0.2062,0.1909,-4.4,WARNING
169.3,0.229,0.6393,-3.92,WARNING
169.333,0.2403,0.829,-5.33,WARNING
169.367,0.225,0.1863,-5.35,WARNING
169.4,0.2203,0.6579,-3.01,WARNING
169.433,0.2035,0.633,-3.66,WARNING
169.467,0.2412,0.6963,-2.89,WARNING
169.5,0.2334,0.8466,-0.11,WARNING
169.533,0.2495,0.6708,-4.06,WARNING
169.567,0.3105,0.1934,0.98,ALERT
169.6,0.2933,0.2124,2.61,ALERT
169.633,0.3047,0.1659,-3.6,ALERT
169.667,0.3303,0.0985,-3.96,ALERT
169.7,0.3135,0.1872,0.06,ALERT
169.733,0.2981,0.1943,-0.02,ALERT
169.767,0.3221,0.1021,-0.91,ALERT
169.8,0.3352,0.2051,-0.06,ALERT
169.833,0.2911,0.1786,-1.56,ALERT
169.867,0.3112,0.2166,-0.21,ALERT
169.9,0.2878,0.1063,-2.14,ALERT
169.933,0.332,0.1709,0.22,ALERT
169.967,0.2952,0.1414,2.2,ALERT
170.0,0.1279,0.1734,-2.13,ALERT
170.033,0.2822,0.1381,3.09,ALERT
170.067,0.2831,0.0997,-3.16,ALERT
170.1,0.2845,0.2058,0.47,ALERT
170.133,0.3021,0.1341,-3.83,ALERT
170.167,0.2921,0.1722,0.5,ALERT
170.2,0.3116,0.176,2.26,ALERT
170.233,0.3,0.1919,-2.53,ALERT
170.267,0.2822,0.1459,-1.95,ALERT
170.3,0.3107,0.1734,-1.44,ALERT
170.333,0.3215,0.0962,-1.0,ALERT
170.367,0.3142,0.2026,3.85,ALERT
170.4,0.2936,0.2019,-2.43,ALERT
170.433,0.2862,0.2037,-2.43,ALERT
170.467,0.3316,0.1095,3.56,ALERT
170.5,0.1263,0.168,3.07,ALERT
170.533,0.3272,0.205,-3.54,ALERT
170.567,0.3322,0.1037,0.28,ALERT
170.6,0.302,0.1749,-3.48,ALERT
170.633,0.2984,0.1047,-3.48,ALERT
170.667,0.3082,0.1443,1.91,ALERT
170.7,0.3182,0.1619,2.06,ALERT
170.733,0.3086,0.1269,-0.62,ALERT
170.767,0.2921,0.1911,-0.16,ALERT
170.8,0.3213,0.1307,-1.97,ALERT
170.833,0.3074,0.1419,2.58,ALERT
170.867,0.3216,0.2161,2.0,ALERT
170.9,0.2944,0.1648,0.09,ALERT
170.933,0.2874,0.2017,3.81,ALERT
170.967,0.1207,0.1624,-1.0,ALERT
171.0,0.145,0.1861,-3.22,ALERT
171.033,0.3039,0.2099,2.62,ALERT
171.067,0.3347,0.1889,-0.44,ALERT
171.1,0.2876,0.2136,0.34,ALERT
171.133,0.3211,0.1768,-3.53,ALERT
171.167,0.2802,0.1854,-0.45,ALERT
171.2,0.3366,0.186,2.66,ALERT
171.233,0.3041,0.1499,2.87,ALERT
171.267,0.3062,0.1039,-0.96,ALERT
171.3,0.3342,0.1778,-3.96,ALERT
171.333,0.3149,0.1204,-2.8,ALERT
171.367,0.2859,0.1251,-3.23,ALERT
171.4,0.3395,0.1534,0.02,ALERT
171.433,0.2901,0.2172,-0.04,ALERT
171.467,0.3382,0.2132,0.22,ALERT
171.5,0.2855,0.1945,-2.61,ALERT
171.533,0.3312,0.1381,0.59,ALERT
171.567,0.3375,0.1947,2.3,ALERT
171.6,0.2966,0.1281,0.81,ALERT
171.633,0.328,0.0938,-1.05,ALERT
171.667,0.3344,0.1117,0.96,ALERT
171.7,0.3112,0.0846,2.74,ALERT
171.733,0.2968,0.1624,-0.99,ALERT
171.767,0.1299,0.1929,1.23,ALERT
171.8,0.3352,0.1779,-0.0,ALERT
171.833,0.319,0.1717,1.68,ALERT
171.867,0.2917,0.1813,2.12,ALERT
171.9,0.3305,0.1925,3.27,ALERT
171.933,0.3215,0.2005,-3.26,ALERT
171.967,0.2968,0.1844,1.67,ALERT
172.0,0.3239,0.1418,-2.98,ALERT
172.033,0.2854,0.1844,-3.1,ALERT
172.067,0.3029,0.1435,2.13,ALERT
172.1,0.3199,0.1579,-0.1,ALERT
172.133,0.2841,0.1046,-0.96,ALERT
172.167,0.2905,0.0816,-3.77,ALERT
172.2,0.3333,0.1621,0.2,ALERT
172.233,0.3353,0.2102,-0.48,ALERT
172.267,0.288,0.2133,-2.57,ALERT
172.3,0.2826,0.2013,-2.53,ALERT
172.333,0.3148,0.1817,-1.61,ALERT
172.367,0.2978,0.1129,2.68,ALERT
172.4,0.3102,0.1407,0.7,ALERT
172.433,0.2808,0.0943,0.75,ALERT
172.467,0.3272,0.1785,1.7,ALERT
172.5,0.3364,0.2072,-2.29,ALERT
172.533,0.3122,0.106,-3.53,ALERT
172.567,0.311,0.2152,-0.06,ALERT
172.6,0.2836,0.1891,1.62,ALERT
172.633,0.3337,0.1971,-3.27,ALERT
172.667,0.3243,0.1342,1.51,ALERT
172.7,0.3357,0.1154,1.7,ALERT
172.733,0.3214,0.1819,3.7,ALERT
172.767,0.3061,0.1202,-0.2,ALERT
172.8,0.2804,0.089,-2.02,ALERT
172.833,0.3167,0.1212,0.55,ALERT
172.867,0.2811,0.1601,-0.1,ALERT
172.9,0.3178,0.0841,-0.9,ALERT
172.933,0.3361,0.1596,-0.96,ALERT
172.967,0.2842,0.0876,-0.8,ALERT
173.0,0.2912,0.1632,-0.94,ALERT
173.033,0.3395,0.1976,-1.05,ALERT
173.067,0.2874,0.1574,-1.85,ALERT
173.1,0.3114,0.2076,-1.46,ALERT
173.133,0.3281,0.102,2.58,ALERT
173.167,0.3014,0.1312,1.63,ALERT
173.2,0.2869,0.1475,2.43,ALERT
173.233,0.2805,0.2186,1.29,ALERT
173.267,0.3086,0.144,-3.86,ALERT
173.3,0.3094,0.082,-3.66,ALERT
173.333,0.3172,0.0951,3.02,ALERT
173.367,0.323,0.0993,1.87,ALERT
173.4,0.3324,0.1838,-1.23,ALERT
173.433,0.2992,0.1032,-2.59,ALERT
173.467,0.2823,0.1703,-2.46,ALERT
173.5,0.3309,0.2043,-0.23,ALERT
173.533,0.2816,0.2186,-2.74,ALERT
173.567,0.3221,0.1264,-2.11,ALERT
173.6,0.2831,0.1816,-2.86,ALERT
173.633,0.3215,0.1364,-0.08,ALERT
173.667,0.283,0.0838,-1.02,ALERT
173.7,0.2867,0.1253,1.92,ALERT
173.733,0.2981,0.1375,-0.5,ALERT
173.767,0.2894,0.1953,-2.55,ALERT
173.8,0.1716,0.2095,1.77,ALERT
173.833,0.3349,0.1126,-2.22,ALERT
173.867,0.2827,0.1376,3.2,ALERT
173.9,0.2995,0.1233,-0.03,ALERT
173.933,0.2954,0.1175,-1.16,ALERT
173.967,0.2876,0.0954,-2.56,ALERT
174.0,0.3097,0.1874,-0.7,ALERT
174.033,0.2859,0.1003,-0.06,ALERT
174.067,0.2966,0.2092,-1.71,ALERT
174.1,0.2916,0.2159,-1.65,ALERT
174.133,0.3209,0.182,-0.59,ALERT
174.167,0.2928,0.1239,1.46,ALERT
174.2,0.3253,0.1633,-0.43,ALERT
174.233,0.2889,0.0816,-0.48,ALERT
174.267,0.2935,0.1398,-1.22,ALERT
174.3,0.3006,0.1948,-3.5,ALERT
174.333,0.311,0.1468,3.78,ALERT
174.367,0.3208,0.0927,-3.65,ALERT
174.4,0.314,0.1066,-3.12,ALERT
174.433,0.3351,0.0883,-1.29,ALERT
174.467,0.3059,0.1108,-2.05,ALERT
174.5,0.3092,0.1514,3.89,ALERT
174.533,0.3356,0.2011,-0.68,ALERT
174.567,0.3051,0.2163,0.25,ALERT
174.6,0.2978,0.1438,-3.28,ALERT
174.633,0.3149,0.2089,-1.07,ALERT
174.667,0.1444,0.138,1.62,ALERT
174.7,0.3299,0.2054,0.37,ALERT
174.733,0.1486,0.1442,3.76,ALERT
174.767,0.3333,0.1345,0.9,ALERT
174.8,0.3281,0.1434,-0.8,ALERT
174.833,0.2912,0.1388,-0.34,ALERT
174.867,0.3074,0.1412,-1.65,ALERT
174.9,0.2833,0.2191,1.07,ALERT
174.933,0.338,0.1477,-3.41,ALERT
174.967,0.3315,0.1343,-1.9,ALERT
175.0,0.3154,0.1722,1.87,ALERT
175.033,0.2959,0.0991,2.19,ALERT
175.067,0.3329,0.084,-3.38,ALERT
175.1,0.282,0.083,0.4,ALERT
175.133,0.2802,0.1415,-2.91,ALERT
175.167,0.3326,0.1883,2.06,ALERT
175.2,0.1644,0.125,-3.52,ALERT
175.233,0.3018,0.1059,-1.54,ALERT
175.267,0.3069,0.1377,-2.79,ALERT
175.3,0.1619,0.1076,-1.22,ALERT
175.333,0.3221,0.2143,-0.6,ALERT
175.367,0.3262,0.1437,-3.43,ALERT
175.4,0.3133,0.1003,3.31,ALERT
175.433,0.2925,0.2179,-2.47,ALERT
175.467,0.3126,0.2183,-2.96,ALERT
175.5,0.3314,0.1551,2.92,ALERT
175.533,0.3023,0.144,0.13,ALERT
175.567,0.3319,0.1075,0.61,ALERT
175.6,0.34,0.0809,0.87,ALERT
175.633,0.338,0.1506,1.55,ALERT
175.667,0.3362,0.2045,-3.76,ALERT
175.7,0.3391,0.2011,-1.68,ALERT
175.733,0.2909,0.0895,-2.46,ALERT
175.767,0.1229,0.2043,2.21,ALERT
175.8,0.3007,0.1287,-2.8,ALERT
175.833,0.3163,0.2092,-3.72,ALERT
175.867,0.2851,0.0826,2.16,ALERT
175.9,0.2853,0.1538,-0.17,ALERT
175.933,0.1237,0.2172,-2.08,ALERT
175.967,0.2933,0.1748,2.95,ALERT
176.0,0.3011,0.1807,2.4,ALERT
176.033,0.3008,0.1521,2.8,ALERT
176.067,0.3287,0.1993,-0.61,ALERT
176.1,0.2825,0.1678,3.37,ALERT
176.133,0.3273,0.1558,1.11,ALERT
176.167,0.2976,0.1044,0.09,ALERT
176.2,0.308,0.1877,2.04,ALERT
176.233,0.2965,0.1465,0.04,ALERT
176.267,0.3222,0.1406,-3.49,ALERT
176.3,0.3276,0.1691,2.54,ALERT
176.333,0.2868,0.095,3.37,ALERT
176.367,0.3341,0.1027,-0.6,ALERT
176.4,0.289,0.1288,2.92,ALERT
176.433,0.31,0.1376,-3.25,ALERT
176.467,0.3331,0.105,-1.57,ALERT
176.5,0.3391,0.1155,0.08,ALERT
176.533,0.3318,0.1695,-3.75,ALERT
176.567,0.3049,0.1624,-3.06,ALERT
176.6,0.2837,0.1225,1.81,ALERT
176.633,0.3359,0.2151,-0.93,ALERT
176.667,0.3234,0.2187,-0.34,ALERT
176.7,0.3081,0.1108,1.73,ALERT
176.733,0.1413,0.2059,-1.55,ALERT
176.767,0.2917,0.0919,2.65,ALERT
176.8,0.2809,0.1634,3.87,ALERT
176.833,0.3233,0.1866,3.51,ALERT
176.867,0.2941,0.1954,-3.17,ALERT
176.9,0.1656,0.1775,-3.08,ALERT
176.933,0.3215,0.1829,3.58,ALERT
176.967,0.3263,0.1881,2.74,ALERT
177.0,0.2984,0.131,-0.17,ALERT
177.033,0.2968,0.1788,-1.54,ALERT
177.067,0.3191,0.1031,-0.79,ALERT
177.1,0.3114,0.1497,3.27,ALERT
177.133,0.3257,0.1716,-2.09,ALERT
177.167,0.3297,0.1976,0.53,ALERT
177.2,0.3279,0.1661,2.97,ALERT
177.233,0.3187,0.1582,2.12,ALERT
177.267,0.3276,0.188,2.84,ALERT
177.3,0.3156,0.1589,3.61,ALERT
177.333,0.3137,0.219,-3.27,ALERT
177.367,0.2983,0.1036,1.51,ALERT
177.4,0.2954,0.0914,-1.78,ALERT
177.433,0.3278,0.1209,-0.43,ALERT
177.467,0.3306,0.1238,3.54,ALERT
177.5,0.3319,0.125,-2.32,ALERT
177.533,0.2903,0.1303,0.17,ALERT
177.567,0.3363,0.1659,-0.15,ALERT
177.6,0.3215,0.1466,-1.02,ALERT
177.633,0.1447,0.1603,-0.09,ALERT
177.667,0.2917,0.1644,1.12,ALERT
177.7,0.315,0.1297,-3.28,ALERT
177.733,0.3071,0.1112,-1.99,ALERT
177.767,0.2992,0.1615,0.76,ALERT
177.8,0.323,0.1779,-0.13,ALERT
177.833,0.3365,0.1451,3.52,ALERT
177.867,0.1681,0.1737,3.24,ALERT
177.9,0.2859,0.1829,1.44,ALERT
177.933,0.2929,0.1405,-1.99,ALERT
177.967,0.2855,0.1849,-1.71,ALERT
178.0,0.3091,0.1819,-1.24,ALERT
178.033,0.3203,0.1188,3.34,ALERT
178.067,0.3287,0.1155,-1.02,ALERT
178.1,0.2947,0.1224,-1.15,ALERT
178.133,0.2962,0.0892,1.62,ALERT
178.167,0.3392,0.133,1.56,ALERT
178.2,0.3003,0.1342,-0.39,ALERT
178.233,0.1646,0.1548,-2.24,ALERT
178.267,0.282,0.1814,-3.99,ALERT
178.3,0.311,0.1808,-1.4,ALERT
178.333,0.3297,0.1152,-3.46,ALERT
178.367,0.2951,0.1339,0.34,ALERT
178.4,0.2849,0.152,-0.54,ALERT
178.433,0.3117,0.1231,1.95,ALERT
178.467,0.283,0.113,0.55,ALERT
178.5,0.2928,0.1794,2.88,ALERT
178.533,0.3199,0.1137,1.79,ALERT
178.567,0.337,0.1839,-0.59,ALERT
178.6,0.3106,0.1192,-1.6,ALERT
178.633,0.3104,0.1624,2.49,ALERT
178.667,0.3249,0.2072,-3.68,ALERT
178.7,0.3071,0.0928,-0.31,ALERT
178.733,0.3365,0.2104,-0.22,ALERT
178.767,0.3132,0.2151,3.17,ALERT
178.8,0.3236,0.133,-2.67,ALERT
178.833,0.3375,0.163,-2.15,ALERT
178.867,0.3242,0.1793,1.34,ALERT
178.9,0.3294,0.1972,0.48,ALERT
178.933,0.3396,0.1324,-2.65,ALERT
178.967,0.3197,0.0987,-1.42,ALERT
179.0,0.1601,0.1377,-2.09,ALERT
179.033,0.3162,0.1505,0.55,ALERT
179.067,0.3239,0.1792,3.56,ALERT
179.1,0.3071,0.1466,3.37,ALERT
179.133,0.299,0.1938,-3.43,ALERT
179.167,0.2923,0.132,-0.69,ALERT
179.2,0.3028,0.0837,-0.29,ALERT
179.233,0.3123,0.218,-2.39,ALERT
179.267,0.2825,0.1975,-1.39,ALERT
179.3,0.3232,0.1616,-2.37,ALERT
179.333,0.2898,0.0877,3.27,ALERT
179.367,0.2803,0.1258,2.83,ALERT
179.4,0.3047,0.184,1.14,ALERT
179.433,0.3292,0.2138,-0.76,ALERT
179.467,0.2928,0.1739,-2.09,ALERT
179.5,0.2834,0.1235,0.4,ALERT
179.533,0.2804,0.2128,3.44,ALERT
179.567,0.2864,0.1309,-3.54,ALERT
179.6,0.3091,0.1305,-2.1,ALERT
179.633,0.3362,0.1167,-1.83,ALERT
179.667,0.2968,0.1723,-0.66,ALERT
179.7,0.3265,0.1165,-0.68,ALERT
179.733,0.2876,0.1307,-0.75,ALERT
179.767,0.3327,0.1425,-2.46,ALERT
179.8,0.3373,0.0864,0.16,ALERT
179.833,0.1677,0.1126,3.63,ALERT
179.867,0.2843,0.0946,-3.01,ALERT
179.9,0.2949,0.1538,0.09,ALERT
179.933,0.2918,0.131,-3.27,ALERT
179.967,0.2998,0.1825,-1.59,ALERT
180.0,0.2863,0.1029,-0.88,ALERT
180.033,0.3393,0.1204,1.79,ALERT
180.067,0.3307,0.0857,-0.81,ALERT
180.1,0.3185,0.1228,3.46,ALERT
180.133,0.3251,0.1936,1.04,ALERT
180.167,0.2809,0.0883,3.15,ALERT
180.2,0.2862,0.1541,1.13,ALERT
180.233,0.2944,0.1481,-2.72,ALERT
180.267,0.3314,0.1132,-2.54,ALERT
180.3,0.3135,0.1965,-0.22,ALERT
180.333,0.2812,0.1511,0.5,ALERT
180.367,0.319,0.1801,3.82,ALERT
180.4,0.2904,0.2085,3.81,ALERT
180.433,0.3258,0.2179,2.23,ALERT
180.467,0.2852,0.1609,2.67,ALERT
180.5,0.2898,0.0896,-1.47,ALERT
180.533,0.2837,0.1665,3.08,ALERT
180.567,0.2848,0.0906,-2.92,ALERT
180.6,0.317,0.1398,2.73,ALERT
180.633,0.3169,0.0878,-1.59,ALERT
180.667,0.3355,0.0805,3.59,ALERT
180.7,0.3015,0.2054,0.31,ALERT
180.733,0.3098,0.201,-1.78,ALERT
180.767,0.2987,0.202,3.88,ALERT
180.8,0.2846,0.1841,3.62,ALERT
180.833,0.3157,0.1228,-1.54,ALERT
180.867,0.331,0.1809,-3.5,ALERT
180.9,0.3329,0.1323,3.43,ALERT
180.933,0.328,0.1449,0.02,ALERT
180.967,0.3061,0.1184,3.61,ALERT
181.0,0.3163,0.1864,-2.54,ALERT
181.033,0.3294,0.1715,1.94,ALERT
181.067,0.3106,0.1207,-0.67,ALERT
181.1,0.3073,0.0898,-2.93,ALERT
181.133,0.3066,0.1506,3.92,ALERT
181.167,0.3391,0.0923,-1.3,ALERT
181.2,0.3107,0.1047,2.6,ALERT
181.233,0.3381,0.1901,-1.28,ALERT
181.267,0.3157,0.198,-0.66,ALERT
181.3,0.2871,0.1465,2.01,ALERT
181.333,0.2812,0.2167,-1.36,ALERT
181.367,0.3366,0.1554,-0.37,ALERT
181.4,0.3266,0.2011,-1.87,ALERT
181.433,0.2828,0.0989,1.82,ALERT
181.467,0.2982,0.0885,-3.07,ALERT
181.5,0.3155,0.0906,1.26,ALERT
181.533,0.2811,0.1781,3.22,ALERT
181.567,0.3363,0.1795,2.63,ALERT
181.6,0.3302,0.0852,0.69,ALERT
181.633,0.2896,0.1711,-3.41,ALERT
181.667,0.3399,0.1047,-3.96,ALERT
181.7,0.336,0.1758,-0.66,ALERT
181.733,0.1469,0.1849,-0.83,ALERT
181.767,0.2897,0.1068,2.62,ALERT
181.8,0.2814,0.1738,2.49,ALERT
181.833,0.293,0.1974,-2.47,ALERT
181.867,0.3399,0.138,-1.43,ALERT
181.9,0.2899,0.2147,-2.26,ALERT
181.933,0.2826,0.0886,0.22,ALERT
181.967,0.2967,0.1567,-1.81,ALERT
182.0,0.3065,0.1135,2.13,ALERT
182.033,0.2949,0.171,3.31,ALERT
182.067,0.3299,0.1685,-2.78,ALERT
182.1,0.2801,0.2125,1.59,ALERT
182.133,0.3276,0.185,1.71,ALERT
182.167,0.3033,0.123,1.73,ALERT
182.2,0.2829,0.1084,-2.95,ALERT
182.233,0.3362,0.1524,-1.78,ALERT
182.267,0.3099,0.1887,-1.42,ALERT
182.3,0.3015,0.1117,2.04,ALERT
182.333,0.3278,0.2144,0.21,ALERT
182.367,0.3202,0.1589,-2.12,ALERT
182.4,0.2981,0.0887,2.12,ALERT
182.433,0.3247,0.1471,-3.88,ALERT
182.467,0.3394,0.112,-1.9,ALERT
182.5,0.3206,0.1315,-0.06,ALERT
182.533,0.325,0.0894,-2.5,ALERT
182.567,0.3297,0.1998,3.29,ALERT
182.6,0.3222,0.1271,1.62,ALERT
182.633,0.3191,0.0912,0.76,ALERT
182.667,0.3187,0.1623,-3.48,ALERT
182.7,0.309,0.0986,0.26,ALERT
182.733,0.3351,0.1687,2.22,ALERT
182.767,0.306,0.0999,0.8,ALERT
182.8,0.3201,0.0975,-1.51,ALERT
182.833,0.3363,0.1917,3.73,ALERT
182.867,0.3216,0.1863,-0.33,ALERT
182.9,0.3281,0.081,1.66,ALERT
182.933,0.296,0.0862,0.22,ALERT
182.967,0.2969,0.1154,1.14,ALERT
183.0,0.2963,0.1451,2.43,ALERT
183.033,0.2956,0.1972,-0.83,ALERT
183.067,0.2853,0.118,-2.32,ALERT
183.1,0.3112,0.203,-2.41,ALERT
183.133,0.3212,0.1515,1.86,ALERT
183.167,0.3179,0.1009,-0.53,ALERT
183.2,0.289,0.1198,0.07,ALERT
183.233,0.2893,0.1095,-2.7,ALERT
183.267,0.3261,0.1458,-3.32,ALERT
183.3,0.3363,0.1603,1.31,ALERT
183.333,0.2904,0.1938,2.43,ALERT
183.367,0.2885,0.1648,2.01,ALERT
183.4,0.3146,0.1596,-2.73,ALERT
183.433,0.3218,0.1891,-0.32,ALERT
183.467,0.3113,0.1066,-2.69,ALERT
183.5,0.321,0.1671,0.56,ALERT
183.533,0.2831,0.1778,-0.15,ALERT
183.567,0.3039,0.2076,2.35,ALERT
183.6,0.3117,0.1594,-0.37,ALERT
183.633,0.2891,0.2133,-2.97,ALERT
183.667,0.2918,0.2034,2.73,ALERT
183.7,0.3051,0.095,-3.86,ALERT
183.733,0.3352,0.1289,-3.83,ALERT
183.767,0.3277,0.163,-1.48,ALERT
183.8,0.3106,0.0953,-3.54,ALERT
183.833,0.2999,0.1049,0.31,ALERT
183.867,0.301,0.1906,2.1,ALERT
183.9,0.3012,0.1409,-0.6,ALERT
183.933,0.3266,0.219,-1.04,ALERT
183.967,0.3302,0.1611,-1.53,ALERT
184.0,0.3257,0.0864,-1.7,ALERT
184.033,0.3069,0.1298,-3.95,ALERT
184.067,0.3109,0.1527,-1.56,ALERT
184.1,0.3175,0.1905,3.38,ALERT
184.133,0.2832,0.1296,-2.45,ALERT
184.167,0.298,0.1668,3.79,ALERT
184.2,0.3188,0.2123,3.38,ALERT
184.233,0.2881,0.1431,-1.0,ALERT
184.267,0.286,0.0954,-3.65,ALERT
184.3,0.2924,0.1816,-0.14,ALERT
184.333,0.3304,0.1231,-2.0,ALERT
184.367,0.3086,0.1821,-3.56,ALERT
184.4,0.3332,0.1155,2.44,ALERT
184.433,0.2882,0.0836,-0.54,ALERT
184.467,0.2855,0.1323,-1.37,ALERT
184.5,0.3365,0.2125,2.88,ALERT
184.533,0.2875,0.1572,-3.19,ALERT
184.567,0.3068,0.193,-0.21,ALERT
184.6,0.2956,0.1899,3.14,ALERT
184.633,0.3026,0.1083,2.6,ALERT
184.667,0.3292,0.0805,-3.31,ALERT
184.7,0.3128,0.1263,3.93,ALERT
184.733,0.146,0.1805,-1.67,ALERT
184.767,0.3371,0.1263,-1.93,ALERT
184.8,0.2902,0.0817,-2.11,ALERT
184.833,0.3027,0.1258,2.43,ALERT
184.867,0.324,0.1477,-0.54,ALERT
184.9,0.3196,0.0928,2.56,ALERT
184.933,0.3082,0.1952,-0.82,ALERT
184.967,0.3051,0.1979,3.96,ALERT
185.0,0.3317,0.09,-0.22,ALERT
185.033,0.3252,0.1781,3.96,ALERT
185.067,0.2971,0.1096,-0.21,ALERT
185.1,0.2864,0.0858,3.08,ALERT
185.133,0.31,0.0895,-2.45,ALERT
185.167,0.2933,0.099,-1.75,ALERT
185.2,0.3094,0.1147,-0.57,ALERT
185.233,0.3266,0.1286,2.02,ALERT
185.267,0.3037,0.099,3.32,ALERT
185.3,0.3229,0.1657,-0.16,ALERT
185.333,0.3093,0.1863,-0.12,ALERT
185.367,0.3214,0.1692,3.25,ALERT
185.4,0.2958,0.1548,-3.91,ALERT
185.433,0.2917,0.1258,-1.47,ALERT
185.467,0.3295,0.0888,2.2,ALERT
185.5,0.1465,0.1157,-3.36,ALERT
185.533,0.3056,0.1659,-2.61,ALERT
185.567,0.2988,0.1272,-0.13,ALERT
185.6,0.2984,0.208,-1.36,ALERT
185.633,0.3171,0.1795,2.37,ALERT
185.667,0.3281,0.1869,-1.76,ALERT
185.7,0.3339,0.2088,3.6,ALERT
185.733,0.3284,0.1026,1.07,ALERT
185.767,0.2956,0.1532,3.62,ALERT
185.8,0.3258,0.1509,0.17,ALERT
185.833,0.3345,0.0996,3.45,ALERT
185.867,0.3218,0.1,-3.4,ALERT
185.9,0.3189,0.1037,0.12,ALERT
185.933,0.3353,0.1073,2.78,ALERT
185.967,0.2973,0.0872,2.84,ALERT
186.0,0.2975,0.1406,-0.91,ALERT
186.033,0.3285,0.1752,-3.03,ALERT
186.067,0.3348,0.2194,-0.94,ALERT
186.1,0.3198,0.2112,3.7,ALERT
186.133,0.3006,0.1301,1.09,ALERT
186.167,0.09,0.2918,-19.6,CRITICAL
186.2,0.0997,0.1169,-16.73,CRITICAL
186.233,0.1054,0.2434,-16.94,CRITICAL
186.267,0.0856,0.2531,-23.96,CRITICAL
186.3,0.1056,0.2022,-17.74,CRITICAL
186.333,0.1152,0.2425,-19.99,CRITICAL
186.367,0.1159,0.235,-19.43,CRITICAL
186.4,0.1346,0.1435,-15.42,CRITICAL
186.433,0.1367,0.2249,-21.06,CRITICAL
186.467,0.1357,0.1034,-23.39,CRITICAL
186.5,0.1127,0.1058,-23.27,CRITICAL
186.533,0.1302,0.1766,-16.42,CRITICAL
186.567,0.1219,0.144,-20.47,CRITICAL
186.6,0.1227,0.2377,-16.76,CRITICAL
186.633,0.1201,0.1129,-15.49,CRITICAL
186.667,0.0947,0.2288,-16.82,CRITICAL
186.7,0.1291,0.1639,-24.16,CRITICAL
186.733,0.1106,0.2301,-20.97,CRITICAL
186.767,0.0864,0.1905,-23.78,CRITICAL
186.8,0.1038,0.2516,-16.76,CRITICAL
186.833,0.1239,0.289,-20.82,CRITICAL
186.867,0.08,0.2982,-22.01,CRITICAL
186.9,0.135,0.1972,-23.88,CRITICAL
186.933,0.0846,0.2742,-16.52,CRITICAL
186.967,0.1024,0.1266,-16.48,CRITICAL
187.0,0.1035,0.2412,-23.27,CRITICAL
187.033,0.1128,0.2636,-21.18,CRITICAL
187.067,0.1048,0.1453,-20.02,CRITICAL
187.1,0.1289,0.1164,-22.92,CRITICAL
187.133,0.1264,0.2418,-16.0,CRITICAL
187.167,0.0919,0.1389,-20.89,CRITICAL
187.2,0.1091,0.2763,-16.51,CRITICAL
187.233,0.1054,0.2878,-20.86,CRITICAL
187.267,0.1102,0.2745,-24.09,CRITICAL
187.3,0.1149,0.1716,-24.23,CRITICAL
187.333,0.102,0.1839,-21.94,CRITICAL
187.367,0.1187,0.2205,-18.17,CRITICAL
187.4,0.1161,0.245,-18.39,CRITICAL
187.433,0.1109,0.2325,-16.17,CRITICAL
187.467,0.1158,0.1978,-21.58,CRITICAL
187.5,0.1344,0.1146,-18.22,CRITICAL
187.533,0.118,0.2156,-24.72,CRITICAL
187.567,0.0903,0.2136,-21.34,CRITICAL
187.6,0.1387,0.1976,-19.8,CRITICAL
187.633,0.0983,0.2831,-15.71,CRITICAL
187.667,0.1285,0.2422,-18.45,CRITICAL
187.7,0.1215,0.1274,-15.86,CRITICAL
187.733,0.131,0.1211,-15.1,CRITICAL
187.767,0.1254,0.2596,-18.1,CRITICAL
187.8,0.0881,0.1837,-21.17,CRITICAL
187.833,0.1161,0.1017,-15.09,CRITICAL
187.867,0.0997,0.1869,-15.63,CRITICAL
187.9,0.1362,0.282,-18.28,CRITICAL
187.933,0.1364,0.2351,-22.72,CRITICAL
187.967,0.1255,0.2851,-23.31,CRITICAL
188.0,0.1216,0.2966,-20.86,CRITICAL
188.033,0.0812,0.2865,-22.48,CRITICAL
188.067,0.1292,0.1247,-17.45,CRITICAL
188.1,0.1097,0.1256,-18.85,CRITICAL
188.133,0.1056,0.2043,-22.06,CRITICAL
188.167,0.1117,0.2174,-17.3,CRITICAL
188.2,0.0927,0.2671,-21.17,CRITICAL
188.233,0.1371,0.2776,-24.18,CRITICAL
188.267,0.1237,0.2482,-23.6,CRITICAL
188.3,0.1017,0.2842,-21.79,CRITICAL
188.333,0.0997,0.1522,-23.75,CRITICAL
188.367,0.093,0.296,-15.8,CRITICAL
188.4,0.0967,0.2842,-20.69,CRITICAL
188.433,0.1068,0.1337,-15.3,CRITICAL
188.467,0.0886,0.1348,-15.42,CRITICAL
188.5,0.0935,0.1328,-16.53,CRITICAL
188.533,0.1142,0.2403,-15.01,CRITICAL
188.567,0.1214,0.2158,-23.77,CRITICAL
188.6,0.1308,0.2253,-24.07,CRITICAL
188.633,0.1248,0.104,-22.9,CRITICAL
188.667,0.0927,0.1126,-20.72,CRITICAL
188.7,0.1255,0.2282,-18.87,CRITICAL
188.733,0.1212,0.1794,-19.68,CRITICAL
188.767,0.1083,0.2114,-19.07,CRITICAL
188.8,0.1272,0.209,-16.83,CRITICAL
188.833,0.1318,0.198,-20.94,CRITICAL
188.867,0.1118,0.1096,-21.97,CRITICAL
188.9,0.0839,0.1446,-24.86,CRITICAL
188.933,0.1179,0.1721,-15.27,CRITICAL
188.967,0.1154,0.1308,-16.67,CRITICAL
189.0,0.1058,0.2409,-21.61,CRITICAL
189.033,0.1336,0.2458,-20.93,CRITICAL
189.067,0.0923,0.2118,-19.02,CRITICAL
189.1,0.0872,0.135,-20.15,CRITICAL
189.133,0.094,0.1533,-23.57,CRITICAL
189.167,0.1315,0.2154,-18.36,CRITICAL
189.2,0.0955,0.1899,-18.63,CRITICAL
189.233,0.1035,0.1493,-18.15,CRITICAL
189.267,0.1318,0.1577,-24.56,CRITICAL
189.3,0.0872,0.2464,-19.31,CRITICAL
189.333,0.1206,0.2834,-20.07,CRITICAL
189.367,0.1146,0.2881,-15.6,CRITICAL
189.4,0.1003,0.1317,-23.53,CRITICAL
189.433,0.1162,0.1247,-16.99,CRITICAL
189.467,0.1123,0.2586,-18.45,CRITICAL
189.5,0.0826,0.2109,-15.21,CRITICAL
189.533,0.1045,0.1197,-17.48,CRITICAL
189.567,0.1087,0.1366,-20.09,CRITICAL
189.6,0.1198,0.1752,-24.89,CRITICAL
189.633,0.099,0.213,-20.13,CRITICAL
189.667,0.0849,0.2176,-16.81,CRITICAL
189.7,0.1295,0.1902,-20.72,CRITICAL
189.733,0.0889,0.2297,-24.34,CRITICAL
189.767,0.1004,0.1128,-23.41,CRITICAL
189.8,0.1093,0.277,-24.9,CRITICAL
189.833,0.1153,0.2801,-21.14,CRITICAL
189.867,0.1119,0.281,-19.03,CRITICAL
189.9,0.1395,0.2411,-15.01,CRITICAL
189.933,0.1093,0.2133,-18.36,CRITICAL
189.967,0.1395,0.1113,-16.27,CRITICAL
190.0,0.0971,0.1067,-23.71,CRITICAL
190.033,0.1009,0.2043,-21.93,CRITICAL
190.067,0.1052,0.1076,-21.07,CRITICAL
190.1,0.1033,0.2561,-23.49,CRITICAL
190.133,0.0934,0.1252,-22.19,CRITICAL
190.167,0.0964,0.2943,-22.63,CRITICAL
190.2,0.1172,0.1889,-22.3,CRITICAL
190.233,0.1355,0.2732,-23.58,CRITICAL
190.267,0.0975,0.2178,-16.56,CRITICAL
190.3,0.0855,0.131,-21.4,CRITICAL
190.333,0.1228,0.1412,-21.05,CRITICAL
190.367,0.0829,0.1959,-18.79,CRITICAL
190.4,0.1154,0.1089,-17.19,CRITICAL
190.433,0.0831,0.1311,-16.7,CRITICAL
190.467,0.1188,0.2566,-19.44,CRITICAL
190.5,0.0918,0.2141,-18.57,CRITICAL
190.533,0.1067,0.2168,-17.11,CRITICAL
190.567,0.1078,0.2322,-21.7,CRITICAL
190.6,0.0898,0.1084,-23.39,CRITICAL
190.633,0.1161,0.1843,-23.23,CRITICAL
190.667,0.0998,0.2088,-21.39,CRITICAL
190.7,0.0934,0.1672,-23.5,CRITICAL
190.733,0.102,0.2165,-22.48,CRITICAL
190.767,0.0901,0.1176,-24.43,CRITICAL
190.8,0.1139,0.1292,-16.87,CRITICAL
190.833,0.0846,0.2829,-22.23,CRITICAL
190.867,0.1345,0.2363,-23.04,CRITICAL
190.9,0.0848,0.1202,-18.23,CRITICAL
190.933,0.1201,0.1085,-21.52,CRITICAL
190.967,0.1204,0.29,-20.29,CRITICAL
191.0,0.1157,0.1455,-18.17,CRITICAL
191.033,0.092,0.274,-17.83,CRITICAL
191.067,0.3103,0.1508,3.01,ALERT
191.1,0.2947,0.1461,2.4,ALERT
191.133,0.3179,0.1869,3.08,ALERT
191.167,0.2881,0.1306,2.98,ALERT
191.2,0.3113,0.1184,-3.47,ALERT
191.233,0.2903,0.0901,1.61,ALERT
191.267,0.306,0.0836,0.15,ALERT
191.3,0.321,0.0812,2.93,ALERT
191.333,0.2951,0.1214,-0.21,ALERT
191.367,0.3312,0.1506,1.16,ALERT
191.4,0.3284,0.1832,3.18,ALERT
191.433,0.1763,0.139,2.16,ALERT
191.467,0.3035,0.1474,1.66,ALERT
191.5,0.3034,0.1151,-0.02,ALERT
191.533,0.328,0.1619,-3.0,ALERT
191.567,0.3199,0.1333,2.19,ALERT
191.6,0.2878,0.1044,1.13,ALERT
191.633,0.3108,0.1789,3.95,ALERT
191.667,0.3142,0.186,-3.22,ALERT
191.7,0.2928,0.1589,-0.06,ALERT
191.733,0.2874,0.1882,-0.61,ALERT
191.767,0.3323,0.1573,-1.33,ALERT
191.8,0.3328,0.1779,2.09,ALERT
191.833,0.3176,0.1002,-0.17,ALERT
191.867,0.3062,0.1384,2.91,ALERT
191.9,0.3217,0.1906,1.49,ALERT
191.933,0.3336,0.1454,0.52,ALERT
191.967,0.2818,0.0825,-2.16,ALERT
192.0,0.3151,0.1092,-2.42,ALERT
192.033,0.295,0.2167,-0.84,ALERT
192.067,0.2914,0.2171,-1.96,ALERT
192.1,0.3036,0.1022,0.41,ALERT
192.133,0.3352,0.1272,-2.4,ALERT
192.167,0.2932,0.1347,-3.78,ALERT
192.2,0.3156,0.183,0.1,ALERT
192.233,0.3287,0.1483,-2.97,ALERT
192.267,0.2915,0.081,-3.41,ALERT
192.3,0.3367,0.1489,-2.94,ALERT
192.333,0.2928,0.1571,1.93,ALERT
192.367,0.3184,0.0838,3.41,ALERT
192.4,0.2917,0.1177,-1.85,ALERT
192.433,0.3314,0.099,-1.99,ALERT
192.467,0.3138,0.1165,3.56,ALERT
192.5,0.3369,0.1702,-1.42,ALERT
192.533,0.2996,0.1852,2.57,ALERT
192.567,0.3381,0.095,1.64,ALERT
192.6,0.325,0.1191,2.81,ALERT
192.633,0.3021,0.1967,-1.96,ALERT
192.667,0.303,0.2058,0.96,ALERT
192.7,0.3008,0.1368,1.42,ALERT
192.733,0.124,0.1032,2.13,ALERT
192.767,0.3057,0.1272,3.9,ALERT
192.8,0.3143,0.1158,-0.53,ALERT
192.833,0.3256,0.1112,-2.56,ALERT
192.867,0.2985,0.1595,0.7,ALERT
192.9,0.3295,0.1791,2.24,ALERT
192.933,0.289,0.1415,-1.87,ALERT
192.967,0.3335,0.1614,-1.04,ALERT
193.0,0.3121,0.1518,0.2,ALERT
193.033,0.3215,0.1717,1.22,ALERT
193.067,0.3357,0.139,3.72,ALERT
193.1,0.3296,0.1327,-0.72,ALERT
193.133,0.2818,0.1919,2.94,ALERT
193.167,0.3053,0.0876,-0.69,ALERT
193.2,0.2873,0.1437,-2.26,ALERT
193.233,0.3352,0.1658,-2.48,ALERT
193.267,0.295,0.1893,-1.6,ALERT
193.3,0.2891,0.1868,2.16,ALERT
193.333,0.3313,0.1558,1.32,ALERT
193.367,0.323,0.1037,3.15,ALERT
193.4,0.3293,0.1836,-1.25,ALERT
193.433,0.3172,0.1062,2.65,ALERT
193.467,0.3155,0.157,-0.89,ALERT
193.5,0.3226,0.1114,1.73,ALERT
193.533,0.3172,0.1859,-0.72,ALERT
193.567,0.1508,0.1318,3.41,ALERT
193.6,0.3292,0.1814,1.64,ALERT
193.633,0.3115,0.0843,1.95,ALERT
193.667,0.3253,0.1017,1.55,ALERT
193.7,0.2936,0.1883,-2.48,ALERT
193.733,0.3203,0.1936,3.69,ALERT
193.767,0.3011,0.2092,-2.81,ALERT
193.8,0.3379,0.0932,2.81,ALERT
193.833,0.307,0.1705,-3.17,ALERT
193.867,0.2835,0.1497,-2.11,ALERT
193.9,0.3094,0.1603,3.7,ALERT
193.933,0.3115,0.0948,1.77,ALERT
193.967,0.3228,0.1133,0.55,ALERT
194.0,0.295,0.1013,2.4,ALERT
194.033,0.3323,0.1343,1.01,ALERT
194.067,0.2999,0.1097,2.3,ALERT
194.1,0.336,0.0871,-0.29,ALERT
194.133,0.3103,0.1353,-2.18,ALERT
194.167,0.2933,0.1215,3.25,ALERT
194.2,0.2903,0.1639,0.5,ALERT
194.233,0.2802,0.1178,-3.3,ALERT
194.267,0.3025,0.1824,0.71,ALERT
194.3,0.148,0.1489,-2.88,ALERT
194.333,0.3006,0.1814,2.11,ALERT
194.367,0.3122,0.1739,-3.65,ALERT
194.4,0.3013,0.1384,3.7,ALERT
194.433,0.3264,0.1211,3.62,ALERT
194.467,0.3088,0.1134,-2.05,ALERT
194.5,0.2876,0.1185,-1.93,ALERT
194.533,0.291,0.1055,-3.86,ALERT
194.567,0.2878,0.1853,2.93,ALERT
194.6,0.3315,0.1705,1.97,ALERT
194.633,0.324,0.1185,-0.02,ALERT
194.667,0.3399,0.2114,-3.31,ALERT
194.7,0.32,0.2088,0.11,ALERT
194.733,0.3326,0.1653,-2.38,ALERT
194.767,0.307,0.151,1.5,ALERT
194.8,0.2953,0.1906,-2.47,ALERT
194.833,0.327,0.2064,0.83,ALERT
194.867,0.3331,0.1215,-3.66,ALERT
194.9,0.2991,0.1256,3.7,ALERT
194.933,0.3011,0.2004,1.77,ALERT
194.967,0.2904,0.1215,0.06,ALERT
195.0,0.2958,0.1961,-1.95,ALERT
195.033,0.3092,0.1133,0.86,ALERT
195.067,0.308,0.1221,2.5,ALERT
195.1,0.3164,0.1404,-1.65,ALERT
195.133,0.3066,0.1277,1.65,ALERT
195.167,0.333,0.1535,-1.91,ALERT
195.2,0.1277,0.1723,-3.2,ALERT
195.233,0.2971,0.112,0.29,ALERT
195.267,0.3337,0.0955,-3.86,ALERT
195.3,0.3182,0.1758,0.39,ALERT
195.333,0.3371,0.1322,2.78,ALERT
195.367,0.2903,0.1207,-1.38,ALERT
195.4,0.3017,0.1598,-1.98,ALERT
195.433,0.3012,0.1728,3.09,ALERT
195.467,0.2858,0.0935,-2.66,ALERT
195.5,0.2923,0.1781,1.35,ALERT
195.533,0.3389,0.0814,3.1,ALERT
195.567,0.3027,0.0846,-3.62,ALERT
195.6,0.3,0.215,0.68,ALERT
195.633,0.2947,0.1504,3.71,ALERT
195.667,0.3301,0.1443,3.17,ALERT
195.7,0.3188,0.0827,3.09,ALERT
195.733,0.3255,0.1683,-2.7,ALERT
195.767,0.2826,0.0885,-1.73,ALERT
195.8,0.2953,0.166,-0.11,ALERT
195.833,0.2917,0.0823,-0.1,ALERT
195.867,0.3203,0.122,-3.23,ALERT
195.9,0.3245,0.1534,2.7,ALERT
195.933,0.3187,0.0903,-1.03,ALERT
195.967,0.3352,0.1593,-0.84,ALERT
196.0,0.3184,0.1593,1.71,ALERT
196.033,0.3322,0.0853,-2.6,ALERT
196.067,0.327,0.1695,-2.78,ALERT
196.1,0.2824,0.0927,3.55,ALERT
196.133,0.3398,0.2084,2.13,ALERT
196.167,0.307,0.1805,3.57,ALERT
196.2,0.2824,0.1277,0.93,ALERT
196.233,0.2927,0.1276,-2.81,ALERT
196.267,0.1511,0.1171,3.03,ALERT
196.3,0.3136,0.1717,0.07,ALERT
196.333,0.308,0.1712,-2.02,ALERT
196.367,0.3327,0.1865,-1.19,ALERT
196.4,0.3144,0.1625,-1.22,ALERT
196.433,0.3095,0.1604,-0.79,ALERT
196.467,0.2815,0.0932,2.23,ALERT
196.5,0.1274,0.209,3.95,ALERT
196.533,0.317,0.1366,0.58,ALERT
196.567,0.281,0.1045,-3.18,ALERT
196.6,0.2831,0.1115,-2.0,ALERT
196.633,0.3314,0.09,0.34,ALERT
196.667,0.3195,0.2186,1.55,ALERT
196.7,0.2957,0.1716,0.63,ALERT
196.733,0.3222,0.175,-4.0,ALERT
196.767,0.3122,0.1194,2.23,ALERT
196.8,0.3109,0.1034,2.03,ALERT
196.833,0.295,0.1079,1.76,ALERT
196.867,0.3211,0.1172,0.1,ALERT
196.9,0.3382,0.1537,1.36,ALERT
196.933,0.313,0.1307,3.26,ALERT
196.967,0.2847,0.1148,-1.52,ALERT
197.0,0.2964,0.1818,-2.89,ALERT
197.033,0.1596,0.1367,-1.42,ALERT
197.067,0.3007,0.1278,-3.39,ALERT
197.1,0.3074,0.0923,2.41,ALERT
197.133,0.2967,0.1957,0.24,ALERT
197.167,0.1677,0.1122,2.88,ALERT
197.2,0.2859,0.1919,1.14,ALERT
197.233,0.3107,0.1773,-0.28,ALERT
197.267,0.3123,0.0921,-1.62,ALERT
197.3,0.3086,0.1822,2.9,ALERT
197.333,0.3238,0.1675,2.66,ALERT
197.367,0.3015,0.1078,0.33,ALERT
197.4,0.3275,0.1483,0.97,ALERT
197.433,0.3388,0.1687,-2.55,ALERT
197.467,0.2984,0.2186,-3.15,ALERT
197.5,0.283,0.0892,0.08,ALERT
197.533,0.282,0.1384,0.7,ALERT
197.567,0.3002,0.1026,0.21,ALERT
197.6,0.3345,0.0839,1.65,ALERT
197.633,0.3093,0.1873,-2.57,ALERT
197.667,0.1648,0.1185,3.12,ALERT
197.7,0.3223,0.1239,3.9,ALERT
197.733,0.3015,0.171,-0.59,ALERT
197.767,0.3283,0.1293,-3.34,ALERT
197.8,0.3091,0.1811,1.89,ALERT
197.833,0.33,0.2034,2.57,ALERT
197.867,0.3114,0.0869,1.78,ALERT
197.9,0.2908,0.2154,0.79,ALERT
197.933,0.3304,0.114,-3.86,ALERT
197.967,0.3036,0.168,-3.31,ALERT
198.0,0.313,0.1885,-2.52,ALERT
198.033,0.3221,0.115,-2.04,ALERT
198.067,0.3198,0.0863,-0.55,ALERT
198.1,0.32,0.1042,0.79,ALERT
198.133,0.3085,0.1618,0.72,ALERT
198.167,0.3281,0.1462,-1.84,ALERT
198.2,0.2856,0.1407,2.92,ALERT
198.233,0.3073,0.1932,1.21,ALERT
198.267,0.1239,0.1853,-0.8,ALERT
198.3,0.2993,0.0971,-2.22,ALERT
198.333,0.1596,0.0831,2.5,ALERT
198.367,0.3136,0.0823,-2.07,ALERT
198.4,0.3227,0.1919,-0.65,ALERT
198.433,0.3385,0.1385,3.48,ALERT
198.467,0.2807,0.1169,-1.93,ALERT
198.5,0.3033,0.1037,0.31,ALERT
198.533,0.3255,0.0873,-2.48,ALERT
198.567,0.2818,0.1457,3.44,ALERT
198.6,0.3154,0.1958,0.56,ALERT
198.633,0.1528,0.1902,-3.15,ALERT
198.667,0.3107,0.1919,3.77,ALERT
198.7,0.3016,0.19,1.95,ALERT
198.733,0.3072,0.1857,-1.39,ALERT
198.767,0.3009,0.1957,-1.07,ALERT
198.8,0.3359,0.1386,-0.76,ALERT
198.833,0.2962,0.1601,0.86,ALERT
198.867,0.2849,0.1811,-1.55,ALERT
198.9,0.3161,0.2161,1.72,ALERT
198.933,0.3131,0.2021,-1.75,ALERT
198.967,0.2843,0.1666,0.07,ALERT
199.0,0.2992,0.147,2.91,ALERT
199.033,0.3216,0.1883,-3.98,ALERT
199.067,0.2955,0.1991,-0.21,ALERT
199.1,0.2981,0.0993,1.89,ALERT
199.133,0.337,0.1483,-0.03,ALERT
199.167,0.2909,0.1078,3.21,ALERT
199.2,0.3184,0.1508,-3.88,ALERT
199.233,0.3004,0.1959,1.8,ALERT
199.267,0.2887,0.1524,-2.64,ALERT
199.3,0.3239,0.1325,2.02,ALERT
199.333,0.3168,0.1742,3.53,ALERT
199.367,0.3372,0.215,-2.9,ALERT
199.4,0.2956,0.2176,2.17,ALERT
199.433,0.3055,0.1953,-2.83,ALERT
199.467,0.2989,0.1594,2.77,ALERT
199.5,0.2988,0.1011,-2.16,ALERT
199.533,0.1482,0.202,3.35,ALERT
199.567,0.1347,0.173,2.51,ALERT
199.6,0.3344,0.1278,-3.56,ALERT
199.633,0.3119,0.1732,-0.86,ALERT
199.667,0.3306,0.1119,-1.53,ALERT
199.7,0.3342,0.0885,2.5,ALERT
199.733,0.2951,0.1561,-0.72,ALERT
199.767,0.3255,0.1085,-3.96,ALERT
199.8,0.2911,0.1567,-0.79,ALERT
199.833,0.3243,0.1497,-1.58,ALERT
199.867,0.2973,0.148,-1.08,ALERT
199.9,0.2803,0.1383,-1.12,ALERT
199.933,0.3394,0.1063,1.95,ALERT
199.967,0.2954,0.0841,0.95,ALERT
200.0,0.3297,0.0939,-2.41,ALERT
200.033,0.1665,0.2171,-0.41,ALERT
200.067,0.3312,0.2093,-1.87,ALERT
200.1,0.2962,0.1086,2.57,ALERT
200.133,0.3009,0.2128,1.54,ALERT
200.167,0.3173,0.1772,-2.93,ALERT
200.2,0.294,0.1831,1.09,ALERT
200.233,0.299,0.1463,1.82,ALERT
200.267,0.3381,0.1689,-2.68,ALERT
200.3,0.3141,0.0898,3.3,ALERT
200.333,0.317,0.091,0.37,ALERT
200.367,0.3064,0.2061,-0.4,ALERT
200.4,0.3139,0.1852,0.75,ALERT
200.433,0.3047,0.1817,-1.77,ALERT
200.467,0.2897,0.1825,-1.22,ALERT
200.5,0.1221,0.1055,-3.52,ALERT
200.533,0.3182,0.1062,-0.68,ALERT
200.567,0.3195,0.1181,-1.21,ALERT
200.6,0.2807,0.2163,3.73,ALERT
200.633,0.2924,0.155,-2.27,ALERT
200.667,0.3026,0.2105,3.98,ALERT
200.7,0.2922,0.214,1.32,ALERT
200.733,0.2859,0.1014,-1.91,ALERT
200.767,0.3187,0.0988,1.96,ALERT
200.8,0.2999,0.1739,-3.61,ALERT
200.833,0.3108,0.1928,-1.25,ALERT
200.867,0.3301,0.1095,-2.94,ALERT
200.9,0.317,0.1635,-1.97,ALERT
200.933,0.3002,0.1139,2.03,ALERT
200.967,0.3207,0.1872,0.7,ALERT
201.0,0.3004,0.1551,2.85,ALERT
201.033,0.2947,0.1696,-0.76,ALERT
201.067,0.3211,0.1192,-3.26,ALERT
201.1,0.2923,0.1911,-3.84,ALERT
201.133,0.2924,0.2085,1.9,ALERT
201.167,0.1646,0.1846,1.34,ALERT
201.2,0.3065,0.1457,-2.07,ALERT
201.233,0.3201,0.1914,1.22,ALERT
201.267,0.3392,0.1989,2.29,ALERT
201.3,0.3324,0.1245,1.09,ALERT
201.333,0.3138,0.1372,0.95,ALERT
201.367,0.2836,0.1577,0.12,ALERT
201.4,0.3114,0.1957,-0.52,ALERT
201.433,0.2966,0.0858,2.05,ALERT
201.467,0.3268,0.1671,0.89,ALERT
201.5,0.3396,0.1054,3.48,ALERT
201.533,0.2991,0.1873,-3.32,ALERT
201.567,0.2902,0.1401,-2.61,ALERT
201.6,0.3366,0.1041,-3.59,ALERT
201.633,0.3033,0.1675,-2.0,ALERT
201.667,0.3372,0.1429,1.89,ALERT
201.7,0.3027,0.1059,1.94,ALERT
201.733,0.3102,0.1095,3.91,ALERT
201.767,0.3116,0.1847,-0.04,ALERT
201.8,0.2846,0.2104,1.18,ALERT
201.833,0.2932,0.1797,-2.41,ALERT
201.867,0.3012,0.1769,-2.75,ALERT
201.9,0.2801,0.166,-1.75,ALERT
201.933,0.3306,0.083,3.59,ALERT
201.967,0.3266,0.1542,1.22,ALERT
202.0,0.3365,0.1594,2.73,ALERT
202.033,0.2842,0.1238,-3.12,ALERT
202.067,0.2812,0.1445,2.73,ALERT
202.1,0.3139,0.1146,1.47,ALERT
202.133,0.2862,0.091,-0.82,ALERT
202.167,0.3075,0.1854,-1.98,ALERT
202.2,0.3124,0.1457,1.38,ALERT
202.233,0.3347,0.1022,-0.2,ALERT
202.267,0.3391,0.2143,1.98,ALERT
202.3,0.2916,0.1426,-1.58,ALERT
202.333,0.3128,0.178,-3.88,ALERT
202.367,0.2852,0.083,-1.6,ALERT
202.4,0.1221,0.1566,-2.75,ALERT
202.433,0.28,0.1785,1.88,ALERT
202.467,0.3343,0.134,2.96,ALERT
202.5,0.2859,0.1795,-2.33,ALERT
202.533,0.1695,0.1248,-3.38,ALERT
202.567,0.1596,0.0811,2.28,ALERT
202.6,0.2979,0.1241,-1.47,ALERT
202.633,0.2853,0.2199,1.06,ALERT
202.667,0.3034,0.1379,0.82,ALERT
202.7,0.2927,0.2038,2.43,ALERT
202.733,0.3163,0.1644,1.21,ALERT
202.767,0.309,0.1518,-3.67,ALERT
202.8,0.3358,0.1061,-1.53,ALERT
202.833,0.2832,0.2132,3.17,ALERT
202.867,0.3327,0.1306,3.06,ALERT
202.9,0.299,0.1302,-1.31,ALERT
202.933,0.3243,0.1742,-1.19,ALERT
202.967,0.321,0.1775,3.09,ALERT
203.0,0.2863,0.1464,3.47,ALERT
203.033,0.2826,0.139,-0.78,ALERT
203.067,0.286,0.0899,0.67,ALERT
203.1,0.2911,0.1193,0.47,ALERT
203.133,0.2941,0.1829,0.62,ALERT
203.167,0.2979,0.1951,0.69,ALERT
203.2,0.302,0.1609,-0.15,ALERT
203.233,0.2987,0.0817,0.51,ALERT
203.267,0.3165,0.1223,0.94,ALERT
203.3,0.3256,0.1282,2.05,ALERT
203.333,0.2929,0.2088,-3.29,ALERT
203.367,0.3165,0.1884,-0.13,ALERT
203.4,0.3027,0.0913,2.82,ALERT
203.433,0.2998,0.1442,2.52,ALERT
203.467,0.3074,0.1559,-1.16,ALERT
203.5,0.3398,0.1844,2.31,ALERT
203.533,0.3162,0.0991,2.26,ALERT
203.567,0.2852,0.1722,-3.17,ALERT
203.6,0.1621,0.1916,2.34,ALERT
203.633,0.3044,0.1341,-0.24,ALERT
203.667,0.298,0.1085,-1.11,ALERT
203.7,0.3043,0.2077,1.05,ALERT
203.733,0.3117,0.1358,0.02,ALERT
203.767,0.2985,0.098,-3.7,ALERT
203.8,0.3132,0.0955,-1.03,ALERT
203.833,0.3034,0.2012,-0.23,ALERT
203.867,0.3078,0.2036,0.14,ALERT
203.9,0.1521,0.166,-0.03,ALERT
203.933,0.3388,0.1588,-0.57,ALERT
203.967,0.3303,0.1876,-3.66,ALERT
204.0,0.3102,0.1491,-1.92,ALERT
204.033,0.298,0.1966,0.35,ALERT
204.067,0.3186,0.2128,0.82,ALERT
204.1,0.3298,0.2003,-3.27,ALERT
204.133,0.3042,0.1064,1.94,ALERT
204.167,0.3068,0.0965,2.29,ALERT
204.2,0.2931,0.1276,0.49,ALERT
204.233,0.3352,0.1569,-0.03,ALERT
204.267,0.314,0.1652,1.29,ALERT
204.3,0.3388,0.2078,-3.21,ALERT
204.333,0.2817,0.137,1.63,ALERT
204.367,0.2958,0.1966,-0.13,ALERT
204.4,0.329,0.2172,1.34,ALERT
204.433,0.2876,0.144,-3.9,ALERT
204.467,0.2819,0.1718,3.96,ALERT
204.5,0.338,0.1112,-3.04,ALERT
204.533,0.3256,0.1226,-0.83,ALERT
204.567,0.3289,0.2039,1.18,ALERT
204.6,0.3361,0.2083,1.15,ALERT
204.633,0.2841,0.1745,-1.2,ALERT
204.667,0.3188,0.1616,-0.95,ALERT
204.7,0.3192,0.1372,-3.46,ALERT
204.733,0.3065,0.1139,-2.47,ALERT
204.767,0.3169,0.2,-3.07,ALERT
204.8,0.2928,0.1988,-0.25,ALERT
204.833,0.3165,0.136,1.6,ALERT
204.867,0.3014,0.1527,-1.9,ALERT
204.9,0.3192,0.1838,2.54,ALERT
204.933,0.3185,0.1017,0.87,ALERT
204.967,0.2287,0.7842,-5.24,WARNING
205.0,0.2082,0.2875,-1.44,WARNING
205.033,0.2134,0.7486,-0.66,WARNING
205.067,0.2494,0.7919,-1.72,WARNING
205.1,0.2506,0.7246,-0.59,WARNING
205.133,0.2099,0.1765,-6.99,WARNING
205.167,0.2074,0.2917,-2.07,WARNING
205.2,0.2185,0.6777,-6.01,WARNING
205.233,0.2005,0.6436,-7.97,WARNING
205.267,0.223,0.6182,-1.69,WARNING
205.3,0.2133,0.7267,-7.19,WARNING
205.333,0.2133,0.7893,-1.82,WARNING
205.367,0.2552,0.7322,-2.51,WARNING
205.4,0.2554,0.6591,-2.74,WARNING
205.433,0.2278,0.7549,-2.67,WARNING
205.467,0.2413,0.6239,-5.34,WARNING
205.5,0.2022,0.6686,-7.94,WARNING
205.533,0.2259,0.7693,-3.49,WARNING
205.567,0.2074,0.6496,-4.66,WARNING
205.6,0.1905,0.1912,-3.94,WARNING
205.633,0.2047,0.1747,-6.49,WARNING
205.667,0.2485,0.6296,-0.17,WARNING
205.7,0.2173,0.7998,-4.39,WARNING
205.733,0.1916,0.2232,-5.48,WARNING
205.767,0.2251,0.2455,-5.76,WARNING
205.8,0.2587,0.6414,-3.68,WARNING
205.833,0.2091,0.2747,-0.95,WARNING
205.867,0.2241,0.231,-7.4,WARNING
205.9,0.208,0.6664,-7.42,WARNING
205.933,0.2512,0.6097,-2.33,WARNING
205.967,0.204,0.8316,-0.79,WARNING
206.0,0.2254,0.1586,-5.7,WARNING
206.033,0.2228,0.6474,-1.28,WARNING
206.067,0.2547,0.7394,-3.61,WARNING
206.1,0.2598,0.7268,-3.68,WARNING
206.133,0.2026,0.637,-5.72,WARNING
206.167,0.2115,0.2574,-1.35,WARNING
206.2,0.2583,0.7599,-5.22,WARNING
206.233,0.2177,0.726,-1.94,WARNING
206.267,0.249,0.7629,-6.98,WARNING
206.3,0.2176,0.6986,-6.53,WARNING
206.333,0.2215,0.6871,-6.48,WARNING
206.367,0.2162,0.7753,-3.49,WARNING
206.4,0.2073,0.2972,-6.23,WARNING
206.433,0.2311,0.8049,-4.86,WARNING
206.467,0.2599,0.7554,-3.79,WARNING
206.5,0.2056,0.6182,-1.31,WARNING
206.533,0.2384,0.6648,-5.2,WARNING
206.567,0.2074,0.8079,-1.22,WARNING
206.6,0.2466,0.7647,-1.61,WARNING
206.633,0.236,0.6321,-0.15,WARNING
206.667,0.2505,0.8366,-3.27,WARNING
206.7,0.2586,0.6794,-3.17,WARNING
206.733,0.2006,0.1883,-7.26,WARNING
206.767,0.2367,0.6543,-5.7,WARNING
206.8,0.2549,0.7844,-1.89,WARNING
206.833,0.1923,0.1508,-2.67,WARNING
206.867,0.2592,0.6208,-5.79,WARNING
206.9,0.2027,0.2507,-3.55,WARNING
206.933,0.2098,0.7375,-2.08,WARNING
206.967,0.2089,0.6613,-0.02,WARNING
207.0,0.2285,0.1679,-6.0,WARNING
207.033,0.1956,0.2481,-1.28,WARNING
207.067,0.229,0.7467,-5.12,WARNING
207.1,0.2298,0.2708,-7.26,WARNING
207.133,0.1961,0.2279,-7.63,WARNING
207.167,0.0893,0.1165,-24.51,CRITICAL
207.2,0.105,0.1245,-20.22,CRITICAL
207.233,0.0977,0.2448,-23.02,CRITICAL
207.267,0.1116,0.1393,-16.68,CRITICAL
207.3,0.0933,0.1844,-16.77,CRITICAL
207.333,0.1132,0.1683,-17.72,CRITICAL
207.367,0.0995,0.293,-21.38,CRITICAL
207.4,0.1014,0.2073,-20.17,CRITICAL
207.433,0.105,0.1088,-15.83,CRITICAL
207.467,0.0832,0.2588,-17.58,CRITICAL
207.5,0.097,0.1457,-20.15,CRITICAL
207.533,0.0939,0.171,-15.51,CRITICAL
207.567,0.1371,0.1259,-22.66,CRITICAL
207.6,0.1242,0.2223,-20.57,CRITICAL
207.633,0.1087,0.1884,-23.31,CRITICAL
207.667,0.1293,0.2211,-22.34,CRITICAL
207.7,0.1022,0.2085,-20.33,CRITICAL
207.733,0.1196,0.1868,-24.97,CRITICAL
207.767,0.0912,0.2491,-21.27,CRITICAL
207.8,0.1311,0.2508,-19.48,CRITICAL
207.833,0.0966,0.1593,-15.62,CRITICAL
207.867,0.1194,0.1349,-18.07,CRITICAL
207.9,0.0988,0.2347,-18.79,CRITICAL
207.933,0.1188,0.1881,-23.73,CRITICAL
207.967,0.1265,0.2768,-21.19,CRITICAL
208.0,0.085,0.1838,-16.85,CRITICAL
208.033,0.0965,0.1649,-23.42,CRITICAL
208.067,0.1041,0.236,-15.21,CRITICAL
208.1,0.0913,0.2081,-15.91,CRITICAL
208.133,0.0972,0.2441,-16.11,CRITICAL
208.167,0.1369,0.2984,-16.25,CRITICAL
208.2,0.112,0.2306,-16.74,CRITICAL
208.233,0.1122,0.2427,-18.16,CRITICAL
208.267,0.1355,0.201,-22.34,CRITICAL
208.3,0.1344,0.2398,-18.87,CRITICAL
208.333,0.1126,0.2415,-19.52,CRITICAL
208.367,0.1204,0.2144,-23.05,CRITICAL
208.4,0.1345,0.15,-15.17,CRITICAL
208.433,0.0943,0.1779,-17.04,CRITICAL
208.467,0.099,0.1881,-22.88,CRITICAL
208.5,0.1331,0.2885,-24.42,CRITICAL
208.533,0.115,0.1815,-23.55,CRITICAL
208.567,0.1203,0.1678,-18.11,CRITICAL
208.6,0.1274,0.1585,-17.55,CRITICAL
208.633,0.1325,0.2064,-15.51,CRITICAL
208.667,0.0948,0.1182,-17.12,CRITICAL
208.7,0.1363,0.2433,-16.5,CRITICAL
208.733,0.0959,0.2134,-18.29,CRITICAL
208.767,0.109,0.1836,-23.22,CRITICAL
208.8,0.089,0.2059,-23.37,CRITICAL
208.833,0.0962,0.1375,-18.48,CRITICAL
208.867,0.1062,0.1114,-24.74,CRITICAL
208.9,0.0981,0.1716,-19.4,CRITICAL
208.933,0.1001,0.2906,-18.09,CRITICAL
208.967,0.1067,0.1155,-17.97,CRITICAL
209.0,0.1114,0.2891,-17.45,CRITICAL
209.033,0.1148,0.1009,-15.68,CRITICAL
209.067,0.0821,0.1996,-21.94,CRITICAL
209.1,0.1302,0.1572,-24.59,CRITICAL
209.133,0.1207,0.1403,-23.92,CRITICAL
209.167,0.1158,0.2972,-22.73,CRITICAL
209.2,0.1052,0.2098,-15.47,CRITICAL
209.233,0.1343,0.1623,-19.56,CRITICAL
209.267,0.1296,0.2583,-24.71,CRITICAL
209.3,0.0892,0.1649,-24.71,CRITICAL
209.333,0.1107,0.123,-21.05,CRITICAL
209.367,0.1211,0.2056,-16.32,CRITICAL
209.4,0.1307,0.1923,-16.59,CRITICAL
209.433,0.1033,0.1848,-15.99,CRITICAL
209.467,0.0824,0.2386,-15.66,CRITICAL
209.5,0.1221,0.2967,-22.67,CRITICAL
209.533,0.0984,0.2489,-22.16,CRITICAL
209.567,0.1226,0.1138,-23.24,CRITICAL
209.6,0.132,0.1724,-24.43,CRITICAL
209.633,0.1262,0.2986,-15.44,CRITICAL
209.667,0.1085,0.2739,-23.01,CRITICAL
209.7,0.1026,0.2194,-16.87,CRITICAL
209.733,0.1272,0.2803,-22.29,CRITICAL
209.767,0.1174,0.1222,-24.39,CRITICAL
209.8,0.1162,0.2177,-22.98,CRITICAL
209.833,0.1129,0.2573,-23.34,CRITICAL
209.867,0.1332,0.2191,-22.75,CRITICAL
209.9,0.1268,0.2962,-16.62,CRITICAL
209.933,0.1282,0.2577,-18.93,CRITICAL
209.967,0.0845,0.1919,-15.76,CRITICAL
210.0,0.1079,0.2543,-22.57,CRITICAL
210.033,0.1324,0.2332,-16.0,CRITICAL
210.067,0.1003,0.2387,-23.13,CRITICAL
210.1,0.1145,0.1134,-19.37,CRITICAL
210.133,0.1093,0.218,-17.55,CRITICAL
210.167,0.1074,0.2596,-20.65,CRITICAL
210.2,0.1214,0.2695,-23.04,CRITICAL
210.233,0.0873,0.1998,-23.89,CRITICAL
210.267,0.1114,0.2476,-20.23,CRITICAL
210.3,0.0987,0.2507,-19.15,CRITICAL
210.333,0.0848,0.2767,-19.39,CRITICAL
210.367,0.0993,0.2007,-24.28,CRITICAL
210.4,0.086,0.1894,-16.12,CRITICAL
210.433,0.0821,0.1173,-22.09,CRITICAL
210.467,0.1135,0.2329,-19.6,CRITICAL
210.5,0.0884,0.2666,-24.81,CRITICAL
210.533,0.1114,0.1863,-18.66,CRITICAL
210.567,0.1035,0.1414,-21.82,CRITICAL
210.6,0.1225,0.1343,-22.51,CRITICAL
210.633,0.1329,0.2552,-16.39,CRITICAL
210.667,0.0882,0.2223,-17.72,CRITICAL
210.7,0.1005,0.1246,-20.71,CRITICAL
210.733,0.1259,0.2388,-15.15,CRITICAL
210.767,0.0953,0.1599,-21.24,CRITICAL
210.8,0.096,0.1078,-16.93,CRITICAL
210.833,0.1128,0.1476,-23.43,CRITICAL
210.867,0.1147,0.1674,-18.76,CRITICAL
210.9,0.1194,0.2827,-21.25,CRITICAL
210.933,0.0814,0.2647,-21.23,CRITICAL
210.967,0.0843,0.1961,-20.29,CRITICAL
211.0,0.1322,0.2407,-18.47,CRITICAL
211.033,0.0933,0.1658,-15.87,CRITICAL
211.067,0.1047,0.1188,-23.93,CRITICAL
211.1,0.13,0.2588,-15.46,CRITICAL
211.133,0.1283,0.1541,-20.58,CRITICAL
211.167,0.0857,0.1465,-24.24,CRITICAL
211.2,0.1238,0.2758,-16.63,CRITICAL
211.233,0.0948,0.2342,-22.03,CRITICAL
211.267,0.132,0.2517,-20.75,CRITICAL
211.3,0.0928,0.1161,-16.97,CRITICAL
211.333,0.1221,0.2709,-19.82,CRITICAL
211.367,0.1056,0.298,-21.32,CRITICAL
211.4,0.11,0.1846,-22.04,CRITICAL
211.433,0.1169,0.1218,-22.95,CRITICAL
211.467,0.1302,0.1371,-23.65,CRITICAL
211.5,0.1145,0.2915,-23.39,CRITICAL
211.533,0.1203,0.2265,-24.44,CRITICAL
211.567,0.0993,0.17,-16.62,CRITICAL
211.6,0.0922,0.1788,-21.47,CRITICAL
211.633,0.0848,0.112,-20.27,CRITICAL
211.667,0.1302,0.1117,-16.52,CRITICAL
211.7,0.089,0.242,-16.85,CRITICAL
211.733,0.0823,0.2362,-21.42,CRITICAL
211.767,0.1393,0.2885,-24.79,CRITICAL
211.8,0.0974,0.1457,-21.3,CRITICAL
211.833,0.0878,0.2455,-22.97,CRITICAL
211.867,0.1107,0.1248,-17.81,CRITICAL
211.9,0.133,0.2171,-20.46,CRITICAL
211.933,0.1229,0.226,-17.52,CRITICAL
211.967,0.139,0.2778,-15.34,CRITICAL
212.0,0.1259,0.243,-15.85,CRITICAL
212.033,0.1335,0.2264,-17.91,CRITICAL
212.067,0.1385,0.1828,-21.04,CRITICAL
212.1,0.1051,0.1424,-17.74,CRITICAL
212.133,0.0859,0.118,-19.24,CRITICAL
212.167,0.1224,0.1513,-19.17,CRITICAL
212.2,0.0858,0.2212,-24.6,CRITICAL
212.233,0.1231,0.2078,-22.57,CRITICAL
212.267,0.0813,0.1693,-21.71,CRITICAL
212.3,0.2291,0.8029,-0.24,WARNING
212.333,0.2016,0.2435,-3.72,WARNING
212.367,0.2406,0.6275,-3.63,WARNING
212.4,0.2477,0.7709,-4.11,WARNING
212.433,0.2218,0.1644,-0.46,WARNING
212.467,0.2185,0.1589,-7.01,WARNING
212.5,0.2108,0.7123,-1.1,WARNING
212.533,0.2549,0.8346,-3.1,WARNING
212.567,0.259,0.6529,-3.33,WARNING
212.6,0.223,0.6714,-5.44,WARNING
212.633,0.2515,0.7246,-4.97,WARNING
212.667,0.2589,0.748,-5.42,WARNING
212.7,0.2133,0.6913,-7.45,WARNING
212.733,0.2214,0.242,-7.25,WARNING
212.767,0.2159,0.8455,-4.95,WARNING
212.8,0.2174,0.6598,-1.97,WARNING
212.833,0.1905,0.2976,-5.58,WARNING
212.867,0.2265,0.8434,-3.84,WARNING
212.9,0.2248,0.7843,-7.78,WARNING
212.933,0.2097,0.2054,-7.94,WARNING
212.967,0.232,0.7873,-0.14,WARNING
213.0,0.2363,0.6537,-3.86,WARNING
213.033,0.2075,0.8006,-2.17,WARNING
213.067,0.2217,0.8145,-0.19,WARNING
213.1,0.2028,0.1942,-2.94,WARNING
213.133,0.2152,0.153,-4.85,WARNING
213.167,0.2481,0.8373,-5.61,WARNING
213.2,0.2571,0.8382,-1.15,WARNING
213.233,0.2102,0.8193,-2.58,WARNING
213.267,0.218,0.1952,-4.31,WARNING
213.3,0.2072,0.8217,-5.83,WARNING
213.333,0.2191,0.1662,-5.44,WARNING
213.367,0.2192,0.1786,-3.13,WARNING
213.4,0.2251,0.6956,-2.51,WARNING
213.433,0.2128,0.2565,-1.31,WARNING
213.467,0.2304,0.8263,-7.31,WARNING
213.5,0.2166,0.1613,-1.67,WARNING
213.533,0.2476,0.6838,-1.04,WARNING
213.567,0.2118,0.2924,-4.6,WARNING
213.6,0.1969,0.2379,-4.16,WARNING
213.633,0.2159,0.8238,-5.28,WARNING
213.667,0.2147,0.8403,-2.05,WARNING
213.7,0.229,0.7745,-0.63,WARNING
213.733,0.1998,0.282,-2.03,WARNING
213.767,0.1999,0.2007,-7.39,WARNING
213.8,0.2328,0.7176,-4.84,WARNING
213.833,0.2071,0.7415,-5.74,WARNING
213.867,0.2209,0.8052,-6.2,WARNING
213.9,0.2279,0.7784,-5.66,WARNING
213.933,0.2381,0.6061,-5.6,WARNING
213.967,0.2284,0.8199,-0.67,WARNING
214.0,0.2448,0.7709,-2.81,WARNING
214.033,0.2101,0.2823,-3.92,WARNING
214.067,0.2166,0.2396,-4.44,WARNING
214.1,0.2127,0.6538,-5.25,WARNING
214.133,0.2252,0.2166,-7.9,WARNING
214.167,0.21,0.2796,-7.76,WARNING
214.2,0.2125,0.1958,-1.67,WARNING
214.233,0.1959,0.2654,-3.65,WARNING
214.267,0.2504,0.6281,-6.79,WARNING
214.3,0.2168,0.8056,-4.14,WARNING
214.333,0.2273,0.6021,-6.79,WARNING
214.367,0.2474,0.7982,-2.54,WARNING
214.4,0.2203,0.1724,-2.95,WARNING
214.433,0.2523,0.8021,-0.99,WARNING
214.467,0.2089,0.6647,-5.87,WARNING
214.5,0.1974,0.2782,-6.94,WARNING
214.533,0.1975,0.2237,-4.88,WARNING
214.567,0.205,0.6447,-7.62,WARNING
214.6,0.2097,0.7939,-7.65,WARNING
214.633,0.2167,0.1838,-4.19,WARNING
214.667,0.2349,0.6617,-4.32,WARNING
214.7,0.2117,0.6328,-5.8,WARNING
214.733,0.2373,0.6429,-6.76,WARNING
214.767,0.2032,0.758,-2.7,WARNING
214.8,0.2297,0.1915,-6.5,WARNING
214.833,0.2097,0.8484,-6.8,WARNING
214.867,0.2279,0.7648,-7.15,WARNING
214.9,0.2183,0.173,-1.7,WARNING
214.933,0.2155,0.245,-2.66,WARNING
214.967,0.2572,0.7061,-5.87,WARNING
215.0,0.2014,0.2134,-4.85,WARNING
215.033,0.2011,0.8337,-3.65,WARNING
215.067,0.1962,0.2394,-0.45,WARNING
215.1,0.2261,0.1531,-6.38,WARNING
215.133,0.2196,0.697,-2.75,WARNING
215.167,0.1948,0.171,-6.75,WARNING
215.2,0.1982,0.1775,-6.4,WARNING
215.233,0.2131,0.757,-3.44,WARNING
215.267,0.2096,0.7607,-1.32,WARNING
215.3,0.2063,0.7912,-3.37,WARNING
215.333,0.3246,0.2144,-0.43,ALERT
215.367,0.3041,0.1257,-2.48,ALERT
215.4,0.2818,0.1232,3.09,ALERT
215.433,0.3203,0.1443,-2.61,ALERT
215.467,0.297,0.1052,1.04,ALERT
215.5,0.3371,0.1018,-0.88,ALERT
215.533,0.3081,0.1767,2.67,ALERT
215.567,0.3209,0.1406,3.53,ALERT
215.6,0.286,0.1792,1.69,ALERT
215.633,0.3378,0.1735,-3.71,ALERT
215.667,0.2956,0.1099,-2.45,ALERT
215.7,0.3149,0.1385,3.72,ALERT
215.733,0.3108,0.1011,-1.04,ALERT
215.767,0.3262,0.1503,0.33,ALERT
215.8,0.3213,0.1357,2.72,ALERT
215.833,0.2971,0.1961,0.99,ALERT
215.867,0.3192,0.1821,-1.45,ALERT
215.9,0.3085,0.1235,-2.47,ALERT
215.933,0.2857,0.1868,3.06,ALERT
215.967,0.2868,0.1075,-2.22,ALERT
216.0,0.2947,0.1427,-0.36,ALERT
216.033,0.2819,0.1358,1.21,ALERT
216.067,0.2976,0.2131,-1.42,ALERT
216.1,0.3007,0.1701,-3.75,ALERT
216.133,0.2843,0.1351,-0.15,ALERT
216.167,0.3393,0.1192,-3.51,ALERT
216.2,0.3133,0.0909,-2.72,ALERT
216.233,0.287,0.2025,-3.04,ALERT
216.267,0.306,0.1354,3.62,ALERT
216.3,0.2856,0.1765,2.44,ALERT
216.333,0.2898,0.1084,2.83,ALERT
216.367,0.3208,0.2035,-2.49,ALERT
216.4,0.2956,0.0968,3.79,ALERT
216.433,0.3323,0.1691,3.86,ALERT
216.467,0.2957,0.1727,2.06,ALERT
216.5,0.2845,0.0947,2.53,ALERT
216.533,0.3125,0.0882,-3.61,ALERT
216.567,0.3041,0.2144,1.52,ALERT
216.6,0.2864,0.1106,-1.38,ALERT
216.633,0.3388,0.1611,1.87,ALERT
216.667,0.3088,0.167,-3.32,ALERT
216.7,0.3197,0.1663,-3.87,ALERT
216.733,0.3364,0.0855,3.31,ALERT
216.767,0.2832,0.1729,-3.27,ALERT
216.8,0.3247,0.2135,2.18,ALERT
216.833,0.3016,0.1589,0.66,ALERT
216.867,0.3204,0.1767,-1.54,ALERT
216.9,0.2809,0.0979,-2.91,ALERT
216.933,0.3161,0.1749,-3.12,ALERT
216.967,0.163,0.1655,3.95,ALERT
217.0,0.3156,0.1268,0.32,ALERT
217.033,0.3068,0.2037,-1.5,ALERT
217.067,0.2949,0.1179,3.21,ALERT
217.1,0.3367,0.1306,2.73,ALERT
217.133,0.2915,0.1679,0.07,ALERT
217.167,0.2991,0.1843,1.1,ALERT
217.2,0.3046,0.1319,-2.75,ALERT
217.233,0.2828,0.1593,3.16,ALERT
217.267,0.3353,0.1462,-1.04,ALERT
217.3,0.2886,0.1447,3.19,ALERT
217.333,0.3355,0.1049,2.18,ALERT
217.367,0.3266,0.1923,2.7,ALERT
217.4,0.337,0.1197,-1.71,ALERT
217.433,0.2961,0.0938,-3.65,ALERT
217.467,0.3271,0.1863,-0.24,ALERT
217.5,0.3318,0.1828,2.92,ALERT
217.533,0.3096,0.1631,2.64,ALERT
217.567,0.319,0.1679,-2.47,ALERT
217.6,0.3173,0.1868,-1.36,ALERT
217.633,0.3379,0.1027,2.08,ALERT
217.667,0.2973,0.1326,2.82,ALERT
217.7,0.3224,0.1984,-3.51,ALERT
217.733,0.3369,0.2036,-3.17,ALERT
217.767,0.2816,0.2085,0.22,ALERT
217.8,0.3265,0.0893,-3.33,ALERT
217.833,0.316,0.2056,-0.26,ALERT
217.867,0.2845,0.151,0.09,ALERT
217.9,0.1514,0.1084,0.76,ALERT
217.933,0.2867,0.1776,2.08,ALERT
217.967,0.2828,0.1276,-3.84,ALERT
218.0,0.3213,0.1141,-3.94,ALERT
218.033,0.2999,0.1864,-0.85,ALERT
218.067,0.3205,0.1063,-3.11,ALERT
218.1,0.2947,0.19,1.46,ALERT
218.133,0.3291,0.1826,-0.61,ALERT
218.167,0.2823,0.1625,1.42,ALERT
218.2,0.2809,0.1785,-3.34,ALERT
218.233,0.3362,0.1852,-2.3,ALERT
218.267,0.2949,0.137,-3.04,ALERT
218.3,0.303,0.1366,2.54,ALERT
218.333,0.317,0.0987,3.2,ALERT
218.367,0.3379,0.0912,2.42,ALERT
218.4,0.308,0.2058,0.12,ALERT
218.433,0.2979,0.1222,-1.15,ALERT
218.467,0.291,0.09,2.25,ALERT
218.5,0.3177,0.0929,0.47,ALERT
218.533,0.3197,0.0821,3.38,ALERT
218.567,0.3245,0.1213,-2.25,ALERT
218.6,0.3205,0.1125,0.57,ALERT
218.633,0.3379,0.1269,2.83,ALERT
218.667,0.3382,0.1511,-0.16,ALERT
218.7,0.31,0.2014,1.37,ALERT
218.733,0.3118,0.1504,0.39,ALERT
218.767,0.2961,0.0855,3.92,ALERT
218.8,0.2953,0.2032,-2.76,ALERT
218.833,0.287,0.0943,-1.04,ALERT
218.867,0.3055,0.1924,0.41,ALERT
218.9,0.3284,0.1057,3.6,ALERT
218.933,0.3315,0.1278,3.99,ALERT
218.967,0.3252,0.0844,-1.95,ALERT
219.0,0.3285,0.1392,1.11,ALERT
219.033,0.3238,0.1302,-2.57,ALERT
219.067,0.323,0.2173,-3.94,ALERT
219.1,0.3185,0.1221,-3.16,ALERT
219.133,0.1391,0.1565,-2.76,ALERT
219.167,0.3266,0.1985,-0.04,ALERT
219.2,0.2866,0.1264,-1.41,ALERT
219.233,0.3135,0.1939,-0.0,ALERT
219.267,0.3294,0.1098,1.4,ALERT
219.3,0.2944,0.1003,-0.34,ALERT
219.333,0.2843,0.201,2.44,ALERT
219.367,0.3244,0.0893,3.6,ALERT
219.4,0.2925,0.2044,-1.04,ALERT
219.433,0.1536,0.1324,0.62,ALERT
219.467,0.3247,0.1772,-0.65,ALERT
219.5,0.281,0.2015,-1.13,ALERT
219.533,0.3153,0.2177,-0.18,ALERT
219.567,0.3297,0.0885,-2.6,ALERT
219.6,0.3394,0.2143,1.52,ALERT
219.633,0.3387,0.1303,-1.62,ALERT
219.667,0.3346,0.1453,-2.37,ALERT
219.7,0.3162,0.1116,0.88,ALERT
219.733,0.2859,0.1961,2.42,ALERT
219.767,0.3216,0.086,2.09,ALERT
219.8,0.2903,0.1731,2.19,ALERT
219.833,0.3375,0.1485,-1.98,ALERT
219.867,0.3082,0.137,0.74,ALERT
219.9,0.3246,0.1331,2.9,ALERT
219.933,0.3356,0.0874,1.51,ALERT
219.967,0.3313,0.1889,-1.37,ALERT
220.0,0.3284,0.1093,1.49,ALERT
220.033,0.328,0.2026,3.18,ALERT
220.067,0.3278,0.1835,2.4,ALERT
220.1,0.3185,0.1882,2.89,ALERT
220.133,0.1312,0.089,2.97,ALERT
220.167,0.2996,0.1279,2.45,ALERT
220.2,0.3368,0.1281,-0.0,ALERT
220.233,0.3112,0.1743,-2.56,ALERT
220.267,0.2983,0.1834,2.33,ALERT
220.3,0.1452,0.2153,0.09,ALERT
220.333,0.2908,0.196,-3.24,ALERT
220.367,0.3129,0.1453,1.89,ALERT
220.4,0.3197,0.206,2.11,ALERT
220.433,0.337,0.2156,-1.68,ALERT
220.467,0.3075,0.1433,-1.48,ALERT
220.5,0.2837,0.1655,1.25,ALERT
220.533,0.3241,0.2171,-3.36,ALERT
220.567,0.3017,0.1345,-3.12,ALERT
220.6,0.3164,0.1862,3.72,ALERT
220.633,0.3038,0.2152,-3.31,ALERT
220.667,0.3079,0.19,-3.16,ALERT
220.7,0.287,0.0984,3.66,ALERT
220.733,0.3108,0.207,-0.58,ALERT
220.767,0.2931,0.1878,-2.75,ALERT
220.8,0.323,0.1371,1.47,ALERT
220.833,0.2872,0.1012,2.09,ALERT
220.867,0.2926,0.2094,-1.23,ALERT
220.9,0.3366,0.1696,3.5,ALERT
220.933,0.3313,0.1786,-1.0,ALERT
220.967,0.3279,0.1823,-3.3,ALERT
221.0,0.3224,0.1387,0.95,ALERT
221.033,0.293,0.1276,3.15,ALERT
221.067,0.3304,0.2005,2.8,ALERT
221.1,0.3381,0.1494,-2.42,ALERT
221.133,0.3068,0.0987,-1.2,ALERT
221.167,0.2894,0.207,-1.0,ALERT
221.2,0.2818,0.2145,3.4,ALERT
221.233,0.2831,0.162,-0.04,ALERT
221.267,0.3072,0.0912,-2.5,ALERT
221.3,0.3252,0.1779,0.46,ALERT
221.333,0.2983,0.197,-3.29,ALERT
221.367,0.3048,0.1109,2.79,ALERT
221.4,0.3263,0.1182,2.89,ALERT
221.433,0.297,0.1433,3.47,ALERT
221.467,0.3297,0.1206,1.53,ALERT
221.5,0.1666,0.2054,3.26,ALERT
221.533,0.3258,0.0806,3.37,ALERT
221.567,0.2906,0.1232,-3.41,ALERT
221.6,0.3146,0.1875,-3.4,ALERT
221.633,0.3212,0.1135,1.43,ALERT
221.667,0.3113,0.1487,-2.93,ALERT
221.7,0.3136,0.0879,-0.8,ALERT
221.733,0.2931,0.138,2.72,ALERT
221.767,0.2928,0.1409,-1.02,ALERT
221.8,0.3195,0.1881,2.69,ALERT
221.833,0.3161,0.1661,0.6,ALERT
221.867,0.2822,0.0943,3.17,ALERT
221.9,0.3372,0.2056,0.79,ALERT
221.933,0.3388,0.0916,1.24,ALERT
221.967,0.3234,0.1156,3.58,ALERT
222.0,0.3375,0.1976,-0.03,ALERT
222.033,0.3268,0.1138,-3.77,ALERT
222.067,0.2858,0.1041,2.02,ALERT
222.1,0.3318,0.1351,-3.69,ALERT
222.133,0.3272,0.1522,1.21,ALERT
222.167,0.3215,0.2057,-3.84,ALERT
222.2,0.3069,0.1208,-2.28,ALERT
222.233,0.3061,0.0969,1.41,ALERT
222.267,0.3399,0.1176,1.66,ALERT
222.3,0.3111,0.1978,-2.75,ALERT
222.333,0.2961,0.0931,2.77,ALERT
222.367,0.314,0.2062,2.27,ALERT
222.4,0.3253,0.1156,3.03,ALERT
222.433,0.3101,0.1978,0.82,ALERT
222.467,0.3308,0.1056,-0.81,ALERT
222.5,0.2983,0.1972,-3.28,ALERT
222.533,0.3263,0.1002,3.13,ALERT
222.567,0.3349,0.2066,-3.66,ALERT
222.6,0.298,0.1326,-1.23,ALERT
222.633,0.3282,0.1084,2.25,ALERT
222.667,0.3137,0.197,2.01,ALERT
222.7,0.3333,0.1463,3.27,ALERT
222.733,0.325,0.1911,-0.21,ALERT
222.767,0.3117,0.1405,1.82,ALERT
222.8,0.3383,0.1954,2.35,ALERT
222.833,0.3327,0.1783,-0.22,ALERT
222.867,0.3091,0.1566,2.66,ALERT
222.9,0.3208,0.2038,-0.7,ALERT
222.933,0.3043,0.1074,0.21,ALERT
222.967,0.3132,0.0974,-2.03,ALERT
223.0,0.3042,0.1641,1.05,ALERT
223.033,0.3144,0.1972,3.09,ALERT
223.067,0.1553,0.1754,-3.45,ALERT
223.1,0.3031,0.1494,-1.01,ALERT
223.133,0.3248,0.156,-3.53,ALERT
223.167,0.3225,0.1266,-3.54,ALERT
223.2,0.3055,0.1652,-0.18,ALERT
223.233,0.2813,0.1915,-2.51,ALERT
223.267,0.3314,0.1157,-3.78,ALERT
223.3,0.3305,0.145,1.73,ALERT
223.333,0.3046,0.1697,1.71,ALERT
223.367,0.2843,0.2107,-0.81,ALERT
223.4,0.2821,0.095,-2.08,ALERT
223.433,0.3243,0.1793,2.3,ALERT
223.467,0.3183,0.1593,1.69,ALERT
223.5,0.2848,0.2196,1.85,ALERT
223.533,0.2991,0.2025,2.85,ALERT
223.567,0.2895,0.1846,-1.49,ALERT
223.6,0.3108,0.0821,0.82,ALERT
223.633,0.2185,0.6351,-4.06,WARNING
223.667,0.2212,0.7157,-0.16,WARNING
223.7,0.2527,0.7349,-4.75,WARNING
223.733,0.2546,0.6618,-5.23,WARNING
223.767,0.2066,0.6247,-4.8,WARNING
223.8,0.2543,0.7951,-1.18,WARNING
223.833,0.2046,0.2588,-6.01,WARNING
223.867,0.2199,0.2706,-7.76,WARNING
223.9,0.2293,0.6369,-0.83,WARNING
223.933,0.2083,0.8333,-5.52,WARNING
223.967,0.256,0.8281,-1.89,WARNING
224.0,0.2221,0.6077,-0.41,WARNING
224.033,0.195,0.2103,-2.4,WARNING
224.067,0.218,0.1875,-2.77,WARNING
224.1,0.2306,0.6077,-2.82,WARNING
224.133,0.2125,0.226,-3.5,WARNING
224.167,0.2294,0.7079,-5.59,WARNING
224.2,0.2453,0.6655,-6.58,WARNING
224.233,0.259,0.7071,-4.04,WARNING
224.267,0.2461,0.602,-4.43,WARNING
224.3,0.2009,0.6775,-1.93,WARNING
224.333,0.2188,0.7477,-7.93,WARNING
224.367,0.2333,0.8011,-4.77,WARNING
224.4,0.2202,0.8221,-5.96,WARNING
224.433,0.2163,0.6016,-0.92,WARNING
224.467,0.2178,0.2127,-0.15,WARNING
224.5,0.2555,0.8476,-3.49,WARNING
224.533,0.2327,0.776,-3.21,WARNING
224.567,0.2062,0.625,-5.82,WARNING
224.6,0.23,0.6555,-6.12,WARNING
224.633,0.2194,0.2402,-3.75,WARNING
224.667,0.2028,0.1802,-2.16,WARNING
224.7,0.1935,0.2264,-1.16,WARNING
224.733,0.2133,0.1583,-4.14,WARNING
224.767,0.2101,0.8015,-5.4,WARNING
224.8,0.2038,0.7144,-4.15,WARNING
224.833,0.2137,0.2722,-1.8,WARNING
224.867,0.2078,0.2739,-3.21,WARNING
224.9,0.2218,0.2239,-0.72,WARNING
224.933,0.2047,0.1867,-2.01,WARNING
224.967,0.2491,0.7749,-7.12,WARNING
225.0,0.1914,0.1888,-3.65,WARNING
225.033,0.2273,0.286,-2.41,WARNING
225.067,0.2095,0.1532,-7.08,WARNING
225.1,0.1965,0.192,-7.53,WARNING
225.133,0.2278,0.8447,-6.94,WARNING
225.167,0.2537,0.7597,-7.52,WARNING
225.2,0.2141,0.1567,-1.2,WARNING
225.233,0.2389,0.6969,-2.35,WARNING
225.267,0.2535,0.8213,-5.63,WARNING
225.3,0.2574,0.6269,-6.47,WARNING
225.333,0.2151,0.8236,-7.54,WARNING
225.367,0.1993,0.1927,-4.4,WARNING
225.4,0.2097,0.8452,-3.14,WARNING
225.433,0.2221,0.2391,-3.41,WARNING
225.467,0.2596,0.75,-3.55,WARNING
225.5,0.2118,0.6308,-2.17,WARNING
225.533,0.2185,0.2494,-1.84,WARNING
225.567,0.22,0.1691,-2.97,WARNING
225.6,0.2119,0.7498,-0.31,WARNING
225.633,0.2154,0.187,-3.52,WARNING
225.667,0.1969,0.282,-3.72,WARNING
225.7,0.203,0.2888,-7.67,WARNING
225.733,0.1971,0.2088,-0.15,WARNING
225.767,0.2318,0.7674,-2.37,WARNING
225.8,0.2258,0.6995,-4.28,WARNING
225.833,0.247,0.6877,-3.89,WARNING
225.867,0.2016,0.7925,-5.35,WARNING
225.9,0.2496,0.711,-2.2,WARNING
225.933,0.2348,0.7804,-7.41,WARNING
225.967,0.2018,0.7161,-5.74,WARNING
226.0,0.2282,0.2853,-5.78,WARNING
226.033,0.3336,0.1462,1.69,ALERT
226.067,0.2842,0.1104,3.29,ALERT
226.1,0.3394,0.1572,3.64,ALERT
226.133,0.2973,0.1862,0.43,ALERT
226.167,0.3273,0.1768,3.18,ALERT
226.2,0.3393,0.0869,3.91,ALERT
226.233,0.2885,0.0969,-1.0,ALERT
226.267,0.3027,0.1608,-3.2,ALERT
226.3,0.3375,0.0882,-1.85,ALERT
226.333,0.3027,0.1831,3.71,ALERT
226.367,0.3005,0.1085,3.0,ALERT
226.4,0.3302,0.1644,1.22,ALERT
226.433,0.321,0.1123,-1.14,ALERT
226.467,0.3177,0.0858,-2.02,ALERT
226.5,0.334,0.0906,3.18,ALERT
226.533,0.3117,0.154,-1.45,ALERT
226.567,0.2908,0.1408,0.44,ALERT
226.6,0.3236,0.1082,0.58,ALERT
226.633,0.3353,0.1733,-0.38,ALERT
226.667,0.2924,0.1156,3.92,ALERT
226.7,0.3178,0.2126,1.55,ALERT
226.733,0.3035,0.1831,-2.37,ALERT
226.767,0.2834,0.1649,2.36,ALERT
226.8,0.2913,0.0915,-2.55,ALERT
226.833,0.301,0.1707,1.6,ALERT
226.867,0.298,0.1515,-1.4,ALERT
226.9,0.3205,0.1282,-3.57,ALERT
226.933,0.3111,0.1266,-3.57,ALERT
226.967,0.2825,0.1198,-2.73,ALERT
227.0,0.3236,0.0822,-2.14,ALERT
227.033,0.34,0.12,-1.32,ALERT
227.067,0.3064,0.1784,0.28,ALERT
227.1,0.3366,0.1666,3.87,ALERT
227.133,0.3198,0.1329,3.25,ALERT
227.167,0.3032,0.1834,-1.73,ALERT
227.2,0.2917,0.136,-1.37,ALERT
227.233,0.3315,0.1369,-0.4,ALERT
227.267,0.304,0.167,3.41,ALERT
227.3,0.2957,0.1949,1.08,ALERT
227.333,0.2911,0.1429,-2.24,ALERT
227.367,0.2972,0.2184,2.45,ALERT
227.4,0.2867,0.1838,-1.09,ALERT
227.433,0.3209,0.1961,-0.3,ALERT
227.467,0.3269,0.0922,-1.0,ALERT
227.5,0.2988,0.1592,3.03,ALERT
227.533,0.2964,0.1114,-0.33,ALERT
227.567,0.3314,0.0955,1.43,ALERT
227.6,0.3002,0.1027,1.68,ALERT
227.633,0.2828,0.1386,-0.55,ALERT
227.667,0.3051,0.1966,-3.3,ALERT
227.7,0.3325,0.2136,-0.08,ALERT
227.733,0.3013,0.213,1.02,ALERT
227.767,0.3084,0.1267,1.67,ALERT
227.8,0.3189,0.1177,3.49,ALERT
227.833,0.3318,0.2084,-1.16,ALERT
227.867,0.3112,0.1295,-2.82,ALERT
227.9,0.3339,0.1559,-2.14,ALERT
227.933,0.3154,0.1505,-2.43,ALERT
227.967,0.2876,0.0842,-1.4,ALERT
228.0,0.3061,0.1124,1.88,ALERT
228.033,0.3258,0.1624,1.08,ALERT
228.067,0.3385,0.1713,3.89,ALERT
228.1,0.3354,0.21,-1.15,ALERT
228.133,0.2979,0.1626,0.76,ALERT
228.167,0.3151,0.2084,-2.42,ALERT
228.2,0.2849,0.1462,3.66,ALERT
228.233,0.3279,0.1937,0.97,ALERT
228.267,0.2842,0.1993,-2.84,ALERT
228.3,0.3135,0.1899,1.63,ALERT
228.333,0.3161,0.1303,0.36,ALERT
228.367,0.3005,0.1586,-2.7,ALERT
228.4,0.3142,0.2015,-3.17,ALERT
228.433,0.3376,0.2168,1.76,ALERT
228.467,0.3,0.1668,-1.4,ALERT
228.5,0.3217,0.2087,-2.0,ALERT
228.533,0.3254,0.1432,3.79,ALERT
228.567,0.292,0.1968,0.61,ALERT
228.6,0.2953,0.1723,1.33,ALERT
228.633,0.3167,0.2127,-1.88,ALERT
228.667,0.3128,0.0887,1.14,ALERT
228.7,0.2939,0.1365,0.15,ALERT
228.733,0.3226,0.1496,-3.48,ALERT
228.767,0.3065,0.0864,2.99,ALERT
228.8,0.3324,0.1959,-0.47,ALERT
228.833,0.2821,0.1191,2.88,ALERT
228.867,0.2921,0.1064,-0.04,ALERT
228.9,0.2939,0.1455,-2.34,ALERT
228.933,0.3003,0.1281,-0.17,ALERT
228.967,0.2816,0.0832,-3.84,ALERT
229.0,0.3121,0.1412,-0.34,ALERT
229.033,0.2876,0.1119,-2.0,ALERT
229.067,0.3136,0.1505,3.56,ALERT
229.1,0.3117,0.1508,-1.13,ALERT
229.133,0.2993,0.147,0.39,ALERT
229.167,0.2909,0.1347,1.46,ALERT
229.2,0.3126,0.2068,-3.45,ALERT
229.233,0.2833,0.2114,-3.07,ALERT
229.267,0.328,0.2081,1.06,ALERT
229.3,0.2828,0.1166,-2.83,ALERT
229.333,0.3369,0.1845,-0.98,ALERT
229.367,0.3207,0.0918,-0.1,ALERT
229.4,0.2987,0.125,-1.71,ALERT
229.433,0.3266,0.1274,3.35,ALERT
229.467,0.3216,0.1434,2.39,ALERT
229.5,0.338,0.0884,-2.47,ALERT
229.533,0.3194,0.1437,2.63,ALERT
229.567,0.3088,0.1875,2.45,ALERT
229.6,0.2999,0.1707,-1.26,ALERT
229.633,0.2807,0.1939,-3.39,ALERT
229.667,0.3105,0.2171,-3.2,ALERT
229.7,0.2974,0.1671,-3.99,ALERT
229.733,0.3327,0.197,0.62,ALERT
229.767,0.2996,0.1589,2.75,ALERT
229.8,0.3145,0.1831,-0.91,ALERT
229.833,0.3282,0.1523,-2.91,ALERT
229.867,0.2957,0.1895,-1.67,ALERT
229.9,0.2851,0.2167,2.79,ALERT
229.933,0.2809,0.1456,-2.05,ALERT
229.967,0.2983,0.1461,-1.67,ALERT
230.0,0.3134,0.1686,0.05,ALERT
230.033,0.2873,0.1219,-0.72,ALERT
230.067,0.3352,0.1737,1.73,ALERT
230.1,0.325,0.1514,1.37,ALERT
230.133,0.2857,0.0944,1.67,ALERT
230.167,0.3343,0.2063,2.53,ALERT
230.2,0.3134,0.1652,-3.82,ALERT
230.233,0.3329,0.1891,-0.71,ALERT
230.267,0.324,0.1397,1.8,ALERT
230.3,0.3242,0.1899,0.45,ALERT
230.333,0.2913,0.1984,1.43,ALERT
230.367,0.3126,0.2142,-2.7,ALERT
230.4,0.2805,0.2079,0.33,ALERT
230.433,0.3267,0.2053,-0.06,ALERT
230.467,0.3343,0.1031,0.29,ALERT
230.5,0.3067,0.1681,0.29,ALERT
230.533,0.3269,0.1668,3.21,ALERT
230.567,0.1205,0.0842,1.25,ALERT
230.6,0.2812,0.1464,-2.0,ALERT
230.633,0.3395,0.2069,-0.97,ALERT
230.667,0.3148,0.2174,3.44,ALERT
230.7,0.3302,0.1212,3.97,ALERT
230.733,0.3153,0.1489,-1.69,ALERT
230.767,0.3103,0.0849,-0.38,ALERT
230.8,0.3399,0.0901,-0.47,ALERT
230.833,0.3001,0.171,-0.8,ALERT
230.867,0.3325,0.087,2.67,ALERT
230.9,0.3294,0.2194,-2.44,ALERT
230.933,0.2859,0.168,3.58,ALERT
230.967,0.2917,0.0959,1.67,ALERT
231.0,0.1739,0.1331,-1.9,ALERT
231.033,0.2812,0.2064,-3.87,ALERT
231.067,0.3115,0.0903,1.87,ALERT
231.1,0.2973,0.1408,-2.37,ALERT
231.133,0.3286,0.1851,-3.52,ALERT
231.167,0.3285,0.1436,-1.23,ALERT
231.2,0.2834,0.2129,2.59,ALERT
231.233,0.3077,0.0924,1.34,ALERT
231.267,0.3239,0.1704,-2.63,ALERT
231.3,0.3219,0.0988,2.04,ALERT
231.333,0.1226,0.187,2.65,ALERT
231.367,0.2928,0.1956,-2.07,ALERT
231.4,0.2815,0.1358,1.13,ALERT
231.433,0.2951,0.2009,2.85,ALERT
231.467,0.3215,0.1273,-1.12,ALERT
231.5,0.3217,0.1952,-0.68,ALERT
231.533,0.3014,0.1557,-1.1,ALERT
231.567,0.3388,0.1867,1.13,ALERT
231.6,0.3216,0.0894,-3.14,ALERT
231.633,0.2855,0.148,-3.79,ALERT
231.667,0.309,0.1822,-1.15,ALERT
231.7,0.3326,0.1817,2.65,ALERT
231.733,0.3249,0.1292,-3.66,ALERT
231.767,0.3136,0.1766,-0.05,ALERT
231.8,0.3031,0.1567,1.08,ALERT
231.833,0.307,0.1062,3.11,ALERT
231.867,0.2816,0.1529,-1.15,ALERT
231.9,0.3054,0.2092,3.09,ALERT
231.933,0.3357,0.112,1.01,ALERT
231.967,0.2987,0.1016,1.37,ALERT
232.0,0.2907,0.2098,-2.26,ALERT
232.033,0.298,0.0803,1.61,ALERT
232.067,0.2876,0.1932,1.2,ALERT
232.1,0.177,0.1664,3.97,ALERT
232.133,0.2953,0.0856,0.8,ALERT
232.167,0.291,0.1573,1.89,ALERT
232.2,0.289,0.174,0.8,ALERT
232.233,0.3349,0.1538,2.08,ALERT
232.267,0.2811,0.1414,-1.12,ALERT
232.3,0.3183,0.1174,1.33,ALERT
232.333,0.3379,0.1921,-2.0,ALERT
232.367,0.3339,0.1326,-3.14,ALERT
232.4,0.3,0.1207,3.0,ALERT
232.433,0.3326,0.1309,-0.97,ALERT
232.467,0.32,0.2155,-0.67,ALERT
232.5,0.3305,0.1999,-3.13,ALERT
232.533,0.3327,0.0811,0.65,ALERT
232.567,0.3229,0.1342,-0.99,ALERT
232.6,0.2977,0.0806,0.98,ALERT
232.633,0.2879,0.172,3.15,ALERT
232.667,0.3012,0.2003,-0.32,ALERT
232.7,0.2868,0.158,-0.35,ALERT
232.733,0.3391,0.0958,2.9,ALERT
232.767,0.1307,0.0845,-0.58,ALERT
232.8,0.3093,0.0977,2.37,ALERT
232.833,0.3236,0.1066,-0.83,ALERT
232.867,0.3286,0.148,-2.12,ALERT
232.9,0.2836,0.0869,3.33,ALERT
232.933,0.3357,0.2187,2.72,ALERT
232.967,0.283,0.1832,-2.34,ALERT
233.0,0.3233,0.1466,-3.84,ALERT
233.033,0.3152,0.1259,0.9,ALERT
233.067,0.321,0.0955,-3.54,ALERT
233.1,0.2863,0.2183,1.0,ALERT
233.133,0.2935,0.1704,-3.35,ALERT
233.167,0.2894,0.1615,3.55,ALERT
233.2,0.327,0.1427,-1.82,ALERT
233.233,0.3022,0.2149,0.95,ALERT
233.267,0.2988,0.2103,-1.17,ALERT
233.3,0.3032,0.081,-1.29,ALERT
233.333,0.2953,0.1762,0.71,ALERT
233.367,0.2901,0.1223,-0.18,ALERT
233.4,0.2942,0.109,2.34,ALERT
233.433,0.2801,0.0892,1.66,ALERT
233.467,0.2904,0.1588,1.9,ALERT
233.5,0.3352,0.115,3.65,ALERT
233.533,0.3263,0.1764,0.18,ALERT
233.567,0.3268,0.0881,2.57,ALERT
233.6,0.2977,0.0953,-0.17,ALERT
233.633,0.2898,0.0823,-1.58,ALERT
233.667,0.3365,0.1522,0.02,ALERT
233.7,0.324,0.2007,-2.01,ALERT
233.733,0.3297,0.1171,-2.21,ALERT
233.767,0.301,0.164,-0.76,ALERT
233.8,0.3011,0.1947,-1.29,ALERT
233.833,0.3399,0.1619,3.2,ALERT
233.867,0.2997,0.1433,1.93,ALERT
233.9,0.3261,0.1137,3.0,ALERT
233.933,0.2984,0.1409,-0.84,ALERT
233.967,0.33,0.1962,-3.64,ALERT
234.0,0.3242,0.0884,-0.68,ALERT
234.033,0.1401,0.1268,-1.78,ALERT
234.067,0.3029,0.0874,-0.2,ALERT
234.1,0.3399,0.1485,0.62,ALERT
234.133,0.2985,0.1276,0.76,ALERT
234.167,0.3176,0.1011,-0.57,ALERT
234.2,0.333,0.098,0.5,ALERT
234.233,0.2958,0.1382,0.09,ALERT
234.267,0.3239,0.1142,-3.0,ALERT
234.3,0.3154,0.2154,2.06,ALERT
234.333,0.2889,0.1194,-3.01,ALERT
234.367,0.2829,0.1898,-0.58,ALERT
234.4,0.2931,0.1918,-1.85,ALERT
234.433,0.3362,0.1777,-0.96,ALERT
234.467,0.2984,0.1619,3.52,ALERT
234.5,0.3241,0.1604,-0.01,ALERT
234.533,0.3242,0.2101,2.21,ALERT
234.567,0.3226,0.1772,0.52,ALERT
234.6,0.2933,0.0972,-1.05,ALERT
234.633,0.2915,0.1582,1.0,ALERT
234.667,0.3218,0.1674,-0.93,ALERT
234.7,0.3031,0.1259,2.6,ALERT
234.733,0.3294,0.2067,-2.38,ALERT
234.767,0.3007,0.1231,-2.97,ALERT
234.8,0.3339,0.1048,-2.9,ALERT
234.833,0.301,0.1341,-1.44,ALERT
234.867,0.3274,0.1737,-1.57,ALERT
234.9,0.3101,0.154,2.86,ALERT
234.933,0.3281,0.1196,0.63,ALERT
234.967,0.3153,0.1631,-1.0,ALERT
235.0,0.2859,0.2147,1.61,ALERT
235.033,0.3035,0.1293,0.54,ALERT
235.067,0.3348,0.0908,0.74,ALERT
235.1,0.2884,0.2014,2.88,ALERT
235.133,0.3277,0.1641,-2.17,ALERT
235.167,0.2897,0.1884,-3.49,ALERT
235.2,0.302,0.1723,-0.98,ALERT
235.233,0.3298,0.1793,-3.01,ALERT
235.267,0.295,0.1045,3.17,ALERT
235.3,0.3381,0.1477,-0.67,ALERT
235.333,0.2939,0.1664,0.33,ALERT
235.367,0.3369,0.1094,-1.68,ALERT
235.4,0.3318,0.1287,-3.5,ALERT
235.433,0.3143,0.1229,-2.97,ALERT
235.467,0.3329,0.089,-2.1,ALERT
235.5,0.3095,0.1165,1.77,ALERT
235.533,0.3351,0.1207,-0.76,ALERT
235.567,0.3389,0.1466,0.58,ALERT
235.6,0.2937,0.1455,-2.89,ALERT
235.633,0.3256,0.1385,-3.71,ALERT
235.667,0.3367,0.1174,-1.0,ALERT
235.7,0.3098,0.1223,1.7,ALERT
235.733,0.3164,0.1347,-3.25,ALERT
235.767,0.2835,0.2155,-1.36,ALERT
235.8,0.2915,0.089,-3.52,ALERT
235.833,0.3213,0.1814,-2.36,ALERT
235.867,0.3036,0.1002,-2.83,ALERT
235.9,0.3003,0.2036,1.01,ALERT
235.933,0.3333,0.1643,-0.61,ALERT
235.967,0.3189,0.1888,3.17,ALERT
236.0,0.2954,0.1289,1.43,ALERT
236.033,0.285,0.1146,2.94,ALERT
236.067,0.3301,0.0867,-3.28,ALERT
236.1,0.2924,0.1444,3.1,ALERT
236.133,0.3212,0.1708,-2.66,ALERT
236.167,0.2911,0.1945,0.56,ALERT
236.2,0.3144,0.2095,0.75,ALERT
236.233,0.2886,0.1561,0.77,ALERT
236.267,0.1429,0.1525,0.55,ALERT
236.3,0.2894,0.2074,0.55,ALERT
236.333,0.322,0.2154,2.66,ALERT
236.367,0.3275,0.1975,0.61,ALERT
236.4,0.2836,0.0983,1.12,ALERT
236.433,0.2999,0.1715,3.97,ALERT
236.467,0.3236,0.2167,0.44,ALERT
236.5,0.3212,0.1672,-1.15,ALERT
236.533,0.3049,0.0862,3.64,ALERT
236.567,0.3108,0.2127,0.86,ALERT
236.6,0.309,0.1735,-0.11,ALERT
236.633,0.2856,0.1389,2.01,ALERT
236.667,0.3335,0.212,1.67,ALERT
236.7,0.3355,0.0807,2.55,ALERT
236.733,0.2847,0.183,-3.2,ALERT
236.767,0.1319,0.1534,-2.14,ALERT
236.8,0.2833,0.1029,2.14,ALERT
236.833,0.303,0.1819,1.92,ALERT
236.867,0.2901,0.1854,-3.28,ALERT
236.9,0.294,0.111,-1.03,ALERT
236.933,0.3279,0.18,-0.11,ALERT
236.967,0.31,0.0945,1.88,ALERT
237.0,0.3113,0.1817,0.84,ALERT
237.033,0.2924,0.2086,0.55,ALERT
237.067,0.3107,0.1443,-0.14,ALERT
237.1,0.2896,0.1279,1.95,ALERT
237.133,0.3256,0.1226,-3.02,ALERT
237.167,0.2976,0.1941,2.47,ALERT
237.2,0.3256,0.172,-3.02,ALERT
237.233,0.2964,0.1414,-1.78,ALERT
237.267,0.3187,0.1181,2.31,ALERT
237.3,0.2884,0.1694,-3.76,ALERT
237.333,0.2919,0.1657,1.33,ALERT
237.367,0.3395,0.1662,2.94,ALERT
237.4,0.2988,0.1307,2.49,ALERT
237.433,0.3194,0.1028,-3.25,ALERT
237.467,0.3106,0.1116,-3.77,ALERT
237.5,0.3049,0.1119,-2.3,ALERT
237.533,0.3217,0.112,-1.83,ALERT
237.567,0.1672,0.1291,-0.47,ALERT
237.6,0.3262,0.2001,1.58,ALERT
237.633,0.3165,0.1764,2.49,ALERT
237.667,0.2924,0.1526,3.19,ALERT
237.7,0.3311,0.1382,-0.16,ALERT
237.733,0.2878,0.1803,-1.26,ALERT
237.767,0.3203,0.1902,2.41,ALERT
237.8,0.3042,0.0815,0.66,ALERT
237.833,0.1786,0.1628,-1.5,ALERT
237.867,0.2815,0.1132,-1.25,ALERT
237.9,0.2856,0.0818,2.11,ALERT
237.933,0.3277,0.1305,-0.06,ALERT
237.967,0.2891,0.1283,-0.36,ALERT
238.0,0.3062,0.089,-2.42,ALERT
238.033,0.2952,0.1538,0.57,ALERT
238.067,0.3272,0.1418,-2.22,ALERT
238.1,0.2924,0.2018,-3.36,ALERT
238.133,0.3212,0.1732,-0.75,ALERT
238.167,0.3156,0.1714,0.94,ALERT
238.2,0.3079,0.1817,-0.46,ALERT
238.233,0.29,0.1265,1.12,ALERT
238.267,0.3133,0.0949,-1.19,ALERT
238.3,0.3294,0.0838,-1.27,ALERT
238.333,0.2849,0.1503,2.75,ALERT
238.367,0.2822,0.1033,-2.3,ALERT
238.4,0.2841,0.1444,-3.99,ALERT
238.433,0.3107,0.126,1.6,ALERT
238.467,0.3352,0.2181,3.1,ALERT
238.5,0.3303,0.1159,3.41,ALERT
238.533,0.1252,0.1949,-0.48,ALERT
238.567,0.165,0.2063,2.23,ALERT
238.6,0.1779,0.0977,-2.65,ALERT
238.633,0.3322,0.2086,2.72,ALERT
238.667,0.3336,0.1938,-2.48,ALERT
238.7,0.3104,0.1634,-0.29,ALERT
238.733,0.304,0.2034,-3.89,ALERT
238.767,0.2873,0.1398,2.8,ALERT
238.8,0.331,0.137,-0.15,ALERT
238.833,0.3159,0.0955,-3.95,ALERT
238.867,0.3269,0.0985,-0.49,ALERT
238.9,0.2817,0.2099,3.05,ALERT
238.933,0.3343,0.1508,-2.68,ALERT
238.967,0.3066,0.166,2.14,ALERT
239.0,0.304,0.2052,-3.46,ALERT
239.033,0.3227,0.1386,-3.37,ALERT
239.067,0.2808,0.1844,-1.82,ALERT
239.1,0.2906,0.1109,0.03,ALERT
239.133,0.3286,0.0999,-2.81,ALERT
239.167,0.3127,0.1739,-0.7,ALERT
239.2,0.3344,0.1228,1.39,ALERT
239.233,0.2899,0.0968,-1.73,ALERT
239.267,0.2924,0.1343,1.4,ALERT
239.3,0.3326,0.1025,-3.33,ALERT
239.333,0.2812,0.1198,-2.63,ALERT
239.367,0.2997,0.0802,-1.99,ALERT
239.4,0.3022,0.2042,3.32,ALERT
239.433,0.3114,0.1826,-0.72,ALERT
239.467,0.3364,0.2158,-3.58,ALERT
239.5,0.3312,0.104,-1.48,ALERT
239.533,0.333,0.1456,0.77,ALERT
239.567,0.3392,0.1403,0.8,ALERT
239.6,0.3275,0.0976,-2.38,ALERT
239.633,0.3168,0.1081,2.08,ALERT
239.667,0.3185,0.1571,3.99,ALERT
239.7,0.2975,0.0847,1.36,ALERT
239.733,0.3036,0.1089,-1.11,ALERT
239.767,0.3311,0.1481,3.52,ALERT
239.8,0.2851,0.1042,2.71,ALERT
239.833,0.2935,0.2087,1.21,ALERT
239.867,0.2856,0.0928,2.78,ALERT
239.9,0.3083,0.2069,-2.21,ALERT
239.933,0.283,0.2152,2.16,ALERT
239.967,0.3115,0.2031,-0.11,ALERT
240.0,0.3039,0.1525,0.99,ALERT
240.033,0.3289,0.1447,-1.87,ALERT
240.067,0.3138,0.1886,1.87,ALERT
240.1,0.2241,0.6631,-1.44,WARNING
240.133,0.1947,0.1684,-4.72,WARNING
240.167,0.2176,0.7813,-7.71,WARNING
240.2,0.2005,0.7719,-0.5,WARNING
240.233,0.1957,0.1893,-2.03,WARNING
240.267,0.2059,0.2368,-7.43,WARNING
240.3,0.1932,0.2073,-0.02,WARNING
240.333,0.2169,0.6749,-1.01,WARNING
240.367,0.2102,0.2314,-4.73,WARNING
240.4,0.2414,0.6778,-5.11,WARNING
240.433,0.2225,0.834,-0.18,WARNING
240.467,0.2047,0.7698,-7.46,WARNING
240.5,0.2157,0.2569,-5.76,WARNING
240.533,0.2442,0.6571,-5.3,WARNING
240.567,0.2012,0.2552,-6.65,WARNING
240.6,0.212,0.1779,-3.14,WARNING
240.633,0.2441,0.7043,-7.08,WARNING
240.667,0.225,0.1687,-0.8,WARNING
240.7,0.2166,0.845,-2.64,WARNING
240.733,0.25,0.7549,-5.77,WARNING
240.767,0.2196,0.1816,-0.59,WARNING
240.8,0.2295,0.2485,-3.11,WARNING
240.833,0.2062,0.7481,-7.72,WARNING
240.867,0.251,0.8454,-3.18,WARNING
240.9,0.21,0.6512,-6.14,WARNING
240.933,0.2119,0.6028,-5.15,WARNING
240.967,0.2028,0.2381,-0.55,WARNING
241.0,0.2164,0.2424,-3.95,WARNING
241.033,0.2399,0.8475,-2.45,WARNING
241.067,0.2336,0.843,-2.14,WARNING
241.1,0.2353,0.6859,-4.07,WARNING
241.133,0.2127,0.8092,-0.67,WARNING
241.167,0.222,0.1844,-5.22,WARNING
241.2,0.2219,0.6302,-5.02,WARNING
241.233,0.2499,0.7341,-4.99,WARNING
241.267,0.2183,0.8445,-0.27,WARNING
241.3,0.2205,0.8201,-2.62,WARNING
241.333,0.257,0.7819,-4.49,WARNING
241.367,0.2272,0.1655,-0.52,WARNING
241.4,0.1936,0.2565,-1.59,WARNING
241.433,0.2134,0.7278,-7.65,WARNING
241.467,0.2152,0.7719,-6.95,WARNING
241.5,0.2253,0.6573,-6.48,WARNING
241.533,0.2072,0.286,-3.83,WARNING
241.567,0.2281,0.6672,-6.99,WARNING
241.6,0.2205,0.191,-4.21,WARNING
241.633,0.2193,0.6649,-0.73,WARNING
241.667,0.2482,0.67,-2.18,WARNING
241.7,0.2322,0.7598,-1.29,WARNING
241.733,0.2443,0.6704,-1.19,WARNING
241.767,0.1955,0.1546,-6.04,WARNING
241.8,0.2536,0.6049,-7.69,WARNING
241.833,0.2482,0.6463,-1.17,WARNING
241.867,0.2189,0.1719,-5.61,WARNING
241.9,0.2213,0.2307,-0.07,WARNING
241.933,0.2064,0.6148,-1.77,WARNING
241.967,0.2172,0.273,-4.36,WARNING
242.0,0.2273,0.6441,-2.05,WARNING
242.033,0.2399,0.686,-6.75,WARNING
242.067,0.2264,0.6647,-6.81,WARNING
242.1,0.2258,0.6018,-0.74,WARNING
242.133,0.248,0.7347,-0.22,WARNING
242.167,0.2207,0.7147,-5.39,WARNING
242.2,0.1946,0.2617,-6.98,WARNING
242.233,0.224,0.2937,-7.25,WARNING
242.267,0.2281,0.2354,-1.96,WARNING
242.3,0.2142,0.1845,-5.11,WARNING
242.333,0.2172,0.1765,-0.82,WARNING
242.367,0.2093,0.8114,-3.71,WARNING
242.4,0.2575,0.6764,-5.54,WARNING
242.433,0.2111,0.2093,-2.89,WARNING
242.467,0.2386,0.8029,-0.2,WARNING
242.5,0.2141,0.2346,-6.77,WARNING
242.533,0.2456,0.7723,-4.8,WARNING
242.567,0.229,0.6347,-5.3,WARNING
242.6,0.2366,0.7117,-2.64,WARNING
242.633,0.2076,0.6198,-4.4,WARNING
242.667,0.2053,0.7856,-4.86,WARNING
242.7,0.2017,0.623,-3.18,WARNING
242.733,0.2461,0.6829,-6.6,WARNING
242.767,0.2567,0.8239,-1.04,WARNING
242.8,0.134,0.1869,-23.31,CRITICAL
242.833,0.0995,0.17,-21.46,CRITICAL
242.867,0.1071,0.2527,-15.76,CRITICAL
242.9,0.1238,0.2503,-23.96,CRITICAL
242.933,0.0819,0.2168,-18.87,CRITICAL
242.967,0.1248,0.2156,-21.49,CRITICAL
243.0,0.0889,0.1628,-20.95,CRITICAL
243.033,0.1198,0.2689,-21.17,CRITICAL
243.067,0.1217,0.2296,-19.09,CRITICAL
243.1,0.1184,0.2222,-20.89,CRITICAL
243.133,0.1202,0.14,-20.58,CRITICAL
243.167,0.1191,0.2842,-19.38,CRITICAL
243.2,0.1039,0.1056,-24.48,CRITICAL
243.233,0.1124,0.2106,-15.88,CRITICAL
243.267,0.1096,0.29,-19.18,CRITICAL
243.3,0.1394,0.2228,-16.71,CRITICAL
243.333,0.1283,0.1025,-21.29,CRITICAL
243.367,0.1282,0.2806,-23.18,CRITICAL
243.4,0.1204,0.242,-22.3,CRITICAL
243.433,0.096,0.2522,-21.62,CRITICAL
243.467,0.1205,0.2268,-20.53,CRITICAL
243.5,0.1171,0.1744,-23.81,CRITICAL
243.533,0.1197,0.2568,-20.54,CRITICAL
243.567,0.1164,0.2814,-19.8,CRITICAL
243.6,0.1332,0.241,-22.73,CRITICAL
243.633,0.105,0.136,-24.05,CRITICAL
243.667,0.1263,0.1835,-24.22,CRITICAL
243.7,0.1038,0.212,-16.15,CRITICAL
243.733,0.1167,0.2923,-20.06,CRITICAL
243.767,0.1237,0.1098,-24.91,CRITICAL
243.8,0.0865,0.1948,-19.49,CRITICAL
243.833,0.102,0.1673,-23.49,CRITICAL
243.867,0.1297,0.1786,-17.19,CRITICAL
243.9,0.1341,0.1676,-16.44,CRITICAL
243.933,0.1395,0.2011,-18.51,CRITICAL
243.967,0.0999,0.1629,-24.17,CRITICAL
244.0,0.1187,0.2834,-23.61,CRITICAL
244.033,0.0959,0.2727,-18.73,CRITICAL
244.067,0.0822,0.2668,-18.43,CRITICAL
244.1,0.1348,0.2241,-15.23,CRITICAL
244.133,0.1048,0.1018,-20.35,CRITICAL
244.167,0.1166,0.1091,-21.87,CRITICAL
244.2,0.1291,0.2083,-19.34,CRITICAL
244.233,0.1298,0.1314,-19.17,CRITICAL
244.267,0.0871,0.2404,-20.77,CRITICAL
244.3,0.1251,0.2243,-17.62,CRITICAL
244.333,0.1151,0.1346,-15.77,CRITICAL
244.367,0.0942,0.2612,-23.83,CRITICAL
244.4,0.139,0.1348,-21.12,CRITICAL
244.433,0.088,0.2006,-18.56,CRITICAL
244.467,0.0881,0.2048,-16.05,CRITICAL
244.5,0.0953,0.155,-23.54,CRITICAL
244.533,0.0905,0.2493,-18.85,CRITICAL
244.567,0.0807,0.219,-16.09,CRITICAL
244.6,0.0876,0.1307,-19.9,CRITICAL
244.633,0.1324,0.2018,-24.5,CRITICAL
244.667,0.1384,0.17,-24.83,CRITICAL
244.7,0.0956,0.1131,-16.37,CRITICAL
244.733,0.0852,0.2841,-15.51,CRITICAL
244.767,0.1249,0.1421,-15.9,CRITICAL
244.8,0.1268,0.1165,-22.39,CRITICAL
244.833,0.1097,0.2968,-16.1,CRITICAL
244.867,0.093,0.2677,-19.32,CRITICAL
244.9,0.0955,0.2791,-21.79,CRITICAL
244.933,0.1314,0.2918,-24.58,CRITICAL
244.967,0.0856,0.2523,-22.02,CRITICAL
245.0,0.1372,0.2285,-20.36,CRITICAL
245.033,0.1184,0.2927,-19.55,CRITICAL
245.067,0.1148,0.2901,-21.02,CRITICAL
245.1,0.1113,0.1931,-24.63,CRITICAL
245.133,0.0875,0.1574,-19.59,CRITICAL
245.167,0.1088,0.1355,-19.31,CRITICAL
245.2,0.1343,0.2849,-22.11,CRITICAL
245.233,0.1071,0.1074,-19.18,CRITICAL
245.267,0.1053,0.123,-23.79,CRITICAL
245.3,0.1369,0.1653,-18.09,CRITICAL
245.333,0.122,0.1833,-20.48,CRITICAL
245.367,0.109,0.2022,-22.18,CRITICAL
245.4,0.1039,0.1239,-20.52,CRITICAL
245.433,0.1269,0.2833,-23.7,CRITICAL
245.467,0.0881,0.1735,-24.4,CRITICAL
245.5,0.1198,0.2674,-24.53,CRITICAL
245.533,0.1019,0.27,-24.95,CRITICAL
245.567,0.127,0.2083,-21.35,CRITICAL
245.6,0.1139,0.1766,-16.9,CRITICAL
245.633,0.0902,0.169,-23.35,CRITICAL
245.667,0.1204,0.2615,-16.67,CRITICAL
245.7,0.1328,0.1124,-20.47,CRITICAL
245.733,0.1273,0.1624,-16.5,CRITICAL
245.767,0.128,0.18,-16.71,CRITICAL
245.8,0.1361,0.1388,-18.37,CRITICAL
245.833,0.0995,0.2585,-20.03,CRITICAL
245.867,0.092,0.1478,-16.59,CRITICAL
245.9,0.1332,0.292,-23.03,CRITICAL
245.933,0.1185,0.2501,-15.92,CRITICAL
245.967,0.1141,0.1937,-24.57,CRITICAL
246.0,0.1125,0.2501,-15.97,CRITICAL
246.033,0.1283,0.2581,-21.69,CRITICAL
246.067,0.0903,0.1995,-21.66,CRITICAL
246.1,0.1271,0.145,-23.89,CRITICAL
246.133,0.12,0.2414,-24.75,CRITICAL
246.167,0.1001,0.1146,-17.46,CRITICAL
246.2,0.1077,0.1478,-20.18,CRITICAL
246.233,0.1105,0.1068,-20.36,CRITICAL
246.267,0.0825,0.2552,-21.13,CRITICAL
246.3,0.1197,0.2032,-18.72,CRITICAL
246.333,0.0833,0.1147,-23.68,CRITICAL
246.367,0.1143,0.2862,-23.19,CRITICAL
246.4,0.0811,0.2831,-18.1,CRITICAL
246.433,0.0981,0.224,-20.02,CRITICAL
246.467,0.0943,0.2864,-23.5,CRITICAL
246.5,0.1394,0.1613,-24.76,CRITICAL
246.533,0.1391,0.2561,-18.67,CRITICAL
246.567,0.0938,0.1806,-23.57,CRITICAL
246.6,0.0995,0.2469,-23.87,CRITICAL
246.633,0.1133,0.1503,-20.32,CRITICAL
246.667,0.1376,0.1036,-15.59,CRITICAL
246.7,0.0919,0.2438,-21.39,CRITICAL
246.733,0.0929,0.1737,-22.88,CRITICAL
246.767,0.1083,0.1256,-20.26,CRITICAL
246.8,0.11,0.126,-22.05,CRITICAL
246.833,0.1125,0.175,-15.86,CRITICAL
246.867,0.0939,0.1103,-16.66,CRITICAL
246.9,0.1194,0.2289,-18.1,CRITICAL
246.933,0.0993,0.2589,-19.12,CRITICAL
246.967,0.093,0.1443,-19.97,CRITICAL
247.0,0.1367,0.2305,-16.8,CRITICAL
247.033,0.126,0.1557,-19.93,CRITICAL
247.067,0.1238,0.1279,-18.94,CRITICAL
247.1,0.1231,0.1044,-16.39,CRITICAL
247.133,0.0948,0.2606,-16.74,CRITICAL
247.167,0.0865,0.2556,-24.73,CRITICAL
247.2,0.1294,0.1221,-16.89,CRITICAL
247.233,0.112,0.2601,-24.5,CRITICAL
247.267,0.1307,0.1659,-20.6,CRITICAL
247.3,0.2909,0.0999,1.45,ALERT
247.333,0.3157,0.1947,3.13,ALERT
247.367,0.2957,0.1557,-2.61,ALERT
247.4,0.3087,0.1015,-0.89,ALERT
247.433,0.3012,0.1453,-2.47,ALERT
247.467,0.3269,0.1736,-2.95,ALERT
247.5,0.3148,0.1338,-1.91,ALERT
247.533,0.3249,0.1808,-1.25,ALERT
247.567,0.3168,0.1458,-1.97,ALERT
247.6,0.3226,0.1427,1.77,ALERT
247.633,0.3035,0.1857,-0.08,ALERT
247.667,0.2968,0.0879,3.32,ALERT
247.7,0.3323,0.2132,3.15,ALERT
247.733,0.3106,0.1544,-1.61,ALERT
247.767,0.3107,0.1665,3.34,ALERT
247.8,0.3357,0.0824,-0.31,ALERT
247.833,0.3381,0.199,-0.89,ALERT
247.867,0.3284,0.0983,-2.63,ALERT
247.9,0.3191,0.162,-0.57,ALERT
247.933,0.2931,0.161,3.06,ALERT
247.967,0.2894,0.1466,2.14,ALERT
248.0,0.1705,0.1123,3.45,ALERT
248.033,0.3291,0.1901,3.04,ALERT
248.067,0.3122,0.1532,1.34,ALERT
248.1,0.3197,0.1088,1.56,ALERT
248.133,0.3287,0.201,1.01,ALERT
248.167,0.2852,0.2039,-0.49,ALERT
248.2,0.3315,0.1892,2.69,ALERT
248.233,0.3227,0.1446,3.11,ALERT
248.267,0.309,0.2185,0.26,ALERT
248.3,0.3296,0.125,-3.03,ALERT
248.333,0.3202,0.1587,0.54,ALERT
248.367,0.325,0.2012,0.06,ALERT
248.4,0.3299,0.1372,-0.72,ALERT
248.433,0.3234,0.1781,0.54,ALERT
248.467,0.3098,0.13,-3.95,ALERT
248.5,0.3266,0.1844,2.78,ALERT
248.533,0.3037,0.1254,-0.59,ALERT
248.567,0.3109,0.1287,-3.48,ALERT
248.6,0.3073,0.2173,1.23,ALERT
248.633,0.318,0.1794,2.53,ALERT
248.667,0.3218,0.1811,-2.55,ALERT
248.7,0.2832,0.1574,0.17,ALERT
248.733,0.3107,0.2157,-0.03,ALERT
248.767,0.3008,0.1987,1.41,ALERT
248.8,0.3203,0.201,0.82,ALERT
248.833,0.1202,0.1276,2.76,ALERT
248.867,0.2881,0.1748,-3.88,ALERT
248.9,0.324,0.2075,-2.77,ALERT
248.933,0.3009,0.2197,2.97,ALERT
248.967,0.2984,0.1109,-1.72,ALERT
249.0,0.3225,0.2149,3.65,ALERT
249.033,0.3061,0.1125,-0.08,ALERT
249.067,0.303,0.1603,1.82,ALERT
249.1,0.292,0.1833,-0.89,ALERT
249.133,0.2833,0.2018,0.1,ALERT
249.167,0.2909,0.1355,-0.48,ALERT
249.2,0.3025,0.1061,-3.75,ALERT
249.233,0.2994,0.1259,3.45,ALERT
249.267,0.3018,0.1736,-3.68,ALERT
249.3,0.2856,0.0952,-3.28,ALERT
249.333,0.3277,0.0904,3.48,ALERT
249.367,0.3048,0.1217,-2.95,ALERT
249.4,0.3362,0.1454,-0.43,ALERT
249.433,0.3005,0.2165,1.29,ALERT
249.467,0.2835,0.1555,1.71,ALERT
249.5,0.3165,0.1102,-1.86,ALERT
249.533,0.2805,0.1268,0.46,ALERT
249.567,0.3169,0.1389,3.04,ALERT
249.6,0.3266,0.1346,2.8,ALERT
249.633,0.3092,0.0828,-0.36,ALERT
249.667,0.1531,0.1378,1.56,ALERT
249.7,0.3276,0.0985,2.14,ALERT
249.733,0.3352,0.1489,0.65,ALERT
249.767,0.3329,0.0816,3.43,ALERT
249.8,0.2855,0.1898,-0.59,ALERT
249.833,0.3064,0.1375,3.29,ALERT
249.867,0.2905,0.1925,-3.25,ALERT
249.9,0.3156,0.2162,-0.69,ALERT
249.933,0.1343,0.0846,2.75,ALERT
249.967,0.3161,0.1544,-3.39,ALERT
250.0,0.2999,0.1824,-0.1,ALERT
250.033,0.3289,0.1908,-3.51,ALERT
250.067,0.1561,0.1996,-0.99,ALERT
250.1,0.2853,0.1971,-0.95,ALERT
250.133,0.2836,0.1208,-3.59,ALERT
250.167,0.3074,0.107,-2.57,ALERT
250.2,0.3002,0.2034,1.49,ALERT
250.233,0.2918,0.1925,2.17,ALERT
250.267,0.3124,0.1352,3.56,ALERT
250.3,0.3047,0.1105,3.21,ALERT
250.333,0.2835,0.1965,1.45,ALERT
250.367,0.2845,0.0962,1.48,ALERT
250.4,0.3112,0.0918,-1.36,ALERT
250.433,0.318,0.0857,-2.33,ALERT
250.467,0.2902,0.1259,2.49,ALERT
250.5,0.2836,0.2161,-2.25,ALERT
250.533,0.3123,0.108,-1.56,ALERT
250.567,0.3329,0.0826,1.64,ALERT
250.6,0.1619,0.0929,2.99,ALERT
250.633,0.3106,0.1947,-3.22,ALERT
250.667,0.2925,0.1071,3.72,ALERT
250.7,0.3355,0.1552,0.05,ALERT
250.733,0.3314,0.1852,1.59,ALERT
250.767,0.3025,0.1174,0.89,ALERT
250.8,0.3378,0.2198,-1.22,ALERT
250.833,0.3137,0.1612,3.59,ALERT
250.867,0.2803,0.2021,3.88,ALERT
250.9,0.3361,0.105,1.22,ALERT
250.933,0.3129,0.2134,-3.75,ALERT
250.967,0.3265,0.1631,2.5,ALERT
251.0,0.2919,0.1326,-2.47,ALERT
251.033,0.3068,0.1353,2.33,ALERT
251.067,0.2894,0.1216,1.72,ALERT
251.1,0.2824,0.1048,-1.8,ALERT
251.133,0.2947,0.1099,1.77,ALERT
251.167,0.3017,0.1665,-0.69,ALERT
251.2,0.1356,0.2199,-2.54,ALERT
251.233,0.3306,0.0878,-0.89,ALERT
251.267,0.3198,0.1376,2.38,ALERT
251.3,0.2845,0.1638,2.1,ALERT
251.333,0.3057,0.2183,1.63,ALERT
251.367,0.3021,0.1107,-3.13,ALERT
251.4,0.3348,0.1925,-1.7,ALERT
251.433,0.2965,0.0834,-2.3,ALERT
251.467,0.2977,0.1942,0.91,ALERT
251.5,0.3362,0.1733,3.99,ALERT
251.533,0.3217,0.1141,0.61,ALERT
251.567,0.3351,0.168,2.18,ALERT
251.6,0.326,0.2064,-3.78,ALERT
251.633,0.3261,0.1617,3.2,ALERT
251.667,0.2905,0.16,3.09,ALERT
251.7,0.3218,0.1078,-0.32,ALERT
251.733,0.3348,0.189,-3.18,ALERT
251.767,0.3248,0.2167,-0.42,ALERT
251.8,0.3204,0.1546,1.13,ALERT
251.833,0.3373,0.0973,1.63,ALERT
251.867,0.284,0.2062,-1.14,ALERT
251.9,0.2867,0.1932,-0.82,ALERT
251.933,0.3395,0.2054,-0.11,ALERT
251.967,0.2835,0.1251,3.34,ALERT
252.0,0.3158,0.1584,-3.97,ALERT
252.033,0.3075,0.0936,0.18,ALERT
252.067,0.3142,0.1879,2.43,ALERT
252.1,0.3062,0.1301,-2.3,ALERT
252.133,0.2997,0.1132,-0.99,ALERT
252.167,0.3095,0.2143,1.05,ALERT
252.2,0.2866,0.164,2.62,ALERT
252.233,0.2924,0.1958,0.42,ALERT
252.267,0.287,0.2005,3.86,ALERT
252.3,0.2927,0.2077,-0.0,ALERT
252.333,0.3382,0.1012,3.01,ALERT
252.367,0.3282,0.2157,-3.74,ALERT
252.4,0.2851,0.0887,-0.78,ALERT
252.433,0.3304,0.1791,-3.54,ALERT
252.467,0.3199,0.0802,-2.7,ALERT
252.5,0.3041,0.0999,-3.23,ALERT
252.533,0.3055,0.1854,3.58,ALERT
252.567,0.3389,0.2014,-0.99,ALERT
252.6,0.3078,0.1378,1.13,ALERT
252.633,0.3342,0.211,-2.57,ALERT
252.667,0.3096,0.1573,3.46,ALERT
252.7,0.3175,0.1223,-2.46,ALERT
252.733,0.3021,0.1124,1.47,ALERT
252.767,0.2904,0.1093,-0.68,ALERT
252.8,0.2864,0.1875,-3.52,ALERT
252.833,0.2958,0.1338,3.6,ALERT
252.867,0.3223,0.202,2.17,ALERT
252.9,0.3379,0.1779,3.83,ALERT
252.933,0.3139,0.1449,-2.4,ALERT
252.967,0.3245,0.0833,0.38,ALERT
253.0,0.3343,0.1786,0.84,ALERT
253.033,0.3054,0.1145,3.94,ALERT
253.067,0.2845,0.1613,2.65,ALERT
253.1,0.3064,0.0932,2.41,ALERT
253.133,0.283,0.1559,1.91,ALERT
253.167,0.2874,0.1709,1.06,ALERT
253.2,0.3203,0.128,-0.31,ALERT
253.233,0.3054,0.1258,0.93,ALERT
253.267,0.2901,0.128,-1.08,ALERT
253.3,0.2913,0.1684,1.95,ALERT
253.333,0.3338,0.1031,1.64,ALERT
253.367,0.2835,0.1738,-1.45,ALERT
253.4,0.3171,0.1588,0.33,ALERT
253.433,0.3238,0.1109,-0.86,ALERT
253.467,0.2835,0.2108,-2.62,ALERT
253.5,0.3124,0.1767,-3.54,ALERT
253.533,0.2818,0.1945,2.5,ALERT
253.567,0.3111,0.111,3.68,ALERT
253.6,0.2954,0.1366,-3.71,ALERT
253.633,0.3119,0.1812,0.82,ALERT
253.667,0.3016,0.1507,-3.39,ALERT
253.7,0.319,0.2175,1.27,ALERT
253.733,0.3054,0.2199,-1.77,ALERT
253.767,0.2978,0.1107,3.04,ALERT
253.8,0.3203,0.1653,2.39,ALERT
253.833,0.2914,0.1806,-2.73,ALERT
253.867,0.2824,0.0848,3.17,ALERT
253.9,0.3041,0.0907,-2.17,ALERT
253.933,0.3138,0.216,-3.64,ALERT
253.967,0.3212,0.1248,3.99,ALERT
254.0,0.1299,0.1332,-3.54,ALERT
254.033,0.314,0.1184,-1.61,ALERT
254.067,0.3389,0.081,-2.91,ALERT
254.1,0.3063,0.127,0.94,ALERT
254.133,0.3118,0.0911,3.58,ALERT
254.167,0.2811,0.1086,1.91,ALERT
254.2,0.3128,0.173,-0.84,ALERT
254.233,0.2913,0.1514,-1.4,ALERT
254.267,0.3094,0.1154,1.9,ALERT
254.3,0.2805,0.2091,-1.88,ALERT
254.333,0.3115,0.2114,3.22,ALERT
254.367,0.3109,0.2125,1.07,ALERT
254.4,0.2913,0.2082,-1.52,ALERT
254.433,0.3144,0.0946,-0.45,ALERT
254.467,0.2827,0.1735,-3.29,ALERT
254.5,0.2813,0.1351,3.71,ALERT
254.533,0.3204,0.1976,-0.36,ALERT
254.567,0.2805,0.1035,-1.74,ALERT
254.6,0.3085,0.1469,-0.67,ALERT
254.633,0.3358,0.0985,3.33,ALERT
254.667,0.296,0.1894,-2.91,ALERT
254.7,0.302,0.1717,-1.0,ALERT
254.733,0.3139,0.1086,2.08,ALERT
254.767,0.3327,0.1834,-2.77,ALERT
254.8,0.3076,0.2007,1.2,ALERT
254.833,0.3133,0.1654,-1.06,ALERT
254.867,0.2904,0.1662,-0.48,ALERT
254.9,0.281,0.1308,-1.64,ALERT
254.933,0.2821,0.084,-3.04,ALERT
254.967,0.3331,0.1963,-1.02,ALERT
255.0,0.3084,0.1952,-1.74,ALERT
255.033,0.3113,0.086,-3.08,ALERT
255.067,0.3014,0.0834,0.26,ALERT
255.1,0.3219,0.107,-1.4,ALERT
255.133,0.323,0.117,-2.0,ALERT
255.167,0.3093,0.1879,-2.8,ALERT
255.2,0.3131,0.1903,-2.03,ALERT
255.233,0.3049,0.118,1.37,ALERT
255.267,0.2898,0.1275,3.42,ALERT
255.3,0.2979,0.1199,1.95,ALERT
255.333,0.3318,0.1202,0.85,ALERT
255.367,0.3221,0.1485,0.56,ALERT
255.4,0.2865,0.1806,-1.06,ALERT
255.433,0.3205,0.1727,0.88,ALERT
255.467,0.2804,0.082,2.83,ALERT
255.5,0.2982,0.1438,0.34,ALERT
255.533,0.3229,0.1035,0.71,ALERT
255.567,0.2847,0.1789,-0.43,ALERT
255.6,0.2993,0.12,-3.62,ALERT
255.633,0.3007,0.1594,-2.91,ALERT
255.667,0.3088,0.1974,0.44,ALERT
255.7,0.3049,0.1342,1.62,ALERT
255.733,0.3357,0.1853,-0.37,ALERT
255.767,0.2942,0.1713,-0.46,ALERT
255.8,0.3071,0.1024,3.07,ALERT
255.833,0.3135,0.1722,-3.27,ALERT
255.867,0.1267,0.147,-0.93,ALERT
255.9,0.3131,0.1153,-0.97,ALERT
255.933,0.3036,0.0892,0.87,ALERT
255.967,0.3347,0.1082,-1.23,ALERT
256.0,0.2912,0.1237,3.63,ALERT
256.033,0.3181,0.179,-1.96,ALERT
256.067,0.3116,0.0855,-0.19,ALERT
256.1,0.3099,0.093,-3.99,ALERT
256.133,0.3163,0.1703,-0.55,ALERT
256.167,0.3069,0.1087,1.53,ALERT
256.2,0.2964,0.0831,3.28,ALERT
256.233,0.3338,0.1729,-1.9,ALERT
256.267,0.3189,0.1021,-2.26,ALERT
256.3,0.3209,0.2123,-2.76,ALERT
256.333,0.3031,0.1266,3.8,ALERT
256.367,0.3128,0.169,3.69,ALERT
256.4,0.3193,0.213,-1.65,ALERT
256.433,0.3017,0.0855,1.23,ALERT
256.467,0.2901,0.1576,-2.63,ALERT
256.5,0.2913,0.0905,2.07,ALERT
256.533,0.3026,0.1373,-1.81,ALERT
256.567,0.281,0.1568,2.92,ALERT
256.6,0.3072,0.1538,0.26,ALERT
256.633,0.3236,0.1319,1.68,ALERT
256.667,0.2908,0.202,2.11,ALERT
256.7,0.3029,0.1109,2.78,ALERT
256.733,0.3057,0.1206,-2.8,ALERT
256.767,0.2994,0.1363,-1.74,ALERT
256.8,0.3127,0.1034,0.88,ALERT
256.833,0.3047,0.1719,2.26,ALERT
256.867,0.323,0.1927,-1.54,ALERT
256.9,0.302,0.0818,1.14,ALERT
256.933,0.3126,0.0985,0.96,ALERT
256.967,0.318,0.2106,0.85,ALERT
257.0,0.3038,0.1702,-1.72,ALERT
257.033,0.3005,0.1763,-1.58,ALERT
257.067,0.3361,0.1324,-3.68,ALERT
257.1,0.3039,0.1333,-0.4,ALERT
257.133,0.292,0.1976,-1.02,ALERT
257.167,0.3364,0.1754,2.02,ALERT
257.2,0.34,0.1124,1.69,ALERT
257.233,0.3037,0.1394,1.57,ALERT
257.267,0.2921,0.0833,-0.92,ALERT
257.3,0.3051,0.1859,-1.4,ALERT
257.333,0.3036,0.1213,-0.43,ALERT
257.367,0.2985,0.2177,2.92,ALERT
257.4,0.29,0.1151,-0.3,ALERT
257.433,0.3071,0.1157,-3.71,ALERT
257.467,0.2941,0.1014,3.5,ALERT
257.5,0.3019,0.0803,-0.39,ALERT
257.533,0.2926,0.1674,-1.3,ALERT
257.567,0.3353,0.0986,2.16,ALERT
257.6,0.2804,0.1918,-3.42,ALERT
257.633,0.3274,0.1035,-1.13,ALERT
257.667,0.3266,0.2023,-2.9,ALERT
257.7,0.325,0.1664,1.72,ALERT
257.733,0.2988,0.1491,0.44,ALERT
257.767,0.3042,0.1352,-3.16,ALERT
257.8,0.3146,0.1564,-2.73,ALERT
257.833,0.3359,0.1875,0.24,ALERT
257.867,0.317,0.114,-0.08,ALERT
257.9,0.293,0.2134,0.94,ALERT
257.933,0.3245,0.1946,2.49,ALERT
257.967,0.3092,0.091,0.61,ALERT
258.0,0.2914,0.1515,-2.79,ALERT
258.033,0.3388,0.1609,-2.05,ALERT
258.067,0.2982,0.178,-1.56,ALERT
258.1,0.296,0.1689,-3.68,ALERT
258.133,0.2954,0.2068,-1.66,ALERT
258.167,0.3189,0.0885,2.06,ALERT
258.2,0.1387,0.1954,-1.14,ALERT
258.233,0.3275,0.1322,3.44,ALERT
258.267,0.2817,0.2054,-1.04,ALERT
258.3,0.3301,0.108,-3.58,ALERT
258.333,0.3156,0.2131,2.06,ALERT
258.367,0.3123,0.0905,2.11,ALERT
258.4,0.3115,0.0971,-0.48,ALERT
258.433,0.3047,0.1747,-0.44,ALERT
258.467,0.3135,0.1058,3.21,ALERT
258.5,0.3085,0.1429,-3.67,ALERT
258.533,0.3302,0.1836,1.59,ALERT
258.567,0.3052,0.1021,-2.25,ALERT
258.6,0.2965,0.0987,-0.76,ALERT
258.633,0.2914,0.1806,1.77,ALERT
258.667,0.3093,0.0847,-0.68,ALERT
258.7,0.3134,0.2134,2.58,ALERT
258.733,0.3227,0.1311,-0.92,ALERT
258.767,0.3354,0.1418,-0.4,ALERT
258.8,0.3288,0.195,3.41,ALERT
258.833,0.3011,0.1001,1.13,ALERT
258.867,0.306,0.206,2.04,ALERT
258.9,0.3165,0.1613,-0.76,ALERT
258.933,0.3027,0.2107,-1.35,ALERT
258.967,0.3341,0.1449,-2.41,ALERT
259.0,0.3242,0.2157,0.65,ALERT
259.033,0.3026,0.1453,-1.57,ALERT
259.067,0.3266,0.1897,3.96,ALERT
259.1,0.3221,0.1904,-1.77,ALERT
259.133,0.2884,0.1326,-3.29,ALERT
259.167,0.3251,0.1021,0.72,ALERT
259.2,0.3293,0.1289,-0.35,ALERT
259.233,0.1663,0.1896,-3.05,ALERT
259.267,0.3345,0.1544,3.37,ALERT
259.3,0.3061,0.0826,0.42,ALERT
259.333,0.2949,0.1157,2.7,ALERT
259.367,0.2849,0.1326,-2.46,ALERT
259.4,0.3098,0.2132,3.11,ALERT
259.433,0.2975,0.1261,2.39,ALERT
259.467,0.281,0.0974,1.72,ALERT
259.5,0.2856,0.2064,-2.08,ALERT
259.533,0.2871,0.1333,2.68,ALERT
259.567,0.2894,0.1454,0.66,ALERT
259.6,0.3095,0.1045,2.74,ALERT
259.633,0.318,0.0944,3.05,ALERT
259.667,0.3272,0.1519,0.62,ALERT
259.7,0.321,0.1552,-2.86,ALERT
259.733,0.2817,0.1189,1.29,ALERT
259.767,0.3295,0.1964,-3.86,ALERT
259.8,0.3051,0.1783,1.92,ALERT
259.833,0.3086,0.2135,-0.51,ALERT
259.867,0.3173,0.1989,0.59,ALERT
259.9,0.2951,0.1868,-0.93,ALERT
259.933,0.3187,0.1945,-1.93,ALERT
259.967,0.3234,0.1391,-1.32,ALERT
260.0,0.3204,0.2156,1.68,ALERT
260.033,0.3046,0.2055,-1.7,ALERT
260.067,0.3108,0.1743,2.05,ALERT
260.1,0.2975,0.1165,-3.87,ALERT
260.133,0.2917,0.1513,3.86,ALERT
260.167,0.3392,0.1508,-2.1,ALERT
260.2,0.3198,0.1937,-2.29,ALERT
260.233,0.2834,0.1899,3.76,ALERT
260.267,0.2859,0.1678,-3.45,ALERT
260.3,0.3076,0.1411,-0.62,ALERT
260.333,0.3117,0.196,-0.86,ALERT
260.367,0.3038,0.1291,-2.56,ALERT
260.4,0.3348,0.1189,2.9,ALERT
260.433,0.3307,0.1271,-3.66,ALERT
260.467,0.3392,0.1615,-0.3,ALERT
260.5,0.3072,0.082,2.82,ALERT
260.533,0.3396,0.1798,2.07,ALERT
260.567,0.3036,0.0895,-0.08,ALERT
260.6,0.3224,0.1062,-1.54,ALERT
260.633,0.3396,0.1461,-0.49,ALERT
260.667,0.3023,0.1191,3.73,ALERT
260.7,0.3271,0.105,-2.14,ALERT
260.733,0.2951,0.1634,-2.55,ALERT
260.767,0.3063,0.1698,3.18,ALERT
260.8,0.3125,0.0864,3.0,ALERT
260.833,0.2875,0.1052,0.89,ALERT
260.867,0.3297,0.1511,2.21,ALERT
260.9,0.3164,0.1669,2.19,ALERT
260.933,0.2964,0.211,-1.23,ALERT
260.967,0.3356,0.2047,-1.07,ALERT
261.0,0.3264,0.1342,-0.16,ALERT
261.033,0.3032,0.1857,0.97,ALERT
261.067,0.3207,0.194,-1.74,ALERT
261.1,0.305,0.1421,3.81,ALERT
261.133,0.3351,0.2086,2.79,ALERT
261.167,0.2995,0.09,3.76,ALERT
261.2,0.33,0.0959,0.25,ALERT
261.233,0.3135,0.1026,-0.95,ALERT
261.267,0.2839,0.185,-0.92,ALERT
261.3,0.3311,0.2006,-2.38,ALERT
261.333,0.3373,0.2176,1.89,ALERT
261.367,0.3266,0.2151,0.9,ALERT
261.4,0.3176,0.1979,-3.39,ALERT
261.433,0.2864,0.1438,-0.52,ALERT
261.467,0.3351,0.1896,-1.52,ALERT
261.5,0.323,0.1811,1.18,ALERT
261.533,0.3018,0.1317,-2.75,ALERT
261.567,0.2947,0.1761,-1.96,ALERT
261.6,0.2938,0.0846,-1.0,ALERT
261.633,0.3314,0.1563,-3.02,ALERT
261.667,0.3268,0.1309,0.33,ALERT
261.7,0.3287,0.1136,0.5,ALERT
261.733,0.327,0.1141,0.34,ALERT
261.767,0.3278,0.1331,1.75,ALERT
261.8,0.3346,0.0958,-0.26,ALERT
261.833,0.2989,0.1318,-0.26,ALERT
261.867,0.3322,0.2003,-2.79,ALERT
261.9,0.2807,0.2033,-3.42,ALERT
261.933,0.289,0.0873,2.73,ALERT
261.967,0.3192,0.1155,-1.56,ALERT
262.0,0.3396,0.1886,2.27,ALERT
262.033,0.3098,0.1098,-3.74,ALERT
262.067,0.3155,0.1795,2.96,ALERT
262.1,0.315,0.1567,-2.32,ALERT
262.133,0.3056,0.1193,2.18,ALERT
262.167,0.324,0.1049,0.56,ALERT
262.2,0.3189,0.1649,-0.52,ALERT
262.233,0.2929,0.0863,-3.59,ALERT
262.267,0.2856,0.1975,0.56,ALERT
262.3,0.1548,0.13,2.88,ALERT
262.333,0.338,0.1068,0.16,ALERT
262.367,0.3279,0.1591,2.16,ALERT
262.4,0.3148,0.1366,-2.95,ALERT
262.433,0.3263,0.1693,-2.84,ALERT
262.467,0.3392,0.1692,0.23,ALERT
262.5,0.3071,0.1576,3.16,ALERT
262.533,0.3335,0.18,0.43,ALERT
262.567,0.3146,0.1095,1.01,ALERT
262.6,0.3132,0.1951,1.42,ALERT
262.633,0.3022,0.1636,-1.28,ALERT
262.667,0.3171,0.1154,-3.51,ALERT
262.7,0.3051,0.1789,-0.53,ALERT
262.733,0.2871,0.1445,-3.68,ALERT
262.767,0.2855,0.2158,1.21,ALERT
262.8,0.3142,0.1539,1.26,ALERT
262.833,0.2896,0.1382,-2.03,ALERT
262.867,0.2809,0.1447,1.28,ALERT
262.9,0.3098,0.2173,-1.95,ALERT
262.933,0.2932,0.1939,-3.62,ALERT
262.967,0.3133,0.1591,-2.62,ALERT
263.0,0.3384,0.1137,-0.27,ALERT
263.033,0.301,0.0953,2.36,ALERT
263.067,0.2881,0.1467,-3.71,ALERT
263.1,0.2858,0.134,1.17,ALERT
263.133,0.3246,0.1793,-1.49,ALERT
263.167,0.3076,0.1225,1.48,ALERT
263.2,0.2987,0.0931,3.58,ALERT
263.233,0.331,0.1996,1.17,ALERT
263.267,0.2971,0.1945,1.03,ALERT
263.3,0.2857,0.1141,0.27,ALERT
263.333,0.3094,0.1071,3.16,ALERT
263.367,0.3358,0.1932,-1.35,ALERT
263.4,0.2939,0.0945,-1.71,ALERT
263.433,0.2947,0.0969,1.47,ALERT
263.467,0.3295,0.1862,-1.12,ALERT
263.5,0.3321,0.1715,-2.28,ALERT
263.533,0.2989,0.1562,-1.41,ALERT
263.567,0.3361,0.0912,-2.2,ALERT
263.6,0.3066,0.1453,-2.52,ALERT
263.633,0.3255,0.1701,3.93,ALERT
263.667,0.3084,0.185,0.29,ALERT
263.7,0.2914,0.1818,3.79,ALERT
263.733,0.3213,0.1578,0.35,ALERT
263.767,0.338,0.2194,-2.63,ALERT
263.8,0.2803,0.1561,-0.86,ALERT
263.833,0.3247,0.1341,-3.26,ALERT
263.867,0.3122,0.1352,-1.39,ALERT
263.9,0.2918,0.1148,3.62,ALERT
263.933,0.2972,0.1929,1.19,ALERT
263.967,0.2967,0.1173,-0.7,ALERT
264.0,0.3201,0.1222,-1.0,ALERT
264.033,0.3375,0.1126,3.48,ALERT
264.067,0.339,0.1355,3.18,ALERT
264.1,0.3021,0.1223,-2.9,ALERT
264.133,0.3341,0.1594,3.34,ALERT
264.167,0.3375,0.2031,-3.05,ALERT
264.2,0.1443,0.1379,-2.27,ALERT
264.233,0.293,0.1255,-2.2,ALERT
264.267,0.32,0.1096,-2.87,ALERT
264.3,0.3236,0.2087,2.33,ALERT
264.333,0.3118,0.1483,2.99,ALERT
264.367,0.3264,0.167,-3.26,ALERT
264.4,0.3026,0.1468,1.66,ALERT
264.433,0.3384,0.1315,0.43,ALERT
264.467,0.3117,0.1892,0.59,ALERT
264.5,0.3093,0.144,-3.1,ALERT
264.533,0.3345,0.1383,1.58,ALERT
264.567,0.2818,0.1383,0.04,ALERT
264.6,0.3027,0.1811,2.28,ALERT
264.633,0.3253,0.1368,0.57,ALERT
264.667,0.2813,0.1314,0.46,ALERT
264.7,0.3285,0.1837,-2.42,ALERT
264.733,0.3325,0.213,-0.45,ALERT
264.767,0.3208,0.126,-3.88,ALERT
264.8,0.2964,0.145,-0.88,ALERT
264.833,0.2845,0.1457,2.72,ALERT
264.867,0.2942,0.1991,0.36,ALERT
264.9,0.2888,0.2191,-3.03,ALERT
264.933,0.3382,0.1358,0.02,ALERT
264.967,0.327,0.1005,1.89,ALERT
265.0,0.1787,0.1802,-3.32,ALERT
265.033,0.2903,0.094,2.72,ALERT
265.067,0.3117,0.2035,-3.82,ALERT
265.1,0.2805,0.1972,2.2,ALERT
265.133,0.3012,0.2153,-0.35,ALERT
265.167,0.2843,0.17,2.23,ALERT
265.2,0.3195,0.2109,-2.21,ALERT
265.233,0.2846,0.2192,-3.57,ALERT
265.267,0.3126,0.1158,3.24,ALERT
265.3,0.2808,0.1191,1.25,ALERT
265.333,0.2948,0.1019,0.15,ALERT
265.367,0.3152,0.0965,-3.15,ALERT
265.4,0.2864,0.0881,-3.88,ALERT
265.433,0.333,0.2158,-1.42,ALERT
265.467,0.2959,0.0977,0.9,ALERT
265.5,0.3092,0.1743,-3.66,ALERT
265.533,0.3205,0.1108,1.58,ALERT
265.567,0.3001,0.0903,-2.78,ALERT
265.6,0.3056,0.1621,-2.56,ALERT
265.633,0.2918,0.1118,3.6,ALERT
265.667,0.3341,0.1936,3.78,ALERT
265.7,0.308,0.1643,-2.48,ALERT
265.733,0.3314,0.1674,0.04,ALERT
265.767,0.3388,0.1436,-0.55,ALERT
265.8,0.3285,0.0881,-3.75,ALERT
265.833,0.3099,0.1891,-1.98,ALERT
265.867,0.3034,0.1471,-0.66,ALERT
265.9,0.331,0.1746,-2.55,ALERT
265.933,0.3117,0.145,-2.7,ALERT
265.967,0.1726,0.1473,1.12,ALERT
266.0,0.3008,0.1441,-1.11,ALERT
266.033,0.3067,0.1237,-2.25,ALERT
266.067,0.3053,0.112,-2.8,ALERT
266.1,0.3108,0.1224,1.19,ALERT
266.133,0.3284,0.1533,2.06,ALERT
266.167,0.3208,0.1108,0.2,ALERT
266.2,0.3031,0.1988,-1.28,ALERT
266.233,0.291,0.1022,0.64,ALERT
266.267,0.3086,0.1735,2.08,ALERT
266.3,0.2953,0.138,0.38,ALERT
266.333,0.3099,0.1554,0.08,ALERT
266.367,0.3204,0.1042,0.34,ALERT
266.4,0.3272,0.1022,2.13,ALERT
266.433,0.3044,0.0851,3.8,ALERT
266.467,0.3303,0.1252,0.47,ALERT
266.5,0.2988,0.1216,0.63,ALERT
266.533,0.3397,0.0839,-1.88,ALERT
266.567,0.3033,0.2014,-0.82,ALERT
266.6,0.3297,0.1993,-3.47,ALERT
266.633,0.3363,0.1413,-0.04,ALERT
266.667,0.2938,0.0946,1.17,ALERT
266.7,0.3006,0.1589,-3.52,ALERT
266.733,0.2947,0.1872,1.91,ALERT
266.767,0.3144,0.1159,2.05,ALERT
266.8,0.3314,0.2056,-2.4,ALERT
266.833,0.3053,0.1308,2.65,ALERT
266.867,0.2865,0.1095,-3.11,ALERT
266.9,0.2996,0.1939,2.04,ALERT
266.933,0.3216,0.0881,-2.5,ALERT
266.967,0.3311,0.1325,-2.66,ALERT
267.0,0.2982,0.0984,1.68,ALERT
267.033,0.2952,0.1262,-3.76,ALERT
267.067,0.2926,0.215,-0.59,ALERT
267.1,0.2965,0.1624,0.58,ALERT
267.133,0.3201,0.2161,-3.68,ALERT
267.167,0.3179,0.1746,-0.22,ALERT
267.2,0.307,0.1735,-3.94,ALERT
267.233,0.3263,0.2124,-3.74,ALERT
267.267,0.2923,0.1469,-1.82,ALERT
267.3,0.3312,0.1777,1.25,ALERT
267.333,0.3362,0.1307,2.64,ALERT
267.367,0.2935,0.1038,1.81,ALERT
267.4,0.3004,0.1044,2.64,ALERT
267.433,0.2807,0.1877,1.62,ALERT
267.467,0.2875,0.1652,2.93,ALERT
267.5,0.2838,0.0927,2.44,ALERT
267.533,0.2981,0.1031,2.33,ALERT
267.567,0.3224,0.1124,3.15,ALERT
267.6,0.2802,0.1288,3.76,ALERT
267.633,0.3258,0.1365,0.01,ALERT
267.667,0.2947,0.1311,2.9,ALERT
267.7,0.3348,0.1145,-0.14,ALERT
267.733,0.3254,0.1103,0.82,ALERT
267.767,0.2914,0.206,2.39,ALERT
267.8,0.3038,0.2148,-3.54,ALERT
267.833,0.3035,0.1373,-0.2,ALERT
267.867,0.3225,0.1204,0.64,ALERT
267.9,0.2991,0.1535,2.67,ALERT
267.933,0.3088,0.1022,3.58,ALERT
267.967,0.3253,0.1524,2.98,ALERT
268.0,0.329,0.2199,-3.85,ALERT
268.033,0.3303,0.1605,3.11,ALERT
268.067,0.3208,0.2109,0.39,ALERT
268.1,0.1441,0.125,0.17,ALERT
268.133,0.2828,0.1114,0.63,ALERT
268.167,0.3036,0.0826,1.78,ALERT
268.2,0.3104,0.1756,-0.86,ALERT
268.233,0.3126,0.1172,1.16,ALERT
268.267,0.3339,0.1956,0.56,ALERT
268.3,0.2967,0.2186,-1.91,ALERT
268.333,0.3261,0.1626,0.45,ALERT
268.367,0.3,0.2099,0.99,ALERT
268.4,0.3236,0.1126,-0.09,ALERT
268.433,0.326,0.1535,2.38,ALERT
268.467,0.317,0.0838,-3.44,ALERT
268.5,0.2893,0.1554,1.36,ALERT
268.533,0.3294,0.183,0.09,ALERT
268.567,0.2923,0.1784,-0.54,ALERT
268.6,0.3145,0.1488,3.53,ALERT
268.633,0.3386,0.1915,0.45,ALERT
268.667,0.2854,0.1898,2.05,ALERT
268.7,0.3277,0.1046,-3.49,ALERT
268.733,0.2922,0.1836,4.0,ALERT
268.767,0.2858,0.1363,0.15,ALERT
268.8,0.3091,0.1897,0.32,ALERT
268.833,0.3287,0.1505,-0.32,ALERT
268.867,0.2834,0.1239,1.57,ALERT
268.9,0.3138,0.1123,-1.01,ALERT
268.933,0.2873,0.1167,-0.18,ALERT
268.967,0.3033,0.1973,-0.66,ALERT
269.0,0.3293,0.111,1.06,ALERT
269.033,0.3338,0.1681,-3.73,ALERT
269.067,0.3343,0.1987,-1.21,ALERT
269.1,0.3337,0.1003,3.64,ALERT
269.133,0.2972,0.1758,-0.02,ALERT
269.167,0.3044,0.1658,1.89,ALERT
269.2,0.3283,0.1304,1.63,ALERT
269.233,0.3355,0.1002,1.37,ALERT
269.267,0.2835,0.1148,3.4,ALERT
269.3,0.3274,0.1112,3.97,ALERT
269.333,0.2818,0.1703,2.95,ALERT
269.367,0.3391,0.0848,-2.21,ALERT
269.4,0.33,0.1477,3.0,ALERT
269.433,0.2979,0.128,1.28,ALERT
269.467,0.321,0.1928,1.47,ALERT
269.5,0.2806,0.1162,-1.09,ALERT
269.533,0.3162,0.2066,-3.4,ALERT
269.567,0.331,0.1433,-0.72,ALERT
269.6,0.3377,0.1688,-3.43,ALERT
269.633,0.3331,0.2103,1.69,ALERT
269.667,0.3202,0.1551,-3.54,ALERT
269.7,0.3241,0.1981,-0.93,ALERT
269.733,0.3326,0.1448,-3.73,ALERT
269.767,0.3376,0.0863,-0.14,ALERT
269.8,0.2903,0.1929,-2.0,ALERT
269.833,0.2902,0.1538,3.25,ALERT
269.867,0.3175,0.2093,0.57,ALERT
269.9,0.2887,0.134,-3.39,ALERT
269.933,0.2939,0.1264,2.63,ALERT
269.967,0.2814,0.155,-2.43,ALERT
270.0,0.293,0.1825,2.17,ALERT
270.033,0.314,0.1857,-1.52,ALERT
270.067,0.3036,0.1152,-1.67,ALERT
270.1,0.1525,0.3124,-11.65,DROWSY
270.133,0.1287,0.3894,-15.56,DROWSY
270.167,0.111,0.2681,-10.3,DROWSY
270.2,0.1589,0.2748,-11.65,DROWSY
270.233,0.1264,0.2252,-15.54,DROWSY
270.267,0.1143,0.1615,-12.29,DROWSY
270.3,0.167,0.1827,-17.44,DROWSY
270.333,0.1301,0.1631,-11.3,DROWSY
270.367,0.1173,0.2442,-17.29,DROWSY
270.4,0.1084,0.3735,-11.62,DROWSY
270.433,0.1113,0.3119,-10.52,DROWSY
270.467,0.13,0.201,-12.41,DROWSY
270.5,0.1685,0.25,-17.94,DROWSY
270.533,0.1697,0.3673,-12.01,DROWSY
270.567,0.1361,0.2912,-17.15,DROWSY
270.6,0.1418,0.3292,-10.81,DROWSY
270.633,0.1111,0.38,-17.42,DROWSY
270.667,0.1016,0.1716,-14.81,DROWSY
270.7,0.1046,0.3199,-17.93,DROWSY
270.733,0.1353,0.2206,-15.81,DROWSY
270.767,0.1197,0.1539,-17.94,DROWSY
270.8,0.1417,0.2838,-15.01,DROWSY
270.833,0.1675,0.1662,-11.96,DROWSY
270.867,0.1165,0.3742,-17.82,DROWSY
270.9,0.1174,0.2226,-15.67,DROWSY
270.933,0.1289,0.3078,-12.3,DROWSY
270.967,0.1507,0.2806,-11.86,DROWSY
271.0,0.1544,0.2898,-10.81,DROWSY
271.033,0.1355,0.2087,-15.03,DROWSY
271.067,0.166,0.1608,-15.86,DROWSY
271.1,0.1045,0.2984,-17.71,DROWSY
271.133,0.125,0.2016,-12.12,DROWSY
271.167,0.113,0.2738,-12.89,DROWSY
271.2,0.1259,0.2562,-16.7,DROWSY
271.233,0.1227,0.2082,-13.02,DROWSY
271.267,0.1504,0.157,-14.5,DROWSY
271.3,0.1503,0.2043,-12.15,DROWSY
271.333,0.1265,0.2595,-11.26,DROWSY
271.367,0.1697,0.3261,-13.64,DROWSY
271.4,0.1437,0.3066,-11.73,DROWSY
271.433,0.1103,0.3959,-13.42,DROWSY
271.467,0.1339,0.249,-14.43,DROWSY
271.5,0.1085,0.3511,-13.65,DROWSY
271.533,0.1161,0.1599,-16.22,DROWSY
271.567,0.1237,0.1716,-13.25,DROWSY
271.6,0.1485,0.3566,-17.79,DROWSY
271.633,0.1095,0.1661,-13.78,DROWSY
271.667,0.1688,0.305,-10.71,DROWSY
271.7,0.1467,0.2536,-16.87,DROWSY
271.733,0.1585,0.3096,-14.77,DROWSY
271.767,0.1338,0.1628,-14.97,DROWSY
271.8,0.139,0.2291,-15.71,DROWSY
271.833,0.1271,0.1726,-10.09,DROWSY
271.867,0.1188,0.2946,-12.89,DROWSY
271.9,0.1358,0.1623,-17.93,DROWSY
271.933,0.1661,0.1541,-16.96,DROWSY
271.967,0.1183,0.2617,-16.29,DROWSY
272.0,0.1561,0.1755,-14.94,DROWSY
272.033,0.1032,0.3454,-16.53,DROWSY
272.067,0.1573,0.2321,-15.5,DROWSY
272.1,0.1205,0.3731,-13.22,DROWSY
272.133,0.1026,0.3596,-15.5,DROWSY
272.167,0.1203,0.3139,-12.88,DROWSY
272.2,0.1165,0.2789,-17.54,DROWSY
272.233,0.1575,0.3524,-17.17,DROWSY
272.267,0.154,0.3469,-15.48,DROWSY
272.3,0.1651,0.2727,-14.17,DROWSY
272.333,0.1248,0.1933,-12.99,DROWSY
272.367,0.143,0.2639,-12.72,DROWSY
272.4,0.1002,0.3751,-16.7,DROWSY
272.433,0.1625,0.2238,-13.73,DROWSY
272.467,0.1257,0.2107,-16.08,DROWSY
272.5,0.1531,0.3533,-14.89,DROWSY
272.533,0.1677,0.2131,-15.08,DROWSY
272.567,0.1225,0.3485,-12.7,DROWSY
272.6,0.1269,0.2357,-10.27,DROWSY
272.633,0.1649,0.2445,-17.12,DROWSY
272.667,0.1477,0.1607,-12.52,DROWSY
272.7,0.1224,0.2814,-11.67,DROWSY
272.733,0.1292,0.3315,-11.13,DROWSY
272.767,0.109,0.1664,-11.44,DROWSY
272.8,0.1129,0.3753,-14.39,DROWSY
272.833,0.1401,0.3723,-12.37,DROWSY
272.867,0.1093,0.3044,-13.3,DROWSY
272.9,0.1315,0.1584,-10.85,DROWSY
272.933,0.1188,0.1751,-14.36,DROWSY
272.967,0.1481,0.3191,-16.92,DROWSY
273.0,0.1179,0.2979,-15.62,DROWSY
273.033,0.1279,0.3893,-11.62,DROWSY
273.067,0.1396,0.3218,-13.47,DROWSY
273.1,0.1468,0.3246,-12.34,DROWSY
273.133,0.13,0.2738,-14.01,DROWSY
273.167,0.1139,0.2245,-15.93,DROWSY
273.2,0.1354,0.2216,-14.52,DROWSY
273.233,0.1297,0.1693,-14.14,DROWSY
273.267,0.1415,0.1968,-15.22,DROWSY
273.3,0.1037,0.178,-17.5,DROWSY
273.333,0.1103,0.3772,-12.04,DROWSY
273.367,0.1504,0.2778,-13.07,DROWSY
273.4,0.1331,0.1553,-15.89,DROWSY
273.433,0.1109,0.2599,-13.02,DROWSY
273.467,0.1278,0.3386,-15.82,DROWSY
273.5,0.1287,0.1757,-11.37,DROWSY
273.533,0.1058,0.221,-16.1,DROWSY
273.567,0.1563,0.3039,-12.79,DROWSY
273.6,0.1186,0.3167,-10.84,DROWSY
273.633,0.1539,0.2809,-13.48,DROWSY
273.667,0.1077,0.3023,-17.35,DROWSY
273.7,0.1648,0.3473,-16.67,DROWSY
273.733,0.1614,0.2435,-12.23,DROWSY
273.767,0.1014,0.3813,-14.31,DROWSY
273.8,0.1543,0.3931,-13.35,DROWSY
273.833,0.1374,0.2398,-15.02,DROWSY
273.867,0.164,0.1669,-14.96,DROWSY
273.9,0.1638,0.3314,-13.97,DROWSY
273.933,0.1692,0.3297,-12.12,DROWSY
273.967,0.1228,0.3136,-16.54,DROWSY
274.0,0.1625,0.3598,-16.1,DROWSY
274.033,0.1172,0.2021,-11.24,DROWSY
274.067,0.1564,0.3083,-10.99,DROWSY
274.1,0.1522,0.3169,-10.15,DROWSY
274.133,0.1155,0.3175,-13.15,DROWSY
274.167,0.1145,0.3898,-14.68,DROWSY
274.2,0.1567,0.3012,-15.03,DROWSY
274.233,0.1348,0.2678,-12.03,DROWSY
274.267,0.1596,0.2766,-12.47,DROWSY
274.3,0.1373,0.172,-12.49,DROWSY
274.333,0.1413,0.2115,-14.21,DROWSY
274.367,0.1305,0.2303,-17.33,DROWSY
274.4,0.1495,0.193,-16.36,DROWSY
274.433,0.1225,0.3714,-14.42,DROWSY
274.467,0.1095,0.3663,-15.38,DROWSY
274.5,0.149,0.3406,-15.01,DROWSY
274.533,0.1692,0.1977,-17.28,DROWSY
274.567,0.1268,0.2337,-10.8,DROWSY
274.6,0.1631,0.2485,-16.89,DROWSY
274.633,0.1536,0.181,-14.9,DROWSY
274.667,0.1324,0.3163,-17.86,DROWSY
274.7,0.1163,0.2963,-12.63,DROWSY
274.733,0.1546,0.2386,-12.41,DROWSY
274.767,0.1425,0.1919,-10.31,DROWSY
274.8,0.1675,0.1664,-11.09,DROWSY
274.833,0.1046,0.1996,-17.06,DROWSY
274.867,0.1483,0.3167,-12.62,DROWSY
274.9,0.1579,0.2577,-15.62,DROWSY
274.933,0.1456,0.1871,-17.19,DROWSY
274.967,0.146,0.1734,-10.29,DROWSY
275.0,0.1162,0.2984,-14.34,DROWSY
275.033,0.1374,0.3339,-16.66,DROWSY
275.067,0.1151,0.3959,-17.84,DROWSY
275.1,0.1336,0.1587,-17.63,DROWSY
275.133,0.1346,0.2991,-17.05,DROWSY
275.167,0.1663,0.3423,-16.78,DROWSY
275.2,0.1373,0.3526,-17.71,DROWSY
275.233,0.1126,0.3287,-11.51,DROWSY
275.267,0.1522,0.3328,-10.21,DROWSY
275.3,0.1148,0.1949,-13.12,DROWSY
275.333,0.1686,0.1753,-17.7,DROWSY
275.367,0.1486,0.3045,-12.48,DROWSY
275.4,0.1549,0.2643,-13.92,DROWSY
275.433,0.1565,0.3906,-17.9,DROWSY
275.467,0.1697,0.2037,-11.93,DROWSY
275.5,0.1185,0.365,-11.24,DROWSY
275.533,0.1271,0.2257,-14.06,DROWSY
275.567,0.1216,0.3717,-15.98,DROWSY
275.6,0.159,0.3429,-13.1,DROWSY
275.633,0.1507,0.3306,-15.53,DROWSY
275.667,0.1023,0.1609,-12.81,DROWSY
275.7,0.1047,0.2475,-13.09,DROWSY
275.733,0.1271,0.1696,-14.58,DROWSY
275.767,0.119,0.2923,-15.95,DROWSY
275.8,0.1503,0.2357,-17.48,DROWSY
275.833,0.1173,0.1617,-12.15,DROWSY
275.867,0.1587,0.2318,-17.62,DROWSY
275.9,0.1204,0.2781,-14.96,DROWSY
275.933,0.1327,0.3167,-15.74,DROWSY
275.967,0.1577,0.2111,-13.17,DROWSY
276.0,0.131,0.1504,-13.44,DROWSY
276.033,0.1206,0.3458,-17.71,DROWSY
276.067,0.1198,0.1895,-14.56,DROWSY
276.1,0.1284,0.3701,-14.21,DROWSY
276.133,0.1113,0.291,-11.52,DROWSY
276.167,0.1558,0.3576,-16.38,DROWSY
276.2,0.2058,0.8355,-6.6,WARNING
276.233,0.2066,0.2507,-5.96,WARNING
276.267,0.2015,0.2104,-5.51,WARNING
276.3,0.2222,0.6108,-1.54,WARNING
276.333,0.2461,0.7106,-5.98,WARNING
276.367,0.2367,0.7345,-1.53,WARNING
276.4,0.1902,0.2651,-1.77,WARNING
276.433,0.2163,0.7314,-4.89,WARNING
276.467,0.2435,0.7917,-4.43,WARNING
276.5,0.2575,0.7267,-4.75,WARNING
276.533,0.2462,0.7604,-0.13,WARNING
276.567,0.1948,0.2852,-4.13,WARNING
276.6,0.2031,0.1722,-7.2,WARNING
276.633,0.2154,0.2326,-7.94,WARNING
276.667,0.2257,0.2684,-6.16,WARNING
276.7,0.1909,0.1594,-3.17,WARNING
276.733,0.2585,0.62,-0.21,WARNING
276.767,0.2033,0.7946,-5.64,WARNING
276.8,0.2377,0.8243,-2.53,WARNING
276.833,0.2004,0.2014,-5.68,WARNING
276.867,0.2028,0.1835,-4.24,WARNING
276.9,0.2178,0.2215,-3.16,WARNING
276.933,0.2133,0.1832,-3.83,WARNING
276.967,0.2246,0.2043,-6.64,WARNING
277.0,0.216,0.2329,-2.33,WARNING
277.033,0.2288,0.1584,-4.48,WARNING
277.067,0.23,0.2004,-2.82,WARNING
277.1,0.2118,0.2989,-6.7,WARNING
277.133,0.2247,0.6492,-3.22,WARNING
277.167,0.2578,0.7216,-4.85,WARNING
277.2,0.2084,0.2131,-1.52,WARNING
277.233,0.2566,0.6299,-5.88,WARNING
277.267,0.2045,0.7344,-4.3,WARNING
277.3,0.2505,0.8158,-0.29,WARNING
277.333,0.2041,0.8185,-0.77,WARNING
277.367,0.2445,0.8005,-2.46,WARNING
277.4,0.2106,0.2079,-0.76,WARNING
277.433,0.2204,0.6298,-5.42,WARNING
277.467,0.2149,0.7921,-7.9,WARNING
277.5,0.2192,0.6585,-4.54,WARNING
277.533,0.2055,0.2037,-7.63,WARNING
277.567,0.2449,0.7795,-5.16,WARNING
277.6,0.1913,0.1644,-4.82,WARNING
277.633,0.2133,0.1704,-1.99,WARNING
277.667,0.2421,0.6655,-4.07,WARNING
277.7,0.2425,0.6667,-3.93,WARNING
277.733,0.2408,0.6396,-4.89,WARNING
277.767,0.2244,0.7092,-3.37,WARNING
277.8,0.212,0.7419,-0.07,WARNING
277.833,0.2208,0.6344,-2.98,WARNING
277.867,0.2409,0.8148,-2.14,WARNING
277.9,0.2025,0.2628,-6.02,WARNING
277.933,0.2519,0.8077,-2.98,WARNING
277.967,0.2496,0.6918,-0.19,WARNING
278.0,0.2162,0.2177,-1.34,WARNING
278.033,0.2203,0.6711,-3.65,WARNING
278.067,0.2404,0.7108,-0.62,WARNING
278.1,0.203,0.7745,-1.57,WARNING
278.133,0.2414,0.6221,-1.34,WARNING
278.167,0.2337,0.6225,-5.81,WARNING
278.2,0.2457,0.6637,-5.1,WARNING
278.233,0.2107,0.6586,-1.24,WARNING
278.267,0.2368,0.7425,-6.24,WARNING
278.3,0.2017,0.2165,-3.32,WARNING
278.333,0.2198,0.7516,-7.88,WARNING
278.367,0.2,0.7276,-3.51,WARNING
278.4,0.2093,0.7341,-1.74,WARNING
278.433,0.2156,0.6205,-1.25,WARNING
278.467,0.2056,0.2054,-4.16,WARNING
278.5,0.2157,0.8303,-0.04,WARNING
278.533,0.2229,0.7046,-2.16,WARNING
278.567,0.213,0.2317,-1.09,WARNING
278.6,0.2114,0.2569,-0.47,WARNING
278.633,0.2032,0.2056,-7.71,WARNING
278.667,0.2028,0.7191,-6.64,WARNING
278.7,0.2093,0.2911,-7.8,WARNING
278.733,0.2229,0.2211,-4.4,WARNING
278.767,0.2576,0.7599,-6.61,WARNING
278.8,0.2425,0.6152,-4.44,WARNING
278.833,0.1908,0.1992,-5.42,WARNING
278.867,0.2206,0.6963,-2.48,WARNING
278.9,0.2295,0.2291,-1.3,WARNING
278.933,0.2012,0.266,-7.89,WARNING
278.967,0.2225,0.2954,-1.51,WARNING
279.0,0.1926,0.2055,-2.05,WARNING
279.033,0.2132,0.673,-0.73,WARNING
279.067,0.2577,0.8225,-5.86,WARNING
279.1,0.2405,0.7771,-4.01,WARNING
279.133,0.2104,0.2947,-1.73,WARNING
279.167,0.2151,0.6645,-7.14,WARNING
279.2,0.2307,0.8058,-5.0,WARNING
279.233,0.2484,0.6962,-4.47,WARNING
279.267,0.2423,0.7285,-2.23,WARNING
279.3,0.2184,0.7301,-4.9,WARNING
279.333,0.2117,0.2229,-3.09,WARNING
279.367,0.2233,0.7421,-5.5,WARNING
279.4,0.25,0.8138,-4.07,WARNING
279.433,0.2195,0.2402,-2.47,WARNING
279.467,0.2233,0.2044,-7.11,WARNING
279.5,0.2244,0.2832,-6.38,WARNING
279.533,0.213,0.7939,-7.34,WARNING
279.567,0.2289,0.2542,-7.42,WARNING
279.6,0.2305,0.6959,-7.17,WARNING
279.633,0.2511,0.774,-4.98,WARNING
279.667,0.1988,0.2583,-6.28,WARNING
279.7,0.2475,0.6179,-6.9,WARNING
279.733,0.223,0.1672,-2.06,WARNING
279.767,0.2387,0.796,-2.5,WARNING
279.8,0.192,0.2745,-3.54,WARNING
279.833,0.2518,0.6456,-6.52,WARNING
279.867,0.2356,0.7221,-6.12,WARNING
279.9,0.2276,0.7309,-2.13,WARNING
279.933,0.2217,0.7563,-1.0,WARNING
279.967,0.2552,0.6706,-0.52,WARNING
280.0,0.2161,0.2422,-3.59,WARNING
280.033,0.1924,0.1515,-0.79,WARNING
280.067,0.2046,0.7317,-5.29,WARNING
280.1,0.2082,0.6398,-2.67,WARNING
280.133,0.2081,0.1754,-3.95,WARNING
280.167,0.2196,0.2398,-5.8,WARNING
280.2,0.2454,0.6417,-3.45,WARNING
280.233,0.2295,0.6185,-5.02,WARNING
280.267,0.2867,0.0986,-2.67,ALERT
280.3,0.3036,0.1724,1.71,ALERT
280.333,0.3261,0.1829,3.72,ALERT
280.367,0.3,0.0974,-3.12,ALERT
280.4,0.2851,0.1593,-1.92,ALERT
280.433,0.3327,0.2044,1.59,ALERT
280.467,0.2976,0.1613,0.23,ALERT
280.5,0.3093,0.2028,3.15,ALERT
280.533,0.2948,0.1483,-3.77,ALERT
280.567,0.282,0.2199,2.1,ALERT
280.6,0.3281,0.0929,-4.0,ALERT
280.633,0.3052,0.0842,0.89,ALERT
280.667,0.2989,0.1428,1.37,ALERT
280.7,0.3257,0.1694,3.0,ALERT
280.733,0.3174,0.1297,2.67,ALERT
280.767,0.3246,0.0968,-2.83,ALERT
280.8,0.3392,0.1521,3.53,ALERT
280.833,0.1672,0.1902,-3.22,ALERT
280.867,0.3216,0.171,1.44,ALERT
280.9,0.3187,0.1174,-2.71,ALERT
280.933,0.3195,0.161,2.56,ALERT
280.967,0.1531,0.1665,0.68,ALERT
281.0,0.3263,0.1032,-3.9,ALERT
281.033,0.3021,0.098,-3.6,ALERT
281.067,0.3256,0.1385,3.08,ALERT
281.1,0.1735,0.1092,-3.29,ALERT
281.133,0.2856,0.2017,0.99,ALERT
281.167,0.3358,0.1531,2.31,ALERT
281.2,0.3073,0.2119,-1.94,ALERT
281.233,0.3049,0.144,-1.34,ALERT
281.267,0.2801,0.1945,1.55,ALERT
281.3,0.3205,0.1342,1.23,ALERT
281.333,0.3133,0.089,-1.57,ALERT
281.367,0.2918,0.1394,3.82,ALERT
281.4,0.3036,0.0979,-2.95,ALERT
281.433,0.2951,0.103,-3.11,ALERT
281.467,0.3314,0.1707,-3.12,ALERT
281.5,0.3327,0.1797,-1.78,ALERT
281.533,0.3376,0.1005,2.76,ALERT
281.567,0.1784,0.1338,1.25,ALERT
281.6,0.3312,0.1412,-1.62,ALERT
281.633,0.1291,0.1159,-1.58,ALERT
281.667,0.3256,0.1854,-0.46,ALERT
281.7,0.3387,0.0864,1.99,ALERT
281.733,0.3185,0.0884,2.69,ALERT
281.767,0.3089,0.1236,-1.8,ALERT
281.8,0.1348,0.1381,1.62,ALERT
281.833,0.2902,0.1366,1.7,ALERT
281.867,0.3209,0.1436,-3.63,ALERT
281.9,0.3314,0.1349,1.9,ALERT
281.933,0.3325,0.1044,-2.53,ALERT
281.967,0.1516,0.2032,-1.7,ALERT
282.0,0.2844,0.1832,1.13,ALERT
282.033,0.3048,0.1952,-2.97,ALERT
282.067,0.3276,0.2133,-0.35,ALERT
282.1,0.3382,0.1742,-1.07,ALERT
282.133,0.2957,0.1416,-0.33,ALERT
282.167,0.2892,0.1065,1.07,ALERT
282.2,0.2893,0.1433,-0.18,ALERT
282.233,0.3356,0.0866,-1.62,ALERT
282.267,0.295,0.0842,2.3,ALERT
282.3,0.2847,0.1379,-0.29,ALERT
282.333,0.3044,0.1779,-2.56,ALERT
282.367,0.3309,0.1226,-3.62,ALERT
282.4,0.2872,0.1659,1.26,ALERT
282.433,0.2905,0.1138,-2.57,ALERT
282.467,0.3231,0.1303,-3.19,ALERT
282.5,0.2939,0.115,2.14,ALERT
282.533,0.3241,0.092,-2.15,ALERT
282.567,0.2969,0.2021,1.26,ALERT
282.6,0.3278,0.0838,1.26,ALERT
282.633,0.3246,0.1899,1.53,ALERT
282.667,0.3085,0.2078,-2.03,ALERT
282.7,0.289,0.1022,-0.47,ALERT
282.733,0.3128,0.1101,-3.52,ALERT
282.767,0.2939,0.1651,2.11,ALERT
282.8,0.3146,0.1438,-1.91,ALERT
282.833,0.3247,0.1336,-1.94,ALERT
282.867,0.2812,0.1799,-1.64,ALERT
282.9,0.2845,0.0915,-0.65,ALERT
282.933,0.3,0.1469,-2.81,ALERT
282.967,0.3173,0.1702,0.47,ALERT
283.0,0.3208,0.0941,1.66,ALERT
283.033,0.3321,0.1774,-0.3,ALERT
283.067,0.3183,0.1589,-2.28,ALERT
283.1,0.2838,0.1871,-2.82,ALERT
283.133,0.2863,0.2108,-3.13,ALERT
283.167,0.3111,0.167,3.96,ALERT
283.2,0.2964,0.2059,-1.87,ALERT
283.233,0.2969,0.1505,-3.1,ALERT
283.267,0.2902,0.2092,2.93,ALERT
283.3,0.2921,0.1026,3.08,ALERT
283.333,0.3038,0.1559,3.22,ALERT
283.367,0.3213,0.1178,3.58,ALERT
283.4,0.3383,0.1175,-3.23,ALERT
283.433,0.3224,0.1389,-0.92,ALERT
283.467,0.2826,0.187,-0.32,ALERT
283.5,0.2939,0.1965,-2.67,ALERT
283.533,0.3221,0.16,3.62,ALERT
283.567,0.2841,0.1406,3.58,ALERT
283.6,0.2907,0.1667,-2.64,ALERT
283.633,0.2942,0.2084,1.64,ALERT
283.667,0.2888,0.2078,1.07,ALERT
283.7,0.3338,0.1681,1.88,ALERT
283.733,0.3327,0.1893,-2.39,ALERT
283.767,0.3363,0.1324,0.54,ALERT
283.8,0.2938,0.2012,-3.46,ALERT
283.833,0.3297,0.087,-0.54,ALERT
283.867,0.2843,0.0883,-0.26,ALERT
283.9,0.2809,0.1572,2.11,ALERT
283.933,0.2937,0.1865,-1.57,ALERT
283.967,0.3259,0.2193,3.83,ALERT
284.0,0.1532,0.1239,3.15,ALERT
284.033,0.3122,0.1393,-2.82,ALERT
284.067,0.1626,0.1265,2.11,ALERT
284.1,0.3126,0.1643,0.98,ALERT
284.133,0.2971,0.1604,-1.95,ALERT
284.167,0.3015,0.132,1.82,ALERT
284.2,0.3102,0.1436,0.59,ALERT
284.233,0.3091,0.1622,-3.86,ALERT
284.267,0.3259,0.1254,3.75,ALERT
284.3,0.31,0.1799,-1.5,ALERT
284.333,0.3144,0.106,2.87,ALERT
284.367,0.3191,0.1854,2.26,ALERT
284.4,0.2999,0.1422,-1.68,ALERT
284.433,0.2906,0.2029,-3.5,ALERT
284.467,0.3033,0.1939,3.71,ALERT
284.5,0.2975,0.1941,0.78,ALERT
284.533,0.3184,0.1057,0.88,ALERT
284.567,0.2983,0.1563,3.02,ALERT
284.6,0.2925,0.1723,1.73,ALERT
284.633,0.2937,0.2026,0.14,ALERT
284.667,0.2977,0.1341,-3.91,ALERT
284.7,0.3334,0.153,-0.16,ALERT
284.733,0.2857,0.1458,-3.43,ALERT
284.767,0.3142,0.1824,-1.51,ALERT
284.8,0.3024,0.0839,-0.41,ALERT
284.833,0.2917,0.1928,0.31,ALERT
284.867,0.3091,0.1424,-1.53,ALERT
284.9,0.3079,0.1096,3.41,ALERT
284.933,0.2827,0.114,2.39,ALERT
284.967,0.3143,0.1158,-3.85,ALERT
285.0,0.3052,0.1411,2.62,ALERT
285.033,0.3181,0.1224,-1.35,ALERT
285.067,0.3017,0.1972,3.39,ALERT
285.1,0.3331,0.1485,-0.84,ALERT
285.133,0.3088,0.1142,-1.07,ALERT
285.167,0.3327,0.1139,-2.02,ALERT
285.2,0.2999,0.0971,1.73,ALERT
285.233,0.3288,0.0858,-0.48,ALERT
285.267,0.2863,0.1771,-1.13,ALERT
285.3,0.2823,0.218,-0.82,ALERT
285.333,0.3306,0.1076,1.38,ALERT
285.367,0.3064,0.1063,-1.22,ALERT
285.4,0.3018,0.1282,3.61,ALERT
285.433,0.291,0.1434,0.32,ALERT
285.467,0.3211,0.1103,0.71,ALERT
285.5,0.3279,0.203,2.49,ALERT
285.533,0.327,0.1812,0.29,ALERT
285.567,0.3228,0.1913,2.71,ALERT
285.6,0.3072,0.156,-3.96,ALERT
285.633,0.2818,0.086,1.09,ALERT
285.667,0.3119,0.1366,-1.89,ALERT
285.7,0.3368,0.1661,-0.05,ALERT
285.733,0.3268,0.1084,1.87,ALERT
285.767,0.3277,0.177,3.67,ALERT
285.8,0.3137,0.1844,2.92,ALERT
285.833,0.2972,0.1399,0.41,ALERT
285.867,0.2829,0.1089,-0.07,ALERT
285.9,0.305,0.2118,-4.0,ALERT
285.933,0.2928,0.14,-2.42,ALERT
285.967,0.3009,0.0832,-3.32,ALERT
286.0,0.3392,0.1269,-3.14,ALERT
286.033,0.3256,0.1306,-0.99,ALERT
286.067,0.3234,0.1705,-1.68,ALERT
286.1,0.2871,0.127,0.65,ALERT
286.133,0.3065,0.1786,-1.66,ALERT
286.167,0.312,0.1844,-0.63,ALERT
286.2,0.3195,0.1046,-1.57,ALERT
286.233,0.2866,0.1774,-2.85,ALERT
286.267,0.3188,0.1905,-3.94,ALERT
286.3,0.32,0.1928,0.51,ALERT
286.333,0.2882,0.1648,-1.44,ALERT
286.367,0.2886,0.1914,-3.34,ALERT
286.4,0.3009,0.1537,0.36,ALERT
286.433,0.3192,0.1369,-3.8,ALERT
286.467,0.2838,0.2049,0.82,ALERT
286.5,0.3333,0.1028,2.25,ALERT
286.533,0.3145,0.1748,-0.52,ALERT
286.567,0.2937,0.1703,-1.31,ALERT
286.6,0.3036,0.131,-1.31,ALERT
286.633,0.3069,0.2104,1.62,ALERT
286.667,0.3106,0.1266,-3.71,ALERT
286.7,0.3074,0.1325,-2.61,ALERT
286.733,0.2832,0.2199,-1.71,ALERT
286.767,0.3081,0.1327,-0.75,ALERT
286.8,0.2824,0.1082,-1.4,ALERT
286.833,0.2932,0.1106,0.19,ALERT
286.867,0.2813,0.1101,1.89,ALERT
286.9,0.3053,0.1852,1.69,ALERT
286.933,0.3104,0.1552,-3.6,ALERT
286.967,0.2996,0.2088,-3.03,ALERT
287.0,0.2967,0.0863,-1.49,ALERT
287.033,0.3116,0.1153,0.07,ALERT
287.067,0.3204,0.1421,2.18,ALERT
287.1,0.3221,0.1341,3.6,ALERT
287.133,0.3073,0.174,-2.44,ALERT
287.167,0.3075,0.1219,-3.73,ALERT
287.2,0.2836,0.0821,1.14,ALERT
287.233,0.3036,0.1323,1.97,ALERT
287.267,0.2903,0.1587,0.42,ALERT
287.3,0.3117,0.1094,2.9,ALERT
287.333,0.3267,0.177,-1.69,ALERT
287.367,0.3143,0.1745,2.34,ALERT
287.4,0.2848,0.1293,2.81,ALERT
287.433,0.3069,0.2164,-0.99,ALERT
287.467,0.3056,0.1684,1.47,ALERT
287.5,0.3133,0.1073,0.53,ALERT
287.533,0.3234,0.1233,2.56,ALERT
287.567,0.2823,0.1043,2.5,ALERT
287.6,0.2918,0.1704,-1.34,ALERT
287.633,0.3332,0.1749,0.08,ALERT
287.667,0.3235,0.0991,3.01,ALERT
287.7,0.3393,0.1338,1.98,ALERT
287.733,0.3313,0.1106,0.57,ALERT
287.767,0.3237,0.1807,-0.1,ALERT
287.8,0.2932,0.182,2.1,ALERT
287.833,0.327,0.1661,0.91,ALERT
287.867,0.1303,0.1296,0.69,ALERT
287.9,0.3244,0.1945,-1.26,ALERT
287.933,0.3101,0.118,1.51,ALERT
287.967,0.2836,0.0818,-1.23,ALERT
288.0,0.3385,0.1067,0.45,ALERT
288.033,0.3053,0.2,-0.52,ALERT
288.067,0.3321,0.1574,1.62,ALERT
288.1,0.2977,0.139,-0.43,ALERT
288.133,0.2911,0.1761,-2.49,ALERT
288.167,0.3223,0.2184,-0.36,ALERT
288.2,0.2947,0.2032,-1.01,ALERT
288.233,0.3022,0.1324,-0.99,ALERT
288.267,0.3144,0.1314,-3.54,ALERT
288.3,0.2868,0.1545,3.07,ALERT
288.333,0.3366,0.1552,3.63,ALERT
288.367,0.3374,0.2149,1.05,ALERT
288.4,0.2837,0.1582,-3.97,ALERT
288.433,0.3309,0.0878,-3.39,ALERT
288.467,0.2854,0.1178,-2.52,ALERT
288.5,0.3007,0.1171,1.69,ALERT
288.533,0.328,0.1247,-1.96,ALERT
288.567,0.3184,0.1855,3.0,ALERT
288.6,0.3054,0.0911,0.93,ALERT
288.633,0.3134,0.1832,-2.89,ALERT
288.667,0.3032,0.1049,-1.34,ALERT
288.7,0.3332,0.0835,-1.52,ALERT
288.733,0.2959,0.1127,-0.07,ALERT
288.767,0.3175,0.213,1.13,ALERT
288.8,0.3397,0.1106,0.22,ALERT
288.833,0.309,0.1132,-2.91,ALERT
288.867,0.3307,0.1166,2.95,ALERT
288.9,0.2853,0.1886,-1.33,ALERT
288.933,0.3179,0.1054,-2.08,ALERT
288.967,0.3147,0.1763,-3.85,ALERT
289.0,0.3332,0.0928,1.02,ALERT
289.033,0.3141,0.1709,-1.01,ALERT
289.067,0.2832,0.2091,1.15,ALERT
289.1,0.3182,0.1636,3.15,ALERT
289.133,0.3279,0.1966,-2.24,ALERT
289.167,0.3374,0.1804,-1.22,ALERT
289.2,0.3235,0.1016,3.11,ALERT
289.233,0.333,0.0858,2.6,ALERT
289.267,0.3198,0.211,1.28,ALERT
289.3,0.2866,0.2139,2.86,ALERT
289.333,0.286,0.0982,0.16,ALERT
289.367,0.3367,0.1943,0.83,ALERT
289.4,0.326,0.0838,-1.55,ALERT
289.433,0.3307,0.1683,-3.19,ALERT
289.467,0.3363,0.2192,-2.82,ALERT
289.5,0.321,0.131,-1.27,ALERT
289.533,0.2858,0.2187,-2.72,ALERT
289.567,0.3113,0.0813,0.45,ALERT
289.6,0.3068,0.2074,-0.03,ALERT
289.633,0.3271,0.203,3.33,ALERT
289.667,0.2878,0.1667,3.28,ALERT
289.7,0.3211,0.0819,-3.86,ALERT
289.733,0.3124,0.2089,2.77,ALERT
289.767,0.3169,0.2144,1.18,ALERT
289.8,0.3353,0.1579,2.85,ALERT
289.833,0.3224,0.1559,-2.89,ALERT
289.867,0.3046,0.1798,2.84,ALERT
289.9,0.3263,0.1013,2.52,ALERT
289.933,0.3194,0.191,-3.05,ALERT
289.967,0.301,0.1811,2.19,ALERT
290.0,0.3143,0.1553,-1.06,ALERT
290.033,0.3396,0.151,-0.43,ALERT
290.067,0.3137,0.131,0.16,ALERT
290.1,0.3197,0.2028,2.24,ALERT
290.133,0.291,0.1334,2.47,ALERT
290.167,0.3089,0.1937,-2.07,ALERT
290.2,0.2931,0.1891,-1.45,ALERT
290.233,0.2931,0.2165,-1.57,ALERT
290.267,0.3043,0.1833,-2.16,ALERT
290.3,0.3261,0.0935,-2.37,ALERT
290.333,0.3331,0.0856,3.27,ALERT
290.367,0.295,0.2007,-1.51,ALERT
290.4,0.3369,0.1854,-1.9,ALERT
290.433,0.3344,0.1782,-3.84,ALERT
290.467,0.2808,0.1452,-3.35,ALERT
290.5,0.3166,0.1787,-2.96,ALERT
290.533,0.333,0.1262,-1.2,ALERT
290.567,0.3251,0.1733,1.37,ALERT
290.6,0.3144,0.1329,-2.47,ALERT
290.633,0.296,0.1613,-0.35,ALERT
290.667,0.3023,0.0922,2.77,ALERT
290.7,0.2906,0.1604,-3.33,ALERT
290.733,0.308,0.1597,-3.85,ALERT
290.767,0.2826,0.2043,-1.16,ALERT
290.8,0.3012,0.2171,1.85,ALERT
290.833,0.3258,0.1294,-0.27,ALERT
290.867,0.331,0.1916,0.31,ALERT
290.9,0.153,0.1146,-1.25,ALERT
290.933,0.3114,0.0852,3.85,ALERT
290.967,0.3022,0.0849,1.12,ALERT
291.0,0.3299,0.1785,2.82,ALERT
291.033,0.3084,0.1592,-0.36,ALERT
291.067,0.2927,0.2116,0.83,ALERT
291.1,0.306,0.1854,-1.82,ALERT
291.133,0.3251,0.1545,1.68,ALERT
291.167,0.3158,0.17,-0.28,ALERT
291.2,0.2815,0.1384,-1.3,ALERT
291.233,0.3112,0.2063,2.84,ALERT
291.267,0.2988,0.2061,-1.39,ALERT
291.3,0.3058,0.1234,2.86,ALERT
291.333,0.3359,0.1758,-2.07,ALERT
291.367,0.3041,0.17,-1.01,ALERT
291.4,0.2971,0.1822,3.98,ALERT
291.433,0.3381,0.1664,-3.69,ALERT
291.467,0.2835,0.1213,-1.63,ALERT
291.5,0.307,0.1259,0.57,ALERT
291.533,0.3024,0.2169,-2.72,ALERT
291.567,0.2831,0.0881,2.95,ALERT
291.6,0.2971,0.1978,-3.13,ALERT
291.633,0.3138,0.1896,-2.13,ALERT
291.667,0.3289,0.12,3.35,ALERT
291.7,0.3146,0.1098,-3.98,ALERT
291.733,0.311,0.199,3.29,ALERT
291.767,0.3122,0.104,1.61,ALERT
291.8,0.3133,0.1015,-3.08,ALERT
291.833,0.3076,0.2066,1.72,ALERT
291.867,0.2975,0.1578,-2.76,ALERT
291.9,0.3282,0.1614,-3.77,ALERT
291.933,0.3127,0.104,3.98,ALERT
291.967,0.2808,0.0919,-0.07,ALERT
292.0,0.3246,0.0829,-0.7,ALERT
292.033,0.3114,0.1913,1.07,ALERT
292.067,0.326,0.0974,1.69,ALERT
292.1,0.2866,0.1179,2.98,ALERT
292.133,0.3348,0.1372,2.94,ALERT
292.167,0.335,0.15,3.65,ALERT
292.2,0.2808,0.1074,3.07,ALERT
292.233,0.3123,0.0919,-3.14,ALERT
292.267,0.3055,0.1641,-0.53,ALERT
292.3,0.2897,0.2033,-0.76,ALERT
292.333,0.2923,0.2115,-0.55,ALERT
292.367,0.3316,0.143,-0.0,ALERT
292.4,0.2883,0.103,-0.46,ALERT
292.433,0.2832,0.2089,1.63,ALERT
292.467,0.3161,0.1105,-0.16,ALERT
292.5,0.2873,0.0896,3.89,ALERT
292.533,0.2959,0.1782,-3.88,ALERT
292.567,0.2994,0.1332,1.27,ALERT
292.6,0.33,0.0843,-3.41,ALERT
292.633,0.1256,0.1096,0.97,ALERT
292.667,0.2869,0.1731,1.31,ALERT
292.7,0.3018,0.0949,-3.41,ALERT
292.733,0.3276,0.2095,-3.09,ALERT
292.767,0.295,0.0944,3.19,ALERT
292.8,0.3034,0.2064,3.84,ALERT
292.833,0.3343,0.2122,-2.34,ALERT
292.867,0.3384,0.1915,-0.75,ALERT
292.9,0.301,0.2095,1.88,ALERT
292.933,0.2991,0.1815,-3.6,ALERT
292.967,0.286,0.111,-1.44,ALERT
293.0,0.3018,0.1814,-1.68,ALERT
293.033,0.2892,0.1779,3.89,ALERT
293.067,0.308,0.2048,1.26,ALERT
293.1,0.3244,0.1939,0.83,ALERT
293.133,0.2802,0.2045,2.02,ALERT
293.167,0.3398,0.1711,0.6,ALERT
293.2,0.3333,0.2144,-2.64,ALERT
293.233,0.3041,0.1992,1.08,ALERT
293.267,0.2887,0.0846,0.22,ALERT
293.3,0.3086,0.0931,3.77,ALERT
293.333,0.3184,0.0918,2.92,ALERT
293.367,0.1402,0.1655,3.86,ALERT
293.4,0.3324,0.1506,-1.31,ALERT
293.433,0.3289,0.1508,1.79,ALERT
293.467,0.3012,0.105,-2.22,ALERT
293.5,0.3328,0.1279,1.85,ALERT
293.533,0.3399,0.1023,-0.29,ALERT
293.567,0.3379,0.1273,1.7,ALERT
293.6,0.3022,0.1566,2.8,ALERT
293.633,0.2894,0.123,1.58,ALERT
293.667,0.3002,0.1367,1.44,ALERT
293.7,0.2877,0.0829,0.73,ALERT
293.733,0.2915,0.152,-3.93,ALERT
293.767,0.282,0.1891,-3.4,ALERT
293.8,0.3264,0.1867,-2.96,ALERT
293.833,0.3033,0.1333,3.95,ALERT
293.867,0.3293,0.1895,1.63,ALERT
293.9,0.2968,0.1237,2.21,ALERT
293.933,0.2824,0.1565,-0.48,ALERT
293.967,0.2845,0.1726,3.0,ALERT
294.0,0.2844,0.1204,-0.5,ALERT
294.033,0.3158,0.0934,2.75,ALERT
294.067,0.2919,0.218,2.5,ALERT
294.1,0.3245,0.1316,-3.19,ALERT
294.133,0.287,0.1195,2.01,ALERT
294.167,0.287,0.1577,-0.92,ALERT
294.2,0.3335,0.0912,-1.99,ALERT
294.233,0.283,0.0973,-3.35,ALERT
294.267,0.3292,0.1641,-2.17,ALERT
294.3,0.3051,0.1168,0.3,ALERT
294.333,0.3365,0.1741,-1.48,ALERT
294.367,0.332,0.1414,-2.08,ALERT
294.4,0.3081,0.169,-1.91,ALERT
294.433,0.3142,0.1924,2.78,ALERT
294.467,0.3207,0.2023,3.59,ALERT
294.5,0.332,0.1933,-3.12,ALERT
294.533,0.3329,0.1769,0.35,ALERT
294.567,0.3291,0.0906,2.84,ALERT
294.6,0.2942,0.1216,1.76,ALERT
294.633,0.3076,0.186,3.6,ALERT
294.667,0.1446,0.1253,-3.01,ALERT
294.7,0.3123,0.1921,-0.01,ALERT
294.733,0.3363,0.1041,-0.69,ALERT
294.767,0.3302,0.1906,0.17,ALERT
294.8,0.3017,0.1235,0.44,ALERT
294.833,0.3321,0.1813,2.37,ALERT
294.867,0.3107,0.1839,-1.42,ALERT
294.9,0.3136,0.1325,3.97,ALERT
294.933,0.3326,0.081,-0.23,ALERT
294.967,0.2826,0.1127,0.31,ALERT
295.0,0.3339,0.2065,-1.53,ALERT
295.033,0.3352,0.1858,-1.95,ALERT
295.067,0.3118,0.189,-1.73,ALERT
295.1,0.3061,0.1253,-1.88,ALERT
295.133,0.2814,0.1088,2.86,ALERT
295.167,0.1232,0.1071,-3.39,ALERT
295.2,0.3207,0.172,-2.8,ALERT
295.233,0.2855,0.107,-0.1,ALERT
295.267,0.2864,0.094,-2.03,ALERT
295.3,0.3091,0.1788,2.08,ALERT
295.333,0.3137,0.2191,-1.18,ALERT
295.367,0.3345,0.1363,3.11,ALERT
295.4,0.312,0.1622,-0.17,ALERT
295.433,0.3029,0.1795,3.19,ALERT
295.467,0.3279,0.1707,-2.99,ALERT
295.5,0.3217,0.1211,1.38,ALERT
295.533,0.3055,0.132,3.14,ALERT
295.567,0.3138,0.1954,-2.86,ALERT
295.6,0.3014,0.15,-2.11,ALERT
295.633,0.3074,0.1604,-2.04,ALERT
295.667,0.322,0.1941,-3.48,ALERT
295.7,0.318,0.1351,3.62,ALERT
295.733,0.2918,0.1513,1.43,ALERT
295.767,0.2935,0.1713,2.22,ALERT
295.8,0.2984,0.1479,-3.98,ALERT
295.833,0.3006,0.0833,-1.08,ALERT
295.867,0.2855,0.1812,3.26,ALERT
295.9,0.2985,0.108,1.11,ALERT
295.933,0.3322,0.1109,0.6,ALERT
295.967,0.2989,0.1377,0.54,ALERT
296.0,0.2885,0.1472,0.88,ALERT
296.033,0.285,0.2197,1.21,ALERT
296.067,0.3163,0.1711,0.75,ALERT
296.1,0.3119,0.2154,-3.38,ALERT
296.133,0.3215,0.1807,-0.99,ALERT
296.167,0.3279,0.183,-0.46,ALERT
296.2,0.319,0.0808,-0.55,ALERT
296.233,0.3188,0.2084,-0.17,ALERT
296.267,0.3333,0.1399,-1.38,ALERT
296.3,0.3266,0.0973,-0.71,ALERT
296.333,0.2873,0.2024,-1.62,ALERT
296.367,0.3308,0.1412,-1.07,ALERT
296.4,0.3258,0.1381,3.77,ALERT
296.433,0.2861,0.0938,1.84,ALERT
296.467,0.3188,0.1374,-3.55,ALERT
296.5,0.3249,0.0997,-2.83,ALERT
296.533,0.3079,0.1524,3.22,ALERT
296.567,0.3093,0.1502,0.29,ALERT
296.6,0.3217,0.2115,-1.19,ALERT
296.633,0.3204,0.1755,-2.97,ALERT
296.667,0.3076,0.1733,0.88,ALERT
296.7,0.3139,0.1306,1.81,ALERT
296.733,0.1749,0.1001,-0.14,ALERT
296.767,0.3294,0.2161,-3.08,ALERT
296.8,0.3348,0.1196,2.88,ALERT
296.833,0.2833,0.1232,-3.38,ALERT
296.867,0.3235,0.1271,3.88,ALERT
296.9,0.3398,0.1214,1.9,ALERT
296.933,0.2892,0.1779,0.65,ALERT
296.967,0.3148,0.1428,1.13,ALERT
297.0,0.3188,0.165,1.52,ALERT
297.033,0.2993,0.0814,-1.79,ALERT
297.067,0.3381,0.1702,2.76,ALERT
297.1,0.3397,0.2186,-1.34,ALERT
297.133,0.289,0.1699,-2.72,ALERT
297.167,0.3066,0.0812,3.01,ALERT
297.2,0.3207,0.0933,1.45,ALERT
297.233,0.2966,0.1258,1.41,ALERT
297.267,0.2843,0.0977,3.07,ALERT
297.3,0.2957,0.108,1.32,ALERT
297.333,0.2855,0.1636,-3.73,ALERT
297.367,0.3249,0.0929,-3.01,ALERT
297.4,0.2897,0.1875,2.45,ALERT
297.433,0.3073,0.1323,-3.91,ALERT
297.467,0.3038,0.2138,1.63,ALERT
297.5,0.2835,0.1623,-1.43,ALERT
297.533,0.3349,0.1257,2.11,ALERT
297.567,0.3288,0.0911,-3.5,ALERT
297.6,0.3384,0.1363,0.8,ALERT
297.633,0.2812,0.1794,-2.12,ALERT
297.667,0.2958,0.1652,1.54,ALERT
297.7,0.3084,0.2167,1.3,ALERT
297.733,0.2986,0.2008,-3.71,ALERT
297.767,0.2845,0.1515,2.79,ALERT
297.8,0.3057,0.154,-3.43,ALERT
297.833,0.2801,0.1822,2.97,ALERT
297.867,0.2957,0.136,-2.71,ALERT
297.9,0.2922,0.105,0.77,ALERT
297.933,0.3069,0.1916,-1.59,ALERT
297.967,0.2915,0.0866,0.63,ALERT
298.0,0.3382,0.093,-1.57,ALERT
298.033,0.294,0.1624,-3.49,ALERT
298.067,0.3362,0.081,2.57,ALERT
298.1,0.2907,0.1502,3.78,ALERT
298.133,0.2966,0.115,-1.48,ALERT
298.167,0.2803,0.2047,3.31,ALERT
298.2,0.2902,0.1613,-2.58,ALERT
298.233,0.3382,0.1132,-0.88,ALERT
298.267,0.3149,0.1633,3.63,ALERT
298.3,0.2935,0.0875,-3.04,ALERT
298.333,0.2992,0.086,-0.59,ALERT
298.367,0.2886,0.2027,-1.9,ALERT
298.4,0.3215,0.1949,-3.37,ALERT
298.433,0.3364,0.1342,-1.06,ALERT
298.467,0.1369,0.2159,1.96,ALERT
298.5,0.308,0.2026,-0.8,ALERT
298.533,0.2993,0.1602,-0.4,ALERT
298.567,0.3366,0.0929,0.46,ALERT
298.6,0.3384,0.2175,2.9,ALERT
298.633,0.3014,0.1851,3.28,ALERT
298.667,0.3075,0.1936,-2.26,ALERT
298.7,0.3346,0.1637,-1.28,ALERT
298.733,0.3225,0.1727,-3.91,ALERT
298.767,0.2874,0.2139,-2.81,ALERT
298.8,0.2913,0.1385,0.52,ALERT
298.833,0.3074,0.1659,2.65,ALERT
298.867,0.2965,0.1686,3.87,ALERT
298.9,0.2807,0.1183,-0.21,ALERT
298.933,0.324,0.2129,1.52,ALERT
298.967,0.3321,0.1101,3.62,ALERT
299.0,0.3131,0.2041,-2.48,ALERT
299.033,0.3,0.2136,3.4,ALERT
299.067,0.3256,0.1009,3.19,ALERT
299.1,0.3036,0.1212,2.44,ALERT
299.133,0.3147,0.1596,3.15,ALERT
299.167,0.2851,0.0848,-0.01,ALERT
299.2,0.2914,0.1403,-1.99,ALERT
299.233,0.3024,0.1891,3.56,ALERT
299.267,0.3192,0.0879,-1.85,ALERT
299.3,0.336,0.1901,-1.18,ALERT
299.333,0.3217,0.1273,0.96,ALERT
299.367,0.3067,0.1968,-3.12,ALERT
299.4,0.3029,0.1107,0.76,ALERT
299.433,0.3302,0.1276,1.22,ALERT
299.467,0.3136,0.1077,2.72,ALERT
299.5,0.3206,0.1978,-2.05,ALERT
299.533,0.3029,0.1549,-0.1,ALERT
299.567,0.2866,0.1963,0.73,ALERT
299.6,0.3092,0.1845,3.3,ALERT
299.633,0.3195,0.2123,0.22,ALERT
299.667,0.3124,0.1647,-0.77,ALERT
299.7,0.3213,0.1838,1.41,ALERT
299.733,0.2978,0.1154,3.62,ALERT
299.767,0.3233,0.1248,-1.67,ALERT
299.8,0.3351,0.0846,-1.51,ALERT
299.833,0.2816,0.2094,2.47,ALERT
299.867,0.2971,0.1268,2.85,ALERT
299.9,0.3137,0.2198,-0.19,ALERT
299.933,0.2805,0.102,-2.02,ALERT
299.967,0.3341,0.1578,2.56,ALERT
300.0,0.3006,0.197,1.58,ALERT
300.033,0.3307,0.0971,1.38,ALERT
300.067,0.3294,0.1286,-3.6,ALERT
300.1,0.1435,0.1596,1.35,ALERT
300.133,0.3314,0.1804,-3.92,ALERT
300.167,0.3188,0.2085,-0.41,ALERT
300.2,0.306,0.0864,3.69,ALERT
300.233,0.3133,0.0933,-0.67,ALERT
300.267,0.3149,0.1762,-3.79,ALERT
300.3,0.3259,0.0968,1.4,ALERT
300.333,0.2988,0.1331,2.36,ALERT
300.367,0.3187,0.1208,3.71,ALERT
300.4,0.1738,0.1557,-1.48,ALERT
300.433,0.2854,0.1614,-0.78,ALERT
300.467,0.3017,0.1824,2.68,ALERT
300.5,0.3042,0.0833,3.33,ALERT
300.533,0.31,0.1237,-0.48,ALERT
300.567,0.2881,0.141,1.65,ALERT
300.6,0.2806,0.212,-2.74,ALERT
300.633,0.332,0.1766,-3.76,ALERT
300.667,0.3068,0.1534,3.52,ALERT
300.7,0.317,0.1918,3.52,ALERT
300.733,0.3359,0.1521,-1.05,ALERT
300.767,0.1372,0.2181,2.54,ALERT
300.8,0.2937,0.0969,-0.29,ALERT
300.833,0.2907,0.0973,2.38,ALERT
300.867,0.3291,0.1184,-2.74,ALERT
300.9,0.3108,0.0885,0.41,ALERT
300.933,0.3305,0.1556,-1.82,ALERT
300.967,0.3066,0.1387,-0.2,ALERT
301.0,0.3134,0.2064,2.69,ALERT
301.033,0.2997,0.2016,2.53,ALERT
301.067,0.2932,0.1735,3.08,ALERT
301.1,0.3165,0.1242,0.28,ALERT
301.133,0.2986,0.1591,-0.45,ALERT
301.167,0.3065,0.211,-2.03,ALERT
301.2,0.2992,0.1403,2.04,ALERT
301.233,0.2941,0.0867,-2.89,ALERT
301.267,0.327,0.0964,-3.22,ALERT
301.3,0.339,0.1659,3.48,ALERT
301.333,0.296,0.1133,-0.94,ALERT
301.367,0.3228,0.081,1.55,ALERT
301.4,0.3117,0.1307,2.52,ALERT
301.433,0.2971,0.1296,-0.58,ALERT
301.467,0.2951,0.0918,-0.9,ALERT
301.5,0.2882,0.1125,1.02,ALERT
301.533,0.3071,0.1746,-3.88,ALERT
301.567,0.3238,0.1912,-3.22,ALERT
301.6,0.3177,0.0917,0.52,ALERT
301.633,0.3035,0.0904,-2.9,ALERT
301.667,0.3001,0.1469,1.06,ALERT
301.7,0.3317,0.1095,-3.51,ALERT
301.733,0.2894,0.1947,-1.18,ALERT
301.767,0.3269,0.2176,-1.6,ALERT
301.8,0.2873,0.124,2.59,ALERT
301.833,0.3334,0.205,-1.68,ALERT
301.867,0.301,0.1163,3.17,ALERT
301.9,0.3334,0.1372,-3.59,ALERT
301.933,0.2927,0.1745,-2.79,ALERT
301.967,0.2927,0.2178,-2.49,ALERT
302.0,0.2826,0.1405,1.16,ALERT
302.033,0.3042,0.1912,-2.79,ALERT
302.067,0.3109,0.0873,-0.68,ALERT
302.1,0.3325,0.2133,2.4,ALERT
302.133,0.3169,0.1824,2.75,ALERT
302.167,0.3062,0.1791,1.95,ALERT
302.2,0.3056,0.0988,-1.12,ALERT
302.233,0.3201,0.1862,3.16,ALERT
302.267,0.2969,0.2071,-1.56,ALERT
302.3,0.308,0.1575,-3.58,ALERT
302.333,0.3309,0.1918,-0.59,ALERT
302.367,0.2977,0.1648,-0.17,ALERT
302.4,0.2975,0.1718,3.17,ALERT
302.433,0.2876,0.208,1.96,ALERT
302.467,0.3331,0.1197,1.83,ALERT
302.5,0.2948,0.1451,-0.42,ALERT
302.533,0.3302,0.104,-3.24,ALERT
302.567,0.2834,0.1068,3.69,ALERT
302.6,0.3178,0.0873,2.71,ALERT
302.633,0.329,0.17,0.34,ALERT
302.667,0.3141,0.1945,3.54,ALERT
302.7,0.2945,0.1791,2.12,ALERT
302.733,0.3113,0.1504,-1.41,ALERT
302.767,0.3009,0.19,-0.77,ALERT
302.8,0.3238,0.1096,1.97,ALERT
302.833,0.2941,0.122,1.32,ALERT
302.867,0.3221,0.1926,-1.28,ALERT
302.9,0.3254,0.1216,3.74,ALERT
302.933,0.2863,0.1324,-3.13,ALERT
302.967,0.3061,0.1929,0.9,ALERT
303.0,0.3059,0.1324,-0.44,ALERT
303.033,0.2983,0.0923,-3.4,ALERT
303.067,0.3327,0.148,-2.05,ALERT
303.1,0.3054,0.0864,1.31,ALERT
303.133,0.314,0.1816,-2.06,ALERT
303.167,0.2832,0.1091,3.54,ALERT
303.2,0.3066,0.2163,-2.11,ALERT
303.233,0.3227,0.1555,-0.3,ALERT
303.267,0.2976,0.0963,3.24,ALERT
303.3,0.3325,0.0859,-3.76,ALERT
303.333,0.3211,0.1406,3.07,ALERT
303.367,0.2928,0.1341,-3.86,ALERT
303.4,0.3333,0.1559,-2.03,ALERT
303.433,0.3087,0.1971,1.59,ALERT
303.467,0.2896,0.1902,1.83,ALERT
303.5,0.3252,0.1097,-2.31,ALERT
303.533,0.3257,0.1653,-0.9,ALERT
303.567,0.2908,0.1278,-1.52,ALERT
303.6,0.299,0.1426,3.11,ALERT
303.633,0.3106,0.1713,-0.26,ALERT
303.667,0.3,0.128,1.59,ALERT
303.7,0.3335,0.1764,0.84,ALERT
303.733,0.2812,0.1933,-0.17,ALERT
303.767,0.3013,0.0875,-0.43,ALERT
303.8,0.298,0.1665,-0.26,ALERT
303.833,0.3153,0.1076,1.08,ALERT
303.867,0.2941,0.2005,1.43,ALERT
303.9,0.3246,0.0979,-2.52,ALERT
303.933,0.2982,0.1478,-1.1,ALERT
303.967,0.3319,0.1672,3.24,ALERT
304.0,0.2996,0.1545,-2.69,ALERT
304.033,0.2981,0.0952,1.47,ALERT
304.067,0.2839,0.1962,-3.87,ALERT
304.1,0.3261,0.2096,-2.84,ALERT
304.133,0.3262,0.2167,0.64,ALERT
304.167,0.3131,0.1009,-2.29,ALERT
304.2,0.319,0.1949,-3.62,ALERT
304.233,0.3176,0.1926,1.94,ALERT
304.267,0.3203,0.2046,3.98,ALERT
304.3,0.3009,0.0905,0.72,ALERT
304.333,0.303,0.1847,0.46,ALERT
304.367,0.2988,0.1168,-4.0,ALERT
304.4,0.3388,0.1123,-0.69,ALERT
304.433,0.2976,0.1598,2.2,ALERT
304.467,0.2982,0.1685,0.6,ALERT
304.5,0.3004,0.0932,-0.38,ALERT
304.533,0.2951,0.1962,3.41,ALERT
304.567,0.306,0.1863,1.03,ALERT
304.6,0.2994,0.0915,-1.32,ALERT
304.633,0.3279,0.217,3.87,ALERT
304.667,0.2835,0.1351,-3.12,ALERT
304.7,0.3055,0.1711,-3.23,ALERT
304.733,0.3205,0.0922,1.13,ALERT
304.767,0.3298,0.1508,-3.52,ALERT
304.8,0.2892,0.1872,1.23,ALERT
304.833,0.2964,0.2163,-1.48,ALERT
304.867,0.2924,0.0957,-1.45,ALERT
304.9,0.1228,0.192,-3.92,ALERT
304.933,0.3167,0.118,-2.49,ALERT
304.967,0.3021,0.218,-1.82,ALERT
305.0,0.334,0.1379,-0.13,ALERT
305.033,0.3334,0.1451,2.18,ALERT
305.067,0.3167,0.0996,0.49,ALERT
305.1,0.3353,0.1591,2.81,ALERT
305.133,0.3335,0.0927,2.09,ALERT
305.167,0.2962,0.1929,1.42,ALERT
305.2,0.331,0.0941,-2.0,ALERT
305.233,0.3361,0.1545,0.88,ALERT
305.267,0.323,0.1371,-3.98,ALERT
305.3,0.293,0.1774,1.04,ALERT
305.333,0.3156,0.1408,1.15,ALERT
305.367,0.3391,0.0882,-3.96,ALERT
305.4,0.3364,0.0828,-2.89,ALERT
305.433,0.3141,0.1935,1.31,ALERT
305.467,0.3028,0.1478,-1.51,ALERT
305.5,0.2909,0.1371,-2.95,ALERT
305.533,0.3054,0.1375,0.93,ALERT
305.567,0.3006,0.2197,3.46,ALERT
305.6,0.3212,0.1866,0.01,ALERT
305.633,0.2965,0.188,0.98,ALERT
305.667,0.3142,0.1712,2.84,ALERT
305.7,0.3109,0.1776,3.6,ALERT
305.733,0.3343,0.1609,2.37,ALERT
305.767,0.3347,0.1918,0.74,ALERT
305.8,0.3041,0.1212,-1.99,ALERT
305.833,0.2816,0.2048,-0.17,ALERT
305.867,0.3398,0.208,-1.1,ALERT
305.9,0.3317,0.1011,2.34,ALERT
305.933,0.3209,0.0979,-0.08,ALERT
305.967,0.3073,0.1218,1.32,ALERT
306.0,0.2865,0.1251,-0.39,ALERT
306.033,0.2998,0.1306,-2.11,ALERT
306.067,0.2827,0.0941,1.37,ALERT
306.1,0.331,0.1814,-3.01,ALERT
306.133,0.3011,0.2059,2.35,ALERT
306.167,0.3218,0.1629,-3.73,ALERT
306.2,0.3089,0.1355,-3.24,ALERT
306.233,0.2831,0.1594,-3.61,ALERT
306.267,0.1789,0.1477,-0.36,ALERT
306.3,0.3268,0.2149,-0.66,ALERT
306.333,0.127,0.1625,1.06,ALERT
306.367,0.3291,0.1128,1.43,ALERT
306.4,0.2952,0.0945,1.49,ALERT
306.433,0.3001,0.1825,3.01,ALERT
306.467,0.3161,0.1842,-2.7,ALERT
306.5,0.3281,0.1293,4.0,ALERT
306.533,0.1643,0.1444,-2.21,ALERT
306.567,0.3216,0.1551,0.82,ALERT
306.6,0.1656,0.1543,-0.15,ALERT
306.633,0.2827,0.19,-3.63,ALERT
306.667,0.3301,0.2108,0.03,ALERT
306.7,0.308,0.0973,1.61,ALERT
306.733,0.3145,0.1879,3.61,ALERT
306.767,0.2919,0.2001,-3.68,ALERT
306.8,0.3256,0.1826,3.88,ALERT
306.833,0.2944,0.1164,0.4,ALERT
306.867,0.3,0.1064,2.16,ALERT
306.9,0.3296,0.1021,-3.71,ALERT
306.933,0.3234,0.103,0.25,ALERT
306.967,0.3012,0.0821,-3.8,ALERT
307.0,0.284,0.1175,-0.76,ALERT
307.033,0.3233,0.1399,-3.33,ALERT
307.067,0.3387,0.1358,-1.97,ALERT
307.1,0.3324,0.1849,-2.4,ALERT
307.133,0.3352,0.1083,-1.21,ALERT
307.167,0.3372,0.1115,3.36,ALERT
307.2,0.3058,0.1406,0.6,ALERT
307.233,0.3204,0.2037,0.7,ALERT
307.267,0.3201,0.1173,3.87,ALERT
307.3,0.299,0.208,0.8,ALERT
307.333,0.2932,0.1423,-3.94,ALERT
307.367,0.2868,0.1409,-3.37,ALERT
307.4,0.3226,0.1947,-2.73,ALERT
307.433,0.2819,0.1688,2.48,ALERT
307.467,0.3374,0.1759,0.88,ALERT
307.5,0.322,0.1658,-2.92,ALERT
307.533,0.3139,0.1948,-0.25,ALERT
307.567,0.3375,0.1745,-0.06,ALERT
307.6,0.3317,0.1012,0.43,ALERT
307.633,0.3275,0.1878,3.6,ALERT
307.667,0.28,0.1077,3.49,ALERT
307.7,0.3252,0.0946,-1.62,ALERT
307.733,0.3381,0.1403,-1.03,ALERT
307.767,0.2818,0.2118,-0.87,ALERT
307.8,0.3289,0.0823,2.86,ALERT
307.833,0.3326,0.1947,-3.9,ALERT
307.867,0.3391,0.1633,3.81,ALERT
307.9,0.3387,0.1389,2.73,ALERT
307.933,0.294,0.1318,-2.13,ALERT
307.967,0.3239,0.1059,-3.1,ALERT
308.0,0.3057,0.0901,-1.17,ALERT
308.033,0.309,0.2173,-3.8,ALERT
308.067,0.3112,0.1689,3.4,ALERT
308.1,0.3322,0.0987,1.58,ALERT
308.133,0.3343,0.1664,-3.64,ALERT
308.167,0.2928,0.0845,1.51,ALERT
308.2,0.3369,0.0876,0.26,ALERT
308.233,0.3164,0.2039,-0.88,ALERT
308.267,0.3205,0.1833,-3.84,ALERT
308.3,0.3131,0.1506,1.4,ALERT
308.333,0.2952,0.188,1.1,ALERT
308.367,0.3006,0.1132,2.84,ALERT
308.4,0.3215,0.09,-2.54,ALERT
308.433,0.3064,0.102,-3.86,ALERT
308.467,0.2893,0.0866,3.13,ALERT
308.5,0.328,0.1056,2.45,ALERT
308.533,0.3146,0.192,-0.18,ALERT
308.567,0.3272,0.2005,1.09,ALERT
308.6,0.3127,0.1356,-1.14,ALERT
308.633,0.3339,0.095,3.23,ALERT
308.667,0.2849,0.0875,-1.59,ALERT
308.7,0.3132,0.2158,3.6,ALERT
308.733,0.2823,0.169,2.56,ALERT
308.767,0.2997,0.1898,-1.09,ALERT
308.8,0.2904,0.1681,-0.94,ALERT
308.833,0.2903,0.1308,-2.11,ALERT
308.867,0.3236,0.1441,2.52,ALERT
308.9,0.2827,0.1171,3.87,ALERT
308.933,0.3162,0.1855,2.44,ALERT
308.967,0.3268,0.1118,3.88,ALERT
309.0,0.3335,0.1316,1.38,ALERT
309.033,0.2894,0.1216,0.9,ALERT
309.067,0.2967,0.1924,2.8,ALERT
309.1,0.3212,0.2027,1.37,ALERT
309.133,0.3149,0.1947,-3.6,ALERT
309.167,0.303,0.1314,-0.99,ALERT
309.2,0.307,0.1812,-0.33,ALERT
309.233,0.3379,0.0823,0.25,ALERT
309.267,0.3334,0.2135,2.66,ALERT
309.3,0.3396,0.2117,1.94,ALERT
309.333,0.3067,0.1552,-3.65,ALERT
309.367,0.2927,0.2145,1.31,ALERT
309.4,0.3049,0.1425,1.72,ALERT
309.433,0.3092,0.1748,-2.46,ALERT
309.467,0.3205,0.1466,1.54,ALERT
309.5,0.3081,0.1878,1.09,ALERT
309.533,0.325,0.1026,1.54,ALERT
309.567,0.2844,0.2029,3.4,ALERT
309.6,0.3237,0.2185,-3.11,ALERT
309.633,0.3213,0.1765,2.78,ALERT
309.667,0.3335,0.1493,-0.78,ALERT
309.7,0.2825,0.1903,-1.98,ALERT
309.733,0.2857,0.1894,3.48,ALERT
309.767,0.3233,0.2062,1.82,ALERT
309.8,0.3092,0.1085,0.05,ALERT
309.833,0.3032,0.2076,0.57,ALERT
309.867,0.2885,0.114,3.24,ALERT
309.9,0.3204,0.1086,3.97,ALERT
309.933,0.3376,0.1053,-0.1,ALERT
309.967,0.3107,0.1759,3.88,ALERT
310.0,0.318,0.085,-1.09,ALERT
310.033,0.2822,0.2066,-2.49,ALERT
310.067,0.3363,0.2076,-1.81,ALERT
310.1,0.3162,0.219,2.01,ALERT
310.133,0.3152,0.1566,2.38,ALERT
310.167,0.3083,0.0897,-3.19,ALERT
310.2,0.319,0.1799,2.55,ALERT
310.233,0.2885,0.1557,1.59,ALERT
310.267,0.2856,0.2102,3.19,ALERT
310.3,0.2945,0.0926,-1.5,ALERT
310.333,0.3355,0.1468,-2.88,ALERT
310.367,0.2814,0.1289,-1.05,ALERT
310.4,0.3209,0.0983,3.44,ALERT
310.433,0.3348,0.1695,-2.22,ALERT
310.467,0.3362,0.2167,2.8,ALERT
310.5,0.3092,0.098,2.88,ALERT
310.533,0.3213,0.1591,-0.39,ALERT
310.567,0.2925,0.0996,-0.91,ALERT
310.6,0.3132,0.1875,2.69,ALERT
310.633,0.2942,0.214,-3.92,ALERT
310.667,0.3195,0.1299,2.79,ALERT
310.7,0.337,0.1301,0.19,ALERT
310.733,0.324,0.1909,2.9,ALERT
310.767,0.3227,0.167,3.19,ALERT
310.8,0.2901,0.2169,3.1,ALERT
310.833,0.3298,0.1527,-1.45,ALERT
310.867,0.2937,0.2001,-3.31,ALERT
310.9,0.3315,0.215,2.49,ALERT
310.933,0.3239,0.1649,0.55,ALERT
310.967,0.2953,0.2028,2.28,ALERT
311.0,0.3359,0.1515,-1.58,ALERT
311.033,0.3206,0.2028,1.35,ALERT
311.067,0.2829,0.0827,2.59,ALERT
311.1,0.3061,0.1776,-1.2,ALERT
311.133,0.2851,0.1353,-3.49,ALERT
311.167,0.3126,0.1066,-0.6,ALERT
311.2,0.3105,0.1137,2.41,ALERT
311.233,0.3252,0.2036,-1.87,ALERT
311.267,0.2925,0.109,-3.2,ALERT
311.3,0.325,0.1705,-3.73,ALERT
311.333,0.3026,0.2151,1.43,ALERT
311.367,0.2804,0.1769,-2.96,ALERT
311.4,0.3302,0.1751,-3.83,ALERT
311.433,0.2851,0.2149,3.28,ALERT
311.467,0.289,0.2091,2.69,ALERT
311.5,0.2813,0.1979,-2.04,ALERT
311.533,0.3252,0.2066,-1.73,ALERT
311.567,0.336,0.0876,-0.35,ALERT
311.6,0.2899,0.2181,-1.11,ALERT
311.633,0.3,0.0959,2.27,ALERT
311.667,0.3114,0.1667,-3.16,ALERT
311.7,0.3273,0.2041,-0.56,ALERT
311.733,0.3277,0.1239,-1.74,ALERT
311.767,0.3372,0.142,-2.21,ALERT
311.8,0.2859,0.1879,-2.52,ALERT
311.833,0.3114,0.2079,0.3,ALERT
311.867,0.3388,0.1234,3.0,ALERT
311.9,0.3366,0.1614,1.57,ALERT
311.933,0.2802,0.1616,-2.45,ALERT
311.967,0.3381,0.1451,1.17,ALERT
312.0,0.3197,0.1538,-3.81,ALERT
312.033,0.3172,0.196,1.32,ALERT
312.067,0.3294,0.1475,-0.45,ALERT
312.1,0.295,0.0886,0.45,ALERT
312.133,0.3206,0.0831,-1.31,ALERT
312.167,0.3349,0.0902,-1.3,ALERT
312.2,0.3007,0.1338,-0.45,ALERT
312.233,0.2981,0.0916,3.66,ALERT
312.267,0.2822,0.2066,-2.43,ALERT
312.3,0.3137,0.1201,0.57,ALERT
312.333,0.3224,0.1014,2.32,ALERT
312.367,0.2852,0.1849,-2.53,ALERT
312.4,0.3199,0.1603,2.72,ALERT
312.433,0.1396,0.0923,-1.48,ALERT
312.467,0.338,0.1125,0.05,ALERT
312.5,0.3368,0.1727,-0.2,ALERT
312.533,0.2867,0.1438,-0.54,ALERT
312.567,0.3272,0.1208,2.6,ALERT
312.6,0.3173,0.0952,-2.14,ALERT
312.633,0.3311,0.0992,-3.27,ALERT
312.667,0.3332,0.2172,3.3,ALERT
312.7,0.3148,0.184,3.01,ALERT
312.733,0.305,0.1887,-3.59,ALERT
312.767,0.302,0.1393,3.63,ALERT
312.8,0.2862,0.1509,-0.26,ALERT
312.833,0.3357,0.0924,0.46,ALERT
312.867,0.2895,0.1624,-1.19,ALERT
312.9,0.2992,0.1905,1.83,ALERT
312.933,0.3208,0.1442,2.86,ALERT
312.967,0.3238,0.1538,3.25,ALERT
313.0,0.3229,0.1655,-2.44,ALERT
313.033,0.2815,0.1504,-1.74,ALERT
313.067,0.3297,0.1433,0.71,ALERT
313.1,0.2811,0.1732,-3.3,ALERT
313.133,0.2877,0.1849,-3.47,ALERT
313.167,0.2832,0.1678,-3.76,ALERT
313.2,0.3264,0.087,-2.23,ALERT
313.233,0.3312,0.2114,0.78,ALERT
313.267,0.2821,0.113,0.64,ALERT
313.3,0.3224,0.1768,1.72,ALERT
313.333,0.2911,0.1099,1.9,ALERT
313.367,0.3226,0.1363,3.09,ALERT
313.4,0.3243,0.1437,-3.09,ALERT
313.433,0.2845,0.1549,2.79,ALERT
313.467,0.335,0.2073,-2.68,ALERT
313.5,0.3079,0.1628,-0.19,ALERT
313.533,0.3301,0.1908,-0.69,ALERT
313.567,0.3183,0.1175,3.54,ALERT
313.6,0.3114,0.1263,-3.42,ALERT
313.633,0.3241,0.0916,0.52,ALERT
313.667,0.2897,0.1763,2.78,ALERT
313.7,0.2965,0.1472,1.13,ALERT
313.733,0.3137,0.1696,2.16,ALERT
313.767,0.329,0.1018,1.09,ALERT
313.8,0.3154,0.1454,2.94,ALERT
313.833,0.2868,0.1486,-1.1,ALERT
313.867,0.3346,0.1011,1.78,ALERT
313.9,0.3231,0.1204,-0.3,ALERT
313.933,0.2857,0.1078,1.97,ALERT
313.967,0.298,0.1181,3.83,ALERT
314.0,0.3034,0.0944,2.17,ALERT
314.033,0.2931,0.112,3.55,ALERT
314.067,0.3381,0.2044,-3.16,ALERT
314.1,0.3331,0.1307,2.23,ALERT
314.133,0.3265,0.2019,-2.42,ALERT
314.167,0.3279,0.1322,-3.06,ALERT
314.2,0.2844,0.2067,-0.97,ALERT
314.233,0.2829,0.0999,2.71,ALERT
314.267,0.3125,0.0871,0.65,ALERT
314.3,0.3101,0.1167,-2.18,ALERT
314.333,0.3284,0.1822,3.7,ALERT
314.367,0.3395,0.12,2.8,ALERT
314.4,0.2899,0.1782,2.23,ALERT
314.433,0.3054,0.1942,1.69,ALERT
314.467,0.3095,0.1168,-0.2,ALERT
314.5,0.2977,0.1459,1.07,ALERT
314.533,0.3139,0.0849,-1.24,ALERT
314.567,0.3235,0.1382,-3.75,ALERT
314.6,0.3193,0.189,-0.59,ALERT
314.633,0.3026,0.171,1.84,ALERT
314.667,0.3046,0.1328,0.84,ALERT
314.7,0.3038,0.1182,3.58,ALERT
314.733,0.2809,0.1109,0.68,ALERT
314.767,0.3299,0.0806,-3.15,ALERT
314.8,0.334,0.1444,2.17,ALERT
314.833,0.3205,0.1946,-3.71,ALERT
314.867,0.2933,0.1763,-0.51,ALERT
314.9,0.2846,0.1242,-3.93,ALERT
314.933,0.3306,0.123,3.47,ALERT
314.967,0.3081,0.1533,-1.26,ALERT
315.0,0.2979,0.1839,-1.31,ALERT
315.033,0.306,0.1665,-0.79,ALERT
315.067,0.2936,0.1368,2.81,ALERT
315.1,0.324,0.1809,-0.16,ALERT
315.133,0.3345,0.2159,1.72,ALERT
315.167,0.3303,0.1517,-0.12,ALERT
315.2,0.3275,0.2049,1.14,ALERT
315.233,0.3159,0.0965,-1.49,ALERT
315.267,0.3327,0.0827,-3.57,ALERT
315.3,0.2866,0.1402,2.73,ALERT
315.333,0.321,0.145,-0.84,ALERT
315.367,0.3175,0.2013,-1.38,ALERT
315.4,0.3101,0.1498,2.29,ALERT
315.433,0.3033,0.0851,2.65,ALERT
315.467,0.2808,0.099,-1.24,ALERT
315.5,0.3374,0.0987,3.99,ALERT
315.533,0.2855,0.1236,2.51,ALERT
315.567,0.2887,0.1134,-2.99,ALERT
315.6,0.3005,0.0916,0.43,ALERT
315.633,0.3289,0.1802,0.61,ALERT
315.667,0.307,0.1132,3.86,ALERT
315.7,0.3373,0.0905,2.86,ALERT
315.733,0.3104,0.1804,2.7,ALERT
315.767,0.292,0.1453,-3.32,ALERT
315.8,0.3019,0.1812,1.59,ALERT
315.833,0.2823,0.1624,2.52,ALERT
315.867,0.3299,0.206,3.86,ALERT
315.9,0.2867,0.1993,-3.45,ALERT
315.933,0.2881,0.2116,0.4,ALERT
315.967,0.3323,0.1424,-1.82,ALERT
316.0,0.3164,0.15,-2.11,ALERT
316.033,0.3229,0.1644,-3.3,ALERT
316.067,0.2887,0.1787,1.25,ALERT
316.1,0.3138,0.1281,2.49,ALERT
316.133,0.3192,0.1435,2.61,ALERT
316.167,0.3193,0.102,3.99,ALERT
316.2,0.3348,0.1157,-1.76,ALERT
316.233,0.3238,0.1864,0.99,ALERT
316.267,0.3154,0.1755,-0.91,ALERT
316.3,0.3249,0.1127,-1.24,ALERT
316.333,0.3008,0.2067,-0.27,ALERT
316.367,0.3238,0.1591,-0.01,ALERT
316.4,0.2935,0.1247,0.84,ALERT
316.433,0.2901,0.1746,-2.69,ALERT
316.467,0.2871,0.1491,-2.85,ALERT
316.5,0.2885,0.2145,3.45,ALERT
316.533,0.323,0.0962,-0.44,ALERT
316.567,0.281,0.134,0.99,ALERT
316.6,0.2967,0.141,2.38,ALERT
316.633,0.3383,0.2011,1.74,ALERT
316.667,0.3303,0.1407,-1.35,ALERT
316.7,0.2886,0.1176,-1.16,ALERT
316.733,0.2955,0.1388,-0.45,ALERT
316.767,0.3157,0.1222,-2.11,ALERT
316.8,0.3178,0.218,-1.55,ALERT
316.833,0.3235,0.1181,0.78,ALERT
316.867,0.3094,0.1586,-3.17,ALERT
316.9,0.2874,0.1112,-3.56,ALERT
316.933,0.3329,0.1351,2.98,ALERT
316.967,0.3008,0.1778,-2.17,ALERT
317.0,0.2846,0.141,3.83,ALERT
317.033,0.3091,0.0842,1.74,ALERT
317.067,0.2812,0.1929,-0.89,ALERT
317.1,0.3297,0.1102,3.45,ALERT
317.133,0.3067,0.0953,0.82,ALERT
317.167,0.2844,0.1762,0.74,ALERT
317.2,0.2981,0.086,2.92,ALERT
317.233,0.3213,0.1082,-3.61,ALERT
317.267,0.1779,0.2134,-3.56,ALERT
317.3,0.2835,0.126,2.72,ALERT
317.333,0.3049,0.1742,0.12,ALERT
317.367,0.3255,0.1206,1.14,ALERT
317.4,0.302,0.1689,-0.17,ALERT
317.433,0.3387,0.1334,-1.03,ALERT
317.467,0.338,0.1494,2.92,ALERT
317.5,0.3084,0.1369,2.17,ALERT
317.533,0.3338,0.1379,1.46,ALERT
317.567,0.3072,0.1475,1.01,ALERT
317.6,0.3213,0.1117,1.89,ALERT
317.633,0.3227,0.0893,-0.28,ALERT
317.667,0.3088,0.1501,1.15,ALERT
317.7,0.2953,0.1274,3.77,ALERT
317.733,0.2912,0.1484,3.51,ALERT
317.767,0.2987,0.192,0.44,ALERT
317.8,0.3254,0.162,-0.16,ALERT
317.833,0.2947,0.1425,-2.58,ALERT
317.867,0.3309,0.1816,2.42,ALERT
317.9,0.3209,0.1604,-3.08,ALERT
317.933,0.3248,0.1922,-2.12,ALERT
317.967,0.3043,0.1133,0.31,ALERT
318.0,0.3318,0.2069,-0.28,ALERT
318.033,0.3362,0.208,-3.73,ALERT
318.067,0.3266,0.1157,-0.23,ALERT
318.1,0.3121,0.088,-1.05,ALERT
318.133,0.2975,0.1403,0.84,ALERT
318.167,0.318,0.2095,0.28,ALERT
318.2,0.3179,0.1607,2.35,ALERT
318.233,0.3297,0.1548,0.9,ALERT
318.267,0.3299,0.1465,-0.76,ALERT
318.3,0.2911,0.2172,3.36,ALERT
318.333,0.288,0.2063,-3.84,ALERT
318.367,0.319,0.0949,2.58,ALERT
318.4,0.3147,0.1809,1.83,ALERT
318.433,0.2877,0.1631,2.67,ALERT
318.467,0.2971,0.1402,-2.73,ALERT
318.5,0.2815,0.1859,0.97,ALERT
318.533,0.2986,0.1368,-1.5,ALERT
318.567,0.3261,0.0999,2.56,ALERT
318.6,0.3232,0.1871,0.52,ALERT
318.633,0.3149,0.1386,-0.73,ALERT
318.667,0.2901,0.1781,3.13,ALERT
318.7,0.3368,0.1581,-1.51,ALERT
318.733,0.2997,0.1015,1.75,ALERT
318.767,0.3357,0.0809,-2.64,ALERT
318.8,0.333,0.159,2.03,ALERT
318.833,0.3236,0.1499,2.73,ALERT
318.867,0.3062,0.1249,-0.9,ALERT
318.9,0.3176,0.2014,0.86,ALERT
318.933,0.28,0.101,-2.48,ALERT
318.967,0.3151,0.1136,3.1,ALERT
319.0,0.3178,0.1838,-1.19,ALERT
319.033,0.3251,0.1656,1.03,ALERT
319.067,0.2929,0.1879,-0.23,ALERT
319.1,0.2946,0.1855,-1.86,ALERT
319.133,0.3142,0.144,3.47,ALERT
319.167,0.2953,0.1234,3.1,ALERT
319.2,0.309,0.1207,-0.6,ALERT
319.233,0.3167,0.1927,3.13,ALERT
319.267,0.2874,0.1782,-2.95,ALERT
319.3,0.3246,0.208,-3.91,ALERT
319.333,0.1492,0.1963,0.33,ALERT
319.367,0.2871,0.0917,-3.16,ALERT
319.4,0.3056,0.0962,-2.01,ALERT
319.433,0.3072,0.0949,-1.44,ALERT
319.467,0.286,0.1388,-1.79,ALERT
319.5,0.3124,0.1262,2.52,ALERT
319.533,0.3053,0.1117,0.16,ALERT
319.567,0.2989,0.1393,-0.16,ALERT
319.6,0.2828,0.2083,-1.19,ALERT
319.633,0.3069,0.139,2.2,ALERT
319.667,0.3112,0.2121,-1.78,ALERT
319.7,0.3385,0.2031,1.3,ALERT
319.733,0.1665,0.1038,0.14,ALERT
319.767,0.3399,0.1622,-3.62,ALERT
319.8,0.322,0.1311,-2.88,ALERT
319.833,0.2968,0.1364,1.69,ALERT
319.867,0.3392,0.1617,-0.09,ALERT
319.9,0.3268,0.0894,-3.11,ALERT
319.933,0.284,0.1926,-1.18,ALERT
319.967,0.338,0.1364,3.01,ALERT
320.0,0.3274,0.1252,0.52,ALERT
320.033,0.2917,0.1081,0.75,ALERT
320.067,0.2879,0.1432,1.87,ALERT
320.1,0.3189,0.1939,1.09,ALERT
320.133,0.2924,0.1148,3.11,ALERT
320.167,0.302,0.137,2.41,ALERT
320.2,0.2825,0.1407,3.69,ALERT
320.233,0.3151,0.1185,-1.17,ALERT
320.267,0.3208,0.1593,2.35,ALERT
320.3,0.3014,0.1524,0.73,ALERT
320.333,0.317,0.1816,-3.32,ALERT
320.367,0.3221,0.1234,2.51,ALERT
320.4,0.3158,0.1893,-2.75,ALERT
320.433,0.3046,0.1701,3.11,ALERT
320.467,0.31,0.1329,2.86,ALERT
320.5,0.3159,0.1925,3.6,ALERT
320.533,0.1349,0.1075,2.65,ALERT
320.567,0.3022,0.1004,-1.56,ALERT
320.6,0.3139,0.1417,-2.84,ALERT
320.633,0.3243,0.1466,0.06,ALERT
320.667,0.2862,0.1855,2.29,ALERT
320.7,0.3273,0.1839,-0.4,ALERT
320.733,0.3131,0.0883,-3.63,ALERT
320.767,0.339,0.1443,1.74,ALERT
320.8,0.3061,0.134,-1.3,ALERT
320.833,0.3318,0.1598,3.89,ALERT
320.867,0.3381,0.173,2.93,ALERT
320.9,0.2905,0.1332,-1.32,ALERT
320.933,0.3365,0.1647,-2.5,ALERT
320.967,0.3028,0.1603,3.99,ALERT
321.0,0.3269,0.1274,1.44,ALERT
321.033,0.3082,0.1957,-1.75,ALERT
321.067,0.3202,0.1996,-2.8,ALERT
321.1,0.3092,0.1896,-2.88,ALERT
321.133,0.3043,0.1198,-3.12,ALERT
321.167,0.2958,0.1918,1.01,ALERT
321.2,0.2932,0.1215,-0.21,ALERT
321.233,0.3199,0.1453,0.52,ALERT
321.267,0.3115,0.0885,-3.34,ALERT
321.3,0.3005,0.1229,2.45,ALERT
321.333,0.3095,0.1506,-0.57,ALERT
321.367,0.2995,0.1809,3.51,ALERT
321.4,0.3308,0.1904,-2.58,ALERT
321.433,0.3337,0.1864,-3.65,ALERT
321.467,0.282,0.1322,3.06,ALERT
321.5,0.2937,0.1633,1.92,ALERT
321.533,0.329,0.1401,-3.35,ALERT
321.567,0.3145,0.1122,-1.6,ALERT
321.6,0.3051,0.1575,-3.24,ALERT
321.633,0.3148,0.1728,3.2,ALERT
321.667,0.317,0.1546,2.07,ALERT
321.7,0.2893,0.1958,-2.09,ALERT
321.733,0.3125,0.0961,-3.81,ALERT
321.767,0.3307,0.1706,0.61,ALERT
321.8,0.3035,0.2017,2.89,ALERT
321.833,0.3255,0.1923,-3.36,ALERT
321.867,0.2892,0.1638,2.74,ALERT
321.9,0.311,0.0872,2.49,ALERT
321.933,0.3119,0.1158,1.46,ALERT
321.967,0.2966,0.1166,-1.19,ALERT
322.0,0.2958,0.1429,2.08,ALERT
322.033,0.3279,0.1059,-3.32,ALERT
322.067,0.3067,0.1828,-2.99,ALERT
322.1,0.2857,0.0936,1.34,ALERT
322.133,0.2932,0.1273,0.52,ALERT
322.167,0.2967,0.1018,-3.52,ALERT
322.2,0.2999,0.1765,0.54,ALERT
322.233,0.3077,0.1208,1.71,ALERT
322.267,0.3101,0.081,1.79,ALERT
322.3,0.3319,0.1371,3.8,ALERT
322.333,0.3262,0.1981,-1.09,ALERT
322.367,0.3394,0.1658,1.14,ALERT
322.4,0.3369,0.1427,1.97,ALERT
322.433,0.3368,0.171,-0.23,ALERT
322.467,0.3231,0.1756,-1.51,ALERT
322.5,0.3153,0.1352,-1.81,ALERT
322.533,0.3011,0.1597,1.84,ALERT
322.567,0.2906,0.0909,-0.91,ALERT
322.6,0.3075,0.1917,1.31,ALERT
322.633,0.3271,0.1119,1.55,ALERT
322.667,0.3161,0.1508,-3.31,ALERT
322.7,0.306,0.2003,-1.14,ALERT
322.733,0.29,0.2062,3.56,ALERT
322.767,0.2836,0.1715,2.8,ALERT
322.8,0.287,0.1875,-3.97,ALERT
322.833,0.3237,0.1783,0.73,ALERT
322.867,0.3236,0.1443,1.33,ALERT
322.9,0.1692,0.3126,-11.57,DROWSY
322.933,0.1329,0.1873,-12.67,DROWSY
322.967,0.111,0.1923,-11.0,DROWSY
323.0,0.1224,0.2149,-11.59,DROWSY
323.033,0.1431,0.2585,-16.58,DROWSY
323.067,0.134,0.193,-17.24,DROWSY
323.1,0.1164,0.2878,-10.65,DROWSY
323.133,0.1085,0.18,-12.27,DROWSY
323.167,0.1065,0.2652,-15.47,DROWSY
323.2,0.1546,0.3354,-14.1,DROWSY
323.233,0.1187,0.1673,-12.08,DROWSY
323.267,0.1438,0.2302,-15.96,DROWSY
323.3,0.1467,0.1677,-14.83,DROWSY
323.333,0.1361,0.2358,-14.23,DROWSY
323.367,0.1544,0.213,-15.29,DROWSY
323.4,0.101,0.3544,-14.18,DROWSY
323.433,0.1606,0.1693,-13.71,DROWSY
323.467,0.1396,0.1845,-16.93,DROWSY
323.5,0.1077,0.169,-16.53,DROWSY
323.533,0.1077,0.2334,-14.33,DROWSY
323.567,0.1342,0.1846,-12.58,DROWSY
323.6,0.1304,0.3834,-13.81,DROWSY
323.633,0.1514,0.1917,-17.41,DROWSY
323.667,0.1216,0.2284,-13.77,DROWSY
323.7,0.1209,0.1932,-15.24,DROWSY
323.733,0.1562,0.2537,-16.82,DROWSY
323.767,0.1111,0.3338,-15.9,DROWSY
323.8,0.1237,0.1525,-12.81,DROWSY
323.833,0.1425,0.3459,-10.16,DROWSY
323.867,0.1627,0.3748,-17.61,DROWSY
323.9,0.1415,0.2507,-10.74,DROWSY
323.933,0.1129,0.1617,-17.04,DROWSY
323.967,0.1343,0.3532,-10.11,DROWSY
324.0,0.1227,0.3454,-16.29,DROWSY
324.033,0.1581,0.3763,-16.81,DROWSY
324.067,0.1031,0.2226,-12.91,DROWSY
324.1,0.1169,0.1791,-13.28,DROWSY
324.133,0.1614,0.2763,-14.02,DROWSY
324.167,0.1363,0.3618,-12.39,DROWSY
324.2,0.1662,0.3153,-17.42,DROWSY
324.233,0.1148,0.2841,-14.14,DROWSY
324.267,0.1527,0.2743,-14.74,DROWSY
324.3,0.1559,0.2089,-15.81,DROWSY
324.333,0.1509,0.2015,-10.28,DROWSY
324.367,0.1505,0.3435,-10.76,DROWSY
324.4,0.1106,0.1793,-10.65,DROWSY
324.433,0.1239,0.2345,-13.56,DROWSY
324.467,0.1468,0.2263,-11.45,DROWSY
324.5,0.1328,0.3239,-14.0,DROWSY
324.533,0.1167,0.2869,-10.59,DROWSY
324.567,0.1661,0.2125,-16.11,DROWSY
324.6,0.1576,0.2442,-14.27,DROWSY
324.633,0.1146,0.3135,-11.96,DROWSY
324.667,0.1193,0.1797,-15.62,DROWSY
324.7,0.1014,0.3657,-16.13,DROWSY
324.733,0.1267,0.2025,-12.1,DROWSY
324.767,0.1341,0.2407,-10.46,DROWSY
324.8,0.1139,0.1866,-16.44,DROWSY
324.833,0.1284,0.1678,-16.04,DROWSY
324.867,0.1405,0.296,-10.68,DROWSY
324.9,0.1596,0.1935,-11.51,DROWSY
324.933,0.1529,0.2961,-12.02,DROWSY
324.967,0.1465,0.3961,-13.83,DROWSY
325.0,0.1273,0.2661,-12.2,DROWSY
325.033,0.1583,0.3353,-10.02,DROWSY
325.067,0.1002,0.2352,-13.45,DROWSY
325.1,0.1455,0.3429,-16.63,DROWSY
325.133,0.1083,0.2587,-14.43,DROWSY
325.167,0.1538,0.3412,-11.69,DROWSY
325.2,0.164,0.1582,-13.85,DROWSY
325.233,0.1533,0.3545,-14.08,DROWSY
325.267,0.1679,0.2452,-11.76,DROWSY
325.3,0.1354,0.3212,-15.56,DROWSY
325.333,0.1256,0.1678,-10.63,DROWSY
325.367,0.1504,0.3974,-15.42,DROWSY
325.4,0.1094,0.1729,-11.8,DROWSY
325.433,0.1113,0.2867,-10.09,DROWSY
325.467,0.1282,0.3015,-10.96,DROWSY
325.5,0.1577,0.158,-17.61,DROWSY
325.533,0.1474,0.2232,-15.99,DROWSY
325.567,0.3112,0.1754,-0.93,ALERT
325.6,0.2862,0.1482,1.33,ALERT
325.633,0.303,0.1366,0.79,ALERT
325.667,0.289,0.1003,1.62,ALERT
325.7,0.3002,0.0993,-2.83,ALERT
325.733,0.3129,0.1453,2.05,ALERT
325.767,0.1248,0.1381,1.3,ALERT
325.8,0.3006,0.1552,0.19,ALERT
325.833,0.3266,0.0974,-3.32,ALERT
325.867,0.2868,0.1857,2.74,ALERT
325.9,0.3078,0.2167,-2.45,ALERT
325.933,0.2891,0.1745,-2.65,ALERT
325.967,0.3045,0.1441,-3.74,ALERT
326.0,0.2864,0.1132,-2.22,ALERT
326.033,0.2854,0.2076,2.72,ALERT
326.067,0.3361,0.1717,0.7,ALERT
326.1,0.2948,0.1159,3.32,ALERT
326.133,0.3171,0.1555,2.21,ALERT
326.167,0.2935,0.2036,2.75,ALERT
326.2,0.2932,0.1955,-0.53,ALERT
326.233,0.3119,0.1645,3.82,ALERT
326.267,0.2992,0.1364,3.52,ALERT
326.3,0.2849,0.1821,1.74,ALERT
326.333,0.3174,0.2111,-0.16,ALERT
326.367,0.3007,0.2148,2.68,ALERT
326.4,0.3289,0.086,3.13,ALERT
326.433,0.2847,0.1567,1.58,ALERT
326.467,0.3042,0.135,3.24,ALERT
326.5,0.3088,0.1096,-0.76,ALERT
326.533,0.2926,0.1955,-1.33,ALERT
326.567,0.3078,0.168,3.67,ALERT
326.6,0.3331,0.1335,1.62,ALERT
326.633,0.2808,0.1476,-3.14,ALERT
326.667,0.2939,0.168,2.24,ALERT
326.7,0.3358,0.1868,-1.7,ALERT
326.733,0.2979,0.1149,2.44,ALERT
326.767,0.3107,0.1571,-0.82,ALERT
326.8,0.2917,0.1759,-3.19,ALERT
326.833,0.3204,0.0807,3.74,ALERT
326.867,0.328,0.2075,-3.72,ALERT
326.9,0.2812,0.1786,1.71,ALERT
326.933,0.313,0.2054,3.51,ALERT
326.967,0.3331,0.1534,-2.65,ALERT
327.0,0.3051,0.088,-2.15,ALERT
327.033,0.2836,0.1789,2.33,ALERT
327.067,0.3073,0.0905,-1.02,ALERT
327.1,0.3263,0.1103,-0.82,ALERT
327.133,0.287,0.1921,-3.58,ALERT
327.167,0.2917,0.1267,-3.55,ALERT
327.2,0.3395,0.1829,3.6,ALERT
327.233,0.2908,0.1216,2.16,ALERT
327.267,0.3274,0.1904,2.33,ALERT
327.3,0.3152,0.0955,-0.07,ALERT
327.333,0.2813,0.1946,0.26,ALERT
327.367,0.3022,0.1331,-1.25,ALERT
327.4,0.3381,0.1981,-2.22,ALERT
327.433,0.2807,0.107,2.48,ALERT
327.467,0.3216,0.1456,-3.47,ALERT
327.5,0.3384,0.1364,-1.09,ALERT
327.533,0.2866,0.1172,-3.75,ALERT
327.567,0.3187,0.1628,-1.47,ALERT
327.6,0.319,0.103,-2.93,ALERT
327.633,0.3212,0.2016,0.8,ALERT
327.667,0.3091,0.1285,-3.08,ALERT
327.7,0.3182,0.1857,-1.23,ALERT
327.733,0.298,0.1369,-1.56,ALERT
327.767,0.3273,0.1597,1.91,ALERT
327.8,0.2904,0.2026,-3.18,ALERT
327.833,0.2918,0.1607,-0.48,ALERT
327.867,0.3319,0.1875,-4.0,ALERT
327.9,0.3124,0.2145,-2.54,ALERT
327.933,0.2916,0.1321,-1.17,ALERT
327.967,0.3023,0.138,3.98,ALERT
328.0,0.3341,0.2127,-0.41,ALERT
328.033,0.2943,0.1071,-3.91,ALERT
328.067,0.3153,0.1374,1.61,ALERT
328.1,0.3043,0.158,-2.76,ALERT
328.133,0.2835,0.1867,-1.88,ALERT
328.167,0.3196,0.0855,3.33,ALERT
328.2,0.293,0.1323,3.19,ALERT
328.233,0.3034,0.1631,-2.75,ALERT
328.267,0.2907,0.1373,2.19,ALERT
328.3,0.3281,0.1902,-0.06,ALERT
328.333,0.3151,0.2016,-0.39,ALERT
328.367,0.2805,0.2022,3.86,ALERT
328.4,0.288,0.0867,-0.68,ALERT
328.433,0.3003,0.1489,0.17,ALERT
328.467,0.3067,0.1471,-2.51,ALERT
328.5,0.3104,0.2149,-3.51,ALERT
328.533,0.2944,0.1906,2.04,ALERT
328.567,0.3188,0.1239,-2.97,ALERT
328.6,0.3125,0.1022,2.31,ALERT
328.633,0.2932,0.1555,-3.86,ALERT
328.667,0.2875,0.0983,-2.8,ALERT
328.7,0.3098,0.2062,0.98,ALERT
328.733,0.3089,0.1002,-1.78,ALERT
328.767,0.2854,0.1919,2.49,ALERT
328.8,0.3267,0.1044,-0.81,ALERT
328.833,0.3112,0.2048,2.13,ALERT
328.867,0.2828,0.1253,2.77,ALERT
328.9,0.3323,0.2096,-1.68,ALERT
328.933,0.3375,0.1512,2.53,ALERT
328.967,0.2963,0.0809,-2.32,ALERT
329.0,0.3111,0.1242,0.28,ALERT
329.033,0.3304,0.1731,-3.91,ALERT
329.067,0.281,0.1308,1.18,ALERT
329.1,0.3209,0.154,1.31,ALERT
329.133,0.3072,0.1546,0.31,ALERT
329.167,0.3141,0.1294,0.58,ALERT
329.2,0.306,0.2177,1.55,ALERT
329.233,0.285,0.106,-0.4,ALERT
329.267,0.2801,0.1516,-1.73,ALERT
329.3,0.285,0.1257,-1.23,ALERT
329.333,0.2866,0.0991,-1.36,ALERT
329.367,0.2945,0.1366,0.71,ALERT
329.4,0.3076,0.1384,1.39,ALERT
329.433,0.3027,0.2199,1.42,ALERT
329.467,0.2972,0.1434,-1.65,ALERT
329.5,0.3145,0.1159,1.45,ALERT
329.533,0.287,0.0847,-0.78,ALERT
329.567,0.2927,0.1244,3.45,ALERT
329.6,0.2837,0.1391,-2.16,ALERT
329.633,0.3109,0.1776,1.39,ALERT
329.667,0.2952,0.15,-1.18,ALERT
329.7,0.3248,0.1472,-1.24,ALERT
329.733,0.3122,0.1921,1.04,ALERT
329.767,0.3051,0.1596,3.06,ALERT
329.8,0.3018,0.0904,3.69,ALERT
329.833,0.3378,0.1494,-2.82,ALERT
329.867,0.2837,0.1029,-2.35,ALERT
329.9,0.2813,0.121,1.0,ALERT
329.933,0.2922,0.1513,-0.04,ALERT
329.967,0.2991,0.1247,3.02,ALERT
330.0,0.316,0.1619,0.84,ALERT
330.033,0.338,0.1192,-1.15,ALERT
330.067,0.3305,0.1954,-1.66,ALERT
330.1,0.1373,0.1704,-1.21,ALERT
330.133,0.3109,0.1863,-2.79,ALERT
330.167,0.3264,0.1041,-1.7,ALERT
330.2,0.3369,0.1933,1.18,ALERT
330.233,0.3279,0.2082,-3.63,ALERT
330.267,0.3154,0.1715,1.74,ALERT
330.3,0.3183,0.2116,3.03,ALERT
330.333,0.2996,0.2052,-3.46,ALERT
330.367,0.2826,0.1378,-2.2,ALERT
330.4,0.3373,0.2083,3.95,ALERT
330.433,0.313,0.2074,-1.98,ALERT
330.467,0.3276,0.1741,-0.28,ALERT
330.5,0.3268,0.1214,0.79,ALERT
330.533,0.3197,0.1861,1.73,ALERT
330.567,0.304,0.1712,-0.4,ALERT
330.6,0.1407,0.149,-0.54,ALERT
330.633,0.3041,0.1052,-3.16,ALERT
330.667,0.3081,0.1622,-3.79,ALERT
330.7,0.2949,0.1413,3.6,ALERT
330.733,0.3223,0.1592,0.64,ALERT
330.767,0.3052,0.1614,-3.01,ALERT
330.8,0.3089,0.1182,-2.48,ALERT
330.833,0.3154,0.189,-1.07,ALERT
330.867,0.2821,0.0865,1.62,ALERT
330.9,0.3149,0.1357,-0.56,ALERT
330.933,0.2954,0.2192,0.04,ALERT
330.967,0.3176,0.2143,-1.32,ALERT
331.0,0.3022,0.1542,3.72,ALERT
331.033,0.2991,0.2046,0.96,ALERT
331.067,0.3155,0.1648,-1.12,ALERT
331.1,0.2814,0.1066,-2.83,ALERT
331.133,0.3046,0.2068,-3.86,ALERT
331.167,0.2983,0.1007,-0.39,ALERT
331.2,0.3141,0.1069,1.67,ALERT
331.233,0.2881,0.1114,-2.52,ALERT
331.267,0.2911,0.2073,-2.84,ALERT
331.3,0.2812,0.0815,0.07,ALERT
331.333,0.3339,0.0914,3.53,ALERT
331.367,0.2803,0.1125,-1.77,ALERT
331.4,0.3094,0.1142,-2.39,ALERT
331.433,0.3123,0.0896,-0.16,ALERT
331.467,0.3165,0.1613,1.92,ALERT
331.5,0.3286,0.1632,-1.72,ALERT
331.533,0.2836,0.1427,-2.76,ALERT
331.567,0.3042,0.2059,3.85,ALERT
331.6,0.2907,0.1346,3.64,ALERT
331.633,0.3348,0.149,-3.32,ALERT
331.667,0.3367,0.1076,-1.52,ALERT
331.7,0.3381,0.1777,-3.9,ALERT
331.733,0.3206,0.1157,2.55,ALERT
331.767,0.3193,0.0853,-0.87,ALERT
331.8,0.3309,0.1559,0.09,ALERT
331.833,0.2933,0.1641,-3.13,ALERT
331.867,0.3153,0.1288,0.24,ALERT
331.9,0.3027,0.0844,-1.38,ALERT
331.933,0.3189,0.1013,3.97,ALERT
331.967,0.3122,0.1927,2.0,ALERT
332.0,0.3146,0.0978,-1.71,ALERT
332.033,0.3303,0.1448,3.05,ALERT
332.067,0.3037,0.1104,-3.45,ALERT
332.1,0.3084,0.1664,-0.79,ALERT
332.133,0.3258,0.0986,3.1,ALERT
332.167,0.3329,0.1795,-0.05,ALERT
332.2,0.3122,0.1188,-2.96,ALERT
332.233,0.3009,0.2107,1.67,ALERT
332.267,0.287,0.0869,3.4,ALERT
332.3,0.2901,0.2106,-3.71,ALERT
332.333,0.2846,0.2014,3.42,ALERT
332.367,0.3006,0.2114,-3.45,ALERT
332.4,0.3366,0.1062,0.91,ALERT
332.433,0.3318,0.0994,-2.73,ALERT
332.467,0.1463,0.2082,3.01,ALERT
332.5,0.2822,0.1789,1.45,ALERT
332.533,0.3221,0.1397,-0.55,ALERT
332.567,0.3395,0.1302,1.57,ALERT
332.6,0.3087,0.1553,2.03,ALERT
332.633,0.2858,0.1598,-2.15,ALERT
332.667,0.296,0.1737,-1.5,ALERT
332.7,0.3136,0.1398,-0.29,ALERT
332.733,0.3373,0.1706,-3.13,ALERT
332.767,0.3205,0.1791,0.26,ALERT
332.8,0.2971,0.0955,2.88,ALERT
332.833,0.2919,0.1763,1.77,ALERT
332.867,0.281,0.0998,2.42,ALERT
332.9,0.3112,0.1276,-0.6,ALERT
332.933,0.2891,0.2161,2.36,ALERT
332.967,0.3207,0.212,-1.73,ALERT
333.0,0.2992,0.1864,-2.14,ALERT
333.033,0.3273,0.0829,-0.15,ALERT
333.067,0.2853,0.1757,1.0,ALERT
333.1,0.2908,0.1647,2.54,ALERT
333.133,0.2934,0.1265,0.26,ALERT
333.167,0.2976,0.0961,1.96,ALERT
333.2,0.2991,0.2164,-3.02,ALERT
333.233,0.3308,0.1794,2.74,ALERT
333.267,0.2877,0.0817,-3.86,ALERT
333.3,0.3188,0.0911,0.39,ALERT
333.333,0.296,0.1113,-2.92,ALERT
333.367,0.3339,0.1186,-0.21,ALERT
333.4,0.3301,0.1745,3.09,ALERT
333.433,0.3136,0.2173,1.1,ALERT
333.467,0.292,0.0989,-3.86,ALERT
333.5,0.3255,0.1521,-1.22,ALERT
333.533,0.3025,0.0908,-1.43,ALERT
333.567,0.3253,0.1967,1.79,ALERT
333.6,0.3338,0.2172,0.47,ALERT
333.633,0.2839,0.2012,-2.81,ALERT
333.667,0.3243,0.1416,0.01,ALERT
333.7,0.2965,0.1452,3.29,ALERT
333.733,0.2947,0.1943,-1.93,ALERT
333.767,0.3022,0.2023,-2.99,ALERT
333.8,0.3315,0.1892,2.95,ALERT
333.833,0.3051,0.1981,2.83,ALERT
333.867,0.3263,0.1337,2.56,ALERT
333.9,0.3372,0.1954,-0.42,ALERT
333.933,0.3196,0.1865,-3.05,ALERT
333.967,0.2923,0.1493,-0.74,ALERT
334.0,0.3241,0.1029,2.82,ALERT
334.033,0.3374,0.0934,3.47,ALERT
334.067,0.2829,0.1539,1.64,ALERT
334.1,0.2838,0.11,3.79,ALERT
334.133,0.2977,0.1747,-3.08,ALERT
334.167,0.3367,0.2088,-2.16,ALERT
334.2,0.2809,0.1872,-0.26,ALERT
334.233,0.3344,0.094,1.76,ALERT
334.267,0.3272,0.1443,-1.12,ALERT
334.3,0.2904,0.1465,-1.89,ALERT
334.333,0.3363,0.1021,0.72,ALERT
334.367,0.3032,0.1957,1.97,ALERT
334.4,0.3113,0.0867,-2.55,ALERT
334.433,0.2995,0.1934,2.83,ALERT
334.467,0.2968,0.1132,2.48,ALERT
334.5,0.3136,0.1231,-0.82,ALERT
334.533,0.3154,0.0917,-2.65,ALERT
334.567,0.2963,0.1447,-3.08,ALERT
334.6,0.292,0.1762,0.85,ALERT
334.633,0.2805,0.1373,2.9,ALERT
334.667,0.3308,0.1095,-0.03,ALERT
334.7,0.2989,0.1487,0.93,ALERT
334.733,0.2922,0.1731,-3.25,ALERT
334.767,0.3317,0.1238,0.94,ALERT
334.8,0.3047,0.1225,-0.84,ALERT
334.833,0.3399,0.1759,0.7,ALERT
334.867,0.3218,0.1338,2.46,ALERT
334.9,0.3025,0.1741,0.14,ALERT
334.933,0.3276,0.0877,3.38,ALERT
334.967,0.296,0.1958,3.08,ALERT
335.0,0.3063,0.2136,3.6,ALERT
335.033,0.2959,0.2023,-1.87,ALERT
335.067,0.2993,0.2153,0.81,ALERT
335.1,0.3078,0.2014,-1.87,ALERT
335.133,0.3164,0.1708,-3.59,ALERT
335.167,0.3027,0.1068,-0.29,ALERT
335.2,0.294,0.0985,0.82,ALERT
335.233,0.3156,0.1886,-0.07,ALERT
335.267,0.3168,0.1821,3.38,ALERT
335.3,0.3399,0.1094,-1.18,ALERT
335.333,0.2849,0.0987,2.3,ALERT
335.367,0.3275,0.1395,-0.31,ALERT
335.4,0.2934,0.2069,-0.97,ALERT
335.433,0.3166,0.0988,0.41,ALERT
335.467,0.3101,0.1054,0.87,ALERT
335.5,0.337,0.1294,-0.68,ALERT
335.533,0.336,0.2027,-3.87,ALERT
335.567,0.3013,0.1379,-0.16,ALERT
335.6,0.3081,0.1449,2.54,ALERT
335.633,0.2868,0.1567,-2.48,ALERT
335.667,0.2923,0.1119,3.31,ALERT
335.7,0.3224,0.1819,-0.3,ALERT
335.733,0.3081,0.1594,-1.75,ALERT
335.767,0.336,0.0978,3.56,ALERT
335.8,0.2842,0.1021,-1.58,ALERT
335.833,0.3156,0.1876,0.36,ALERT
335.867,0.2935,0.2005,-1.69,ALERT
335.9,0.291,0.1798,0.61,ALERT
335.933,0.3015,0.1156,-0.74,ALERT
335.967,0.3001,0.1187,-1.33,ALERT
336.0,0.3379,0.1857,-0.18,ALERT
336.033,0.328,0.153,2.18,ALERT
336.067,0.3303,0.1313,1.78,ALERT
336.1,0.3055,0.0823,1.21,ALERT
336.133,0.3019,0.1784,-3.82,ALERT
336.167,0.3312,0.1459,3.77,ALERT
336.2,0.2819,0.105,-3.73,ALERT
336.233,0.3101,0.1735,3.57,ALERT
336.267,0.3364,0.1264,-2.13,ALERT
336.3,0.3291,0.1068,-1.0,ALERT
336.333,0.3081,0.0944,2.51,ALERT
336.367,0.2845,0.181,2.89,ALERT
336.4,0.295,0.1421,-1.96,ALERT
336.433,0.2944,0.1219,-0.53,ALERT
336.467,0.3104,0.1183,-3.77,ALERT
336.5,0.3004,0.2062,-1.26,ALERT
336.533,0.3076,0.2134,3.5,ALERT
336.567,0.3182,0.1888,-0.67,ALERT
336.6,0.3333,0.176,-2.07,ALERT
336.633,0.2927,0.1894,-2.05,ALERT
336.667,0.2986,0.0826,3.8,ALERT
336.7,0.284,0.1457,-0.73,ALERT
336.733,0.3279,0.1324,-3.34,ALERT
336.767,0.2885,0.1063,0.5,ALERT
336.8,0.3132,0.1645,0.84,ALERT
336.833,0.2815,0.1679,-1.52,ALERT
336.867,0.2861,0.2191,1.67,ALERT
336.9,0.336,0.0922,-1.89,ALERT
336.933,0.2957,0.0874,-3.54,ALERT
336.967,0.3196,0.2012,2.88,ALERT
337.0,0.3197,0.1903,-1.83,ALERT
337.033,0.3219,0.1246,1.81,ALERT
337.067,0.3002,0.1865,0.86,ALERT
337.1,0.2984,0.1044,3.25,ALERT
337.133,0.2981,0.17,-1.38,ALERT
337.167,0.3133,0.1704,-3.53,ALERT
337.2,0.297,0.1718,-1.53,ALERT
337.233,0.3282,0.0857,-2.16,ALERT
337.267,0.2921,0.1134,2.73,ALERT
337.3,0.3122,0.167,1.75,ALERT
337.333,0.2847,0.1796,-2.14,ALERT
337.367,0.3132,0.1488,-1.05,ALERT
337.4,0.3197,0.1671,-0.15,ALERT
337.433,0.2911,0.0985,1.14,ALERT
337.467,0.2895,0.2141,0.06,ALERT
337.5,0.2847,0.1131,-3.11,ALERT
337.533,0.3234,0.0959,0.63,ALERT
337.567,0.3025,0.1614,2.45,ALERT
337.6,0.3243,0.2091,1.92,ALERT
337.633,0.3193,0.1595,-2.19,ALERT
337.667,0.324,0.2141,0.1,ALERT
337.7,0.285,0.1008,-1.07,ALERT
337.733,0.3381,0.085,1.51,ALERT
337.767,0.3055,0.1942,-0.04,ALERT
337.8,0.3148,0.195,-2.2,ALERT
337.833,0.3106,0.1897,-3.5,ALERT
337.867,0.3071,0.1587,2.24,ALERT
337.9,0.327,0.1809,-1.03,ALERT
337.933,0.3299,0.089,-2.09,ALERT
337.967,0.2916,0.106,-2.6,ALERT
338.0,0.3165,0.1129,-0.5,ALERT
338.033,0.2959,0.1119,-1.72,ALERT
338.067,0.2892,0.0986,-2.43,ALERT
338.1,0.3036,0.2011,3.43,ALERT
338.133,0.2904,0.0868,3.83,ALERT
338.167,0.3116,0.1767,2.23,ALERT
338.2,0.3371,0.1717,-2.34,ALERT
338.233,0.3249,0.2007,-0.43,ALERT
338.267,0.1423,0.1266,3.39,ALERT
338.3,0.2894,0.1862,-2.01,ALERT
338.333,0.3132,0.21,-2.27,ALERT
338.367,0.2808,0.1575,3.62,ALERT
338.4,0.3343,0.1216,-0.57,ALERT
338.433,0.3113,0.1718,0.02,ALERT
338.467,0.3049,0.1563,0.83,ALERT
338.5,0.3181,0.1907,-3.69,ALERT
338.533,0.2898,0.1937,1.95,ALERT
338.567,0.2866,0.128,2.07,ALERT
338.6,0.3086,0.0815,-2.39,ALERT
338.633,0.2914,0.1916,1.92,ALERT
338.667,0.331,0.086,2.18,ALERT
338.7,0.3018,0.084,1.04,ALERT
338.733,0.3072,0.1021,2.61,ALERT
338.767,0.3018,0.0863,3.74,ALERT
338.8,0.2927,0.1112,3.53,ALERT
338.833,0.2915,0.0873,-0.66,ALERT
338.867,0.3193,0.1397,1.31,ALERT
338.9,0.3226,0.1469,1.32,ALERT
338.933,0.297,0.2026,3.17,ALERT
338.967,0.3333,0.1659,0.92,ALERT
339.0,0.3316,0.1965,1.39,ALERT
339.033,0.318,0.1342,2.23,ALERT
339.067,0.2918,0.1448,-0.67,ALERT
339.1,0.3361,0.1462,2.48,ALERT
339.133,0.3247,0.2162,-0.11,ALERT
339.167,0.3384,0.1165,3.5,ALERT
339.2,0.3034,0.1237,3.01,ALERT
339.233,0.2822,0.1235,-0.43,ALERT
339.267,0.2936,0.1822,-0.66,ALERT
339.3,0.2854,0.1106,0.5,ALERT
339.333,0.3306,0.1048,3.02,ALERT
339.367,0.299,0.1546,-0.38,ALERT
339.4,0.2965,0.0804,-0.12,ALERT
339.433,0.3185,0.1871,-0.57,ALERT
339.467,0.3219,0.2055,2.09,ALERT
339.5,0.3126,0.2133,3.09,ALERT
339.533,0.1405,0.0893,1.54,ALERT
339.567,0.3172,0.1131,-2.02,ALERT
339.6,0.2861,0.2055,0.48,ALERT
339.633,0.2936,0.1887,-2.49,ALERT
339.667,0.3097,0.1562,-1.1,ALERT
339.7,0.2805,0.1885,2.31,ALERT
339.733,0.2906,0.1264,3.05,ALERT
339.767,0.2862,0.1135,3.76,ALERT
339.8,0.2861,0.1818,1.49,ALERT
339.833,0.2863,0.1232,-3.76,ALERT
339.867,0.3286,0.1158,2.64,ALERT
339.9,0.1499,0.2038,-2.2,ALERT
339.933,0.3049,0.0834,-2.49,ALERT
339.967,0.2874,0.1167,-1.86,ALERT
340.0,0.2982,0.1001,-1.12,ALERT
340.033,0.2955,0.148,-0.39,ALERT
340.067,0.2911,0.1794,3.66,ALERT
340.1,0.1531,0.0954,-0.05,ALERT
340.133,0.322,0.2104,-2.7,ALERT
340.167,0.2967,0.0856,-2.17,ALERT
340.2,0.3195,0.1777,0.53,ALERT
340.233,0.2972,0.0839,-1.56,ALERT
340.267,0.2946,0.0872,-3.79,ALERT
340.3,0.2835,0.1868,1.43,ALERT
340.333,0.2882,0.1215,3.15,ALERT
340.367,0.3336,0.0929,2.19,ALERT
340.4,0.3179,0.1825,3.8,ALERT
340.433,0.3116,0.1272,-0.18,ALERT
340.467,0.3026,0.1003,3.75,ALERT
340.5,0.2817,0.0876,-3.52,ALERT
340.533,0.2919,0.1102,2.19,ALERT
340.567,0.3313,0.1045,-1.0,ALERT
340.6,0.3267,0.1232,1.98,ALERT
340.633,0.3156,0.1482,-2.06,ALERT
340.667,0.2811,0.1474,2.23,ALERT
340.7,0.3195,0.1728,2.16,ALERT
340.733,0.3355,0.1893,-1.89,ALERT
340.767,0.3255,0.1185,-0.66,ALERT
340.8,0.333,0.159,1.38,ALERT
340.833,0.3331,0.1696,-2.92,ALERT
340.867,0.3097,0.1653,0.92,ALERT
340.9,0.3227,0.1759,3.32,ALERT
340.933,0.3047,0.174,-3.08,ALERT
340.967,0.3185,0.1972,1.46,ALERT
341.0,0.1511,0.1349,2.81,ALERT
341.033,0.3202,0.1115,3.84,ALERT
341.067,0.2811,0.1531,1.13,ALERT
341.1,0.3076,0.2104,2.28,ALERT
341.133,0.3209,0.1404,-1.49,ALERT
341.167,0.306,0.1219,3.35,ALERT
341.2,0.3018,0.1226,-2.5,ALERT
341.233,0.3051,0.1804,-2.03,ALERT
341.267,0.3136,0.1259,-1.5,ALERT
341.3,0.3151,0.1783,0.58,ALERT
341.333,0.3248,0.1356,-1.9,ALERT
341.367,0.2809,0.1209,-2.25,ALERT
341.4,0.3053,0.0863,-1.88,ALERT
341.433,0.328,0.1675,-3.54,ALERT
341.467,0.2846,0.1288,-0.36,ALERT
341.5,0.3111,0.1864,2.79,ALERT
341.533,0.3028,0.1464,-3.41,ALERT
341.567,0.2903,0.2133,1.07,ALERT
341.6,0.3299,0.11,-0.79,ALERT
341.633,0.3271,0.1147,-2.87,ALERT
341.667,0.2905,0.1989,-0.27,ALERT
341.7,0.2928,0.1777,-2.82,ALERT
341.733,0.3094,0.1491,1.39,ALERT
341.767,0.3325,0.0816,-0.28,ALERT
341.8,0.3276,0.1602,-3.85,ALERT
341.833,0.2945,0.1514,2.9,ALERT
341.867,0.3356,0.1728,-0.73,ALERT
341.9,0.2921,0.1401,-2.37,ALERT
341.933,0.2929,0.1429,2.64,ALERT
341.967,0.3232,0.1168,-3.33,ALERT
342.0,0.3281,0.169,2.67,ALERT
342.033,0.3085,0.1915,3.58,ALERT
342.067,0.2884,0.1937,-2.13,ALERT
342.1,0.3001,0.1311,-2.7,ALERT
342.133,0.3185,0.1435,1.1,ALERT
342.167,0.3376,0.1633,0.27,ALERT
342.2,0.3141,0.1769,-1.24,ALERT
342.233,0.3351,0.1866,-1.08,ALERT
342.267,0.2962,0.1888,0.58,ALERT
342.3,0.2975,0.1702,3.67,ALERT
342.333,0.2939,0.1147,3.64,ALERT
342.367,0.2919,0.1457,1.49,ALERT
342.4,0.308,0.1503,-1.19,ALERT
342.433,0.2809,0.1088,3.25,ALERT
342.467,0.3261,0.2013,-2.8,ALERT
342.5,0.3347,0.1151,-3.77,ALERT
342.533,0.3332,0.1465,-3.76,ALERT
342.567,0.3194,0.1165,2.5,ALERT
342.6,0.292,0.0896,-2.96,ALERT
342.633,0.3091,0.1291,-2.68,ALERT
342.667,0.2938,0.2172,3.74,ALERT
342.7,0.2829,0.1019,3.49,ALERT
342.733,0.3249,0.131,-2.46,ALERT
342.767,0.2804,0.0852,-1.51,ALERT
342.8,0.2819,0.1955,-0.8,ALERT
342.833,0.1343,0.102,1.94,ALERT
342.867,0.2901,0.2043,2.14,ALERT
342.9,0.3102,0.1649,-3.51,ALERT
342.933,0.2821,0.1928,-2.89,ALERT
342.967,0.2864,0.2137,2.27,ALERT
343.0,0.3241,0.1567,3.73,ALERT
343.033,0.313,0.165,-0.38,ALERT
343.067,0.3397,0.1303,3.22,ALERT
343.1,0.293,0.162,3.9,ALERT
343.133,0.3057,0.1298,-4.0,ALERT
343.167,0.3148,0.1577,2.07,ALERT
343.2,0.3127,0.0866,2.61,ALERT
343.233,0.331,0.1281,-1.32,ALERT
343.267,0.3078,0.13,2.37,ALERT
343.3,0.3221,0.209,0.86,ALERT
343.333,0.3237,0.1972,0.16,ALERT
343.367,0.3271,0.1624,0.8,ALERT
343.4,0.3171,0.1805,1.94,ALERT
343.433,0.2908,0.1493,3.05,ALERT
343.467,0.3075,0.1009,-3.61,ALERT
343.5,0.3017,0.1761,-3.41,ALERT
343.533,0.2914,0.083,0.84,ALERT
343.567,0.3399,0.1419,3.23,ALERT
343.6,0.32,0.0906,2.66,ALERT
343.633,0.2972,0.1185,-0.76,ALERT
343.667,0.3247,0.1089,-2.74,ALERT
343.7,0.3298,0.1032,3.6,ALERT
343.733,0.3207,0.1154,-3.57,ALERT
343.767,0.3094,0.2031,-0.33,ALERT
343.8,0.2821,0.1634,0.17,ALERT
343.833,0.3261,0.1173,0.77,ALERT
343.867,0.3188,0.0992,-2.33,ALERT
343.9,0.3023,0.1314,3.77,ALERT
343.933,0.3261,0.1693,-1.09,ALERT
343.967,0.1608,0.11,3.69,ALERT
344.0,0.3049,0.1651,-1.82,ALERT
344.033,0.3261,0.2159,-2.14,ALERT
344.067,0.2943,0.1924,2.79,ALERT
344.1,0.3381,0.16,2.06,ALERT
344.133,0.2967,0.1627,-0.82,ALERT
344.167,0.3292,0.1403,-0.76,ALERT
344.2,0.287,0.1797,2.08,ALERT
344.233,0.2911,0.2108,-1.97,ALERT
344.267,0.2897,0.096,3.01,ALERT
344.3,0.2932,0.0859,0.25,ALERT
344.333,0.303,0.2194,-2.56,ALERT
344.367,0.3094,0.2082,-0.54,ALERT
344.4,0.3162,0.1877,3.53,ALERT
344.433,0.3151,0.1723,-0.2,ALERT
344.467,0.3126,0.1853,1.64,ALERT
344.5,0.2812,0.175,-1.54,ALERT
344.533,0.3218,0.1512,0.6,ALERT
344.567,0.2922,0.1618,1.69,ALERT
344.6,0.3094,0.2177,2.86,ALERT
344.633,0.3095,0.1515,-3.08,ALERT
344.667,0.158,0.1994,-3.41,ALERT
344.7,0.3371,0.1656,-2.78,ALERT
344.733,0.2862,0.1965,-1.66,ALERT
344.767,0.3391,0.1618,2.92,ALERT
344.8,0.2996,0.1854,-3.67,ALERT
344.833,0.3016,0.2107,-1.06,ALERT
344.867,0.2973,0.1344,1.51,ALERT
344.9,0.2802,0.1064,-0.33,ALERT
344.933,0.2986,0.1075,-0.13,ALERT
344.967,0.3128,0.1162,-1.21,ALERT
345.0,0.3386,0.1134,-3.72,ALERT
345.033,0.3045,0.1391,-2.21,ALERT
345.067,0.335,0.2004,-0.79,ALERT
345.1,0.2913,0.1228,2.89,ALERT
345.133,0.3147,0.1648,-2.39,ALERT
345.167,0.2909,0.1521,1.36,ALERT
345.2,0.3118,0.2004,-3.27,ALERT
345.233,0.317,0.1744,-3.08,ALERT
345.267,0.2803,0.1959,-1.4,ALERT
345.3,0.2976,0.1772,3.9,ALERT
345.333,0.311,0.1096,-0.16,ALERT
345.367,0.3368,0.2174,-1.82,ALERT
345.4,0.3399,0.1092,-3.43,ALERT
345.433,0.3193,0.1543,0.88,ALERT
345.467,0.3042,0.0805,-1.33,ALERT
345.5,0.2895,0.1565,1.38,ALERT
345.533,0.3164,0.2182,-2.25,ALERT
345.567,0.2879,0.1103,1.81,ALERT
345.6,0.336,0.1675,-2.95,ALERT
345.633,0.2915,0.1,3.45,ALERT
345.667,0.2859,0.1658,1.65,ALERT
345.7,0.3183,0.1605,-1.65,ALERT
345.733,0.3373,0.0819,-2.13,ALERT
345.767,0.3325,0.1134,3.07,ALERT
345.8,0.2914,0.1295,-3.4,ALERT
345.833,0.2939,0.2132,0.38,ALERT
345.867,0.3288,0.0846,2.4,ALERT
345.9,0.3195,0.1679,-0.86,ALERT
345.933,0.2952,0.2174,0.18,ALERT
345.967,0.2915,0.1189,-2.18,ALERT
346.0,0.2839,0.1552,-2.37,ALERT
346.033,0.3326,0.1526,0.66,ALERT
346.067,0.3185,0.1717,0.08,ALERT
346.1,0.2943,0.2135,-3.77,ALERT
346.133,0.2956,0.0861,-2.43,ALERT
346.167,0.3016,0.1601,0.24,ALERT
346.2,0.3324,0.1834,0.63,ALERT
346.233,0.2847,0.1137,0.18,ALERT
346.267,0.3177,0.1106,-2.66,ALERT
346.3,0.313,0.1899,-2.09,ALERT
346.333,0.2899,0.2037,0.76,ALERT
346.367,0.2838,0.2079,-0.65,ALERT
346.4,0.315,0.2035,-2.59,ALERT
346.433,0.3132,0.0994,1.97,ALERT
346.467,0.3081,0.1483,-0.08,ALERT
346.5,0.2809,0.127,2.74,ALERT
346.533,0.3288,0.1107,0.28,ALERT
346.567,0.3174,0.0998,0.28,ALERT
346.6,0.1553,0.1324,-1.99,ALERT
346.633,0.3279,0.1413,-0.03,ALERT
346.667,0.318,0.1006,1.19,ALERT
346.7,0.3088,0.1614,-0.26,ALERT
346.733,0.317,0.1976,-0.52,ALERT
346.767,0.2993,0.1154,-2.51,ALERT
346.8,0.3243,0.1845,-1.28,ALERT
346.833,0.2867,0.1729,-0.55,ALERT
346.867,0.325,0.0941,0.38,ALERT
346.9,0.3184,0.1257,-3.27,ALERT
346.933,0.3246,0.2122,2.71,ALERT
346.967,0.2825,0.218,1.1,ALERT
347.0,0.1496,0.1351,2.69,ALERT
347.033,0.3123,0.1045,0.37,ALERT
347.067,0.2841,0.1654,2.73,ALERT
347.1,0.319,0.1827,-0.75,ALERT
347.133,0.3151,0.1681,-2.02,ALERT
347.167,0.3037,0.1308,-3.37,ALERT
347.2,0.3066,0.2134,2.09,ALERT
347.233,0.3313,0.1002,1.51,ALERT
347.267,0.3276,0.0956,3.5,ALERT
347.3,0.2876,0.1654,-3.14,ALERT
347.333,0.3237,0.1501,2.18,ALERT
347.367,0.3365,0.1573,-3.12,ALERT
347.4,0.3203,0.0869,2.44,ALERT
347.433,0.289,0.1188,0.85,ALERT
347.467,0.328,0.1924,-1.61,ALERT
347.5,0.3199,0.2153,-0.61,ALERT
347.533,0.3269,0.0862,-2.59,ALERT
347.567,0.2836,0.1032,-3.88,ALERT
347.6,0.3127,0.1568,0.96,ALERT
347.633,0.3289,0.1703,1.2,ALERT
347.667,0.1775,0.2137,-2.1,ALERT
347.7,0.3109,0.1774,-1.94,ALERT
347.733,0.3305,0.1232,-1.53,ALERT
347.767,0.3167,0.1975,1.51,ALERT
347.8,0.3072,0.2053,-2.79,ALERT
347.833,0.2831,0.1407,2.04,ALERT
347.867,0.2907,0.1143,-1.95,ALERT
347.9,0.2885,0.1952,-2.0,ALERT
347.933,0.3216,0.1356,1.19,ALERT
347.967,0.3025,0.1064,-2.56,ALERT
348.0,0.3287,0.1577,2.3,ALERT
348.033,0.3005,0.0827,2.77,ALERT
348.067,0.2884,0.1832,-1.0,ALERT
348.1,0.3048,0.0831,3.94,ALERT
348.133,0.2857,0.183,0.85,ALERT
348.167,0.3269,0.1659,1.22,ALERT
348.2,0.326,0.1262,-2.14,ALERT
348.233,0.3025,0.1428,-3.85,ALERT
348.267,0.3072,0.1532,3.53,ALERT
348.3,0.3063,0.1855,0.27,ALERT
348.333,0.306,0.1912,0.55,ALERT
348.367,0.2948,0.0842,3.2,ALERT
348.4,0.3043,0.1748,-2.51,ALERT
348.433,0.3316,0.1627,3.38,ALERT
348.467,0.3126,0.0954,-0.02,ALERT
348.5,0.2909,0.2045,0.76,ALERT
348.533,0.3097,0.0811,-0.03,ALERT
348.567,0.2969,0.2031,0.42,ALERT
348.6,0.3263,0.1522,3.09,ALERT
348.633,0.313,0.1048,-3.07,ALERT
348.667,0.3197,0.1255,-2.52,ALERT
348.7,0.3367,0.0803,-2.31,ALERT
348.733,0.3014,0.1565,3.88,ALERT
348.767,0.3216,0.1497,-3.87,ALERT
348.8,0.3175,0.1604,-2.9,ALERT
348.833,0.3384,0.1697,-1.96,ALERT
348.867,0.3296,0.1807,-1.31,ALERT
348.9,0.2983,0.1191,-3.22,ALERT
348.933,0.293,0.1404,2.6,ALERT
348.967,0.2955,0.1383,-0.79,ALERT
349.0,0.3275,0.1239,-3.5,ALERT
349.033,0.2887,0.2175,-1.22,ALERT
349.067,0.2958,0.1153,2.46,ALERT
349.1,0.3212,0.1227,-3.52,ALERT
349.133,0.2984,0.1569,2.08,ALERT
349.167,0.3073,0.1244,-1.15,ALERT
349.2,0.2837,0.0902,-2.67,ALERT
349.233,0.3098,0.1895,-0.69,ALERT
349.267,0.2848,0.1507,3.91,ALERT
349.3,0.3074,0.1348,3.52,ALERT
349.333,0.3067,0.0891,2.88,ALERT
349.367,0.3353,0.1319,3.59,ALERT
349.4,0.3059,0.1696,-0.42,ALERT
349.433,0.2832,0.1806,-0.38,ALERT
349.467,0.2934,0.1777,-0.71,ALERT
349.5,0.3087,0.1029,-2.41,ALERT
349.533,0.3047,0.1278,3.76,ALERT
349.567,0.3284,0.1947,1.42,ALERT
349.6,0.1723,0.1391,2.45,ALERT
349.633,0.2984,0.17,1.44,ALERT
349.667,0.3233,0.2031,-2.65,ALERT
349.7,0.3128,0.1002,0.35,ALERT
349.733,0.2933,0.1178,-0.49,ALERT
349.767,0.3011,0.1131,1.57,ALERT
349.8,0.3394,0.1071,2.98,ALERT
349.833,0.2841,0.1535,-3.59,ALERT
349.867,0.2803,0.2017,1.83,ALERT
349.9,0.3068,0.0801,0.87,ALERT
349.933,0.2837,0.2094,3.47,ALERT
349.967,0.2814,0.0973,-1.56,ALERT
350.0,0.3037,0.1918,0.68,ALERT
350.033,0.2853,0.2072,1.23,ALERT
350.067,0.3209,0.1678,0.68,ALERT
350.1,0.2871,0.1679,0.51,ALERT
350.133,0.3072,0.1487,-0.64,ALERT
350.167,0.3057,0.0956,3.99,ALERT
350.2,0.3229,0.1738,0.95,ALERT
350.233,0.3191,0.111,-3.93,ALERT
350.267,0.2803,0.1341,0.84,ALERT
350.3,0.3096,0.1529,1.07,ALERT
350.333,0.2875,0.1635,1.47,ALERT
350.367,0.3121,0.1627,0.86,ALERT
350.4,0.2844,0.1582,-3.78,ALERT
350.433,0.2942,0.1829,0.85,ALERT
350.467,0.3207,0.0838,2.69,ALERT
350.5,0.3127,0.123,-2.66,ALERT
350.533,0.2964,0.0961,2.98,ALERT
350.567,0.321,0.2053,-1.54,ALERT
350.6,0.283,0.143,-0.81,ALERT
350.633,0.3228,0.2154,-1.41,ALERT
350.667,0.285,0.1871,3.42,ALERT
350.7,0.3175,0.1342,-1.77,ALERT
350.733,0.3113,0.0923,3.55,ALERT
350.767,0.2965,0.1493,2.31,ALERT
350.8,0.3294,0.1915,2.51,ALERT
350.833,0.3154,0.1842,0.6,ALERT
350.867,0.2906,0.1109,3.88,ALERT
350.9,0.2957,0.1354,-1.53,ALERT
350.933,0.1421,0.2002,0.95,ALERT
350.967,0.2936,0.1888,-0.73,ALERT
351.0,0.3022,0.2006,-2.1,ALERT
351.033,0.3319,0.1717,2.11,ALERT
351.067,0.3318,0.1773,-0.77,ALERT
351.1,0.3187,0.1866,-1.08,ALERT
351.133,0.2964,0.1458,0.41,ALERT
351.167,0.3118,0.0838,-0.35,ALERT
351.2,0.2948,0.2021,-2.86,ALERT
351.233,0.2994,0.0817,3.23,ALERT
351.267,0.312,0.2085,0.27,ALERT
351.3,0.3354,0.1295,-3.6,ALERT
351.333,0.3238,0.1374,3.36,ALERT
351.367,0.3379,0.1173,2.3,ALERT
351.4,0.2938,0.0911,1.48,ALERT
351.433,0.3093,0.1693,-2.88,ALERT
351.467,0.3308,0.1142,-0.4,ALERT
351.5,0.3284,0.1084,-3.04,ALERT
351.533,0.3267,0.1984,2.0,ALERT
351.567,0.2923,0.091,-2.82,ALERT
351.6,0.2995,0.2162,2.2,ALERT
351.633,0.3262,0.1192,-2.54,ALERT
351.667,0.3126,0.1364,1.6,ALERT
351.7,0.3165,0.182,2.67,ALERT
351.733,0.3285,0.1476,-0.78,ALERT
351.767,0.3226,0.1729,-0.96,ALERT
351.8,0.2829,0.0867,-0.44,ALERT
351.833,0.2804,0.1974,-0.05,ALERT
351.867,0.307,0.1742,-0.72,ALERT
351.9,0.3163,0.1232,-1.15,ALERT
351.933,0.2825,0.1196,1.44,ALERT
351.967,0.3065,0.1933,-4.0,ALERT
352.0,0.3322,0.0829,3.34,ALERT
352.033,0.3398,0.1176,-0.68,ALERT
352.067,0.3328,0.218,-3.61,ALERT
352.1,0.3328,0.1904,1.22,ALERT
352.133,0.3183,0.1583,1.9,ALERT
352.167,0.2887,0.184,-1.33,ALERT
352.2,0.3229,0.1015,2.82,ALERT
352.233,0.2894,0.136,3.59,ALERT
352.267,0.2891,0.1044,0.08,ALERT
352.3,0.3381,0.1624,-3.54,ALERT
352.333,0.2838,0.1122,-0.73,ALERT
352.367,0.3185,0.103,-0.97,ALERT
352.4,0.309,0.2173,3.61,ALERT
352.433,0.2997,0.1781,1.6,ALERT
352.467,0.2833,0.1132,2.19,ALERT
352.5,0.3031,0.1773,0.16,ALERT
352.533,0.3069,0.22,-2.25,ALERT
352.567,0.2967,0.1102,-2.55,ALERT
352.6,0.295,0.2135,-1.74,ALERT
352.633,0.3183,0.2114,0.61,ALERT
352.667,0.2945,0.2194,-1.09,ALERT
352.7,0.2807,0.2033,-2.6,ALERT
352.733,0.3221,0.1297,-3.43,ALERT
352.767,0.3363,0.1317,-3.5,ALERT
352.8,0.2805,0.2198,3.32,ALERT
352.833,0.289,0.1794,1.68,ALERT
352.867,0.3305,0.1588,0.63,ALERT
352.9,0.3095,0.1057,2.86,ALERT
352.933,0.281,0.0898,1.81,ALERT
352.967,0.2957,0.1819,-3.5,ALERT
353.0,0.3399,0.1665,3.82,ALERT
353.033,0.3094,0.1131,-2.81,ALERT
353.067,0.3017,0.1002,0.56,ALERT
353.1,0.2818,0.1889,-2.46,ALERT
353.133,0.3052,0.0821,-2.48,ALERT
353.167,0.3286,0.2022,-1.32,ALERT
353.2,0.3321,0.1818,-1.16,ALERT
353.233,0.3342,0.0892,2.32,ALERT
353.267,0.3138,0.1024,-3.72,ALERT
353.3,0.3283,0.1907,0.06,ALERT
353.333,0.3314,0.1368,2.39,ALERT
353.367,0.3121,0.1582,-3.1,ALERT
353.4,0.3346,0.208,0.43,ALERT
353.433,0.3007,0.1316,0.61,ALERT
353.467,0.3329,0.1741,2.48,ALERT
353.5,0.3138,0.1973,-2.24,ALERT
353.533,0.3057,0.1741,-2.35,ALERT
353.567,0.2924,0.1495,0.84,ALERT
353.6,0.3091,0.1963,-1.17,ALERT
353.633,0.3129,0.1649,3.33,ALERT
353.667,0.3049,0.1365,3.73,ALERT
353.7,0.3376,0.1848,2.47,ALERT
353.733,0.3279,0.1889,-0.75,ALERT
353.767,0.2809,0.2163,2.14,ALERT
353.8,0.2827,0.2096,3.41,ALERT
353.833,0.3185,0.0829,-0.22,ALERT
353.867,0.3124,0.0948,-2.7,ALERT
353.9,0.33,0.0872,2.18,ALERT
353.933,0.3096,0.1706,1.9,ALERT
353.967,0.3024,0.2179,-0.52,ALERT
354.0,0.3124,0.2031,2.66,ALERT
354.033,0.3311,0.1216,1.33,ALERT
354.067,0.3229,0.182,0.22,ALERT
354.1,0.2993,0.1564,-3.77,ALERT
354.133,0.3247,0.0909,0.99,ALERT
354.167,0.2804,0.0818,1.22,ALERT
354.2,0.3319,0.1064,-1.42,ALERT
354.233,0.3009,0.093,2.04,ALERT
354.267,0.3045,0.1505,1.15,ALERT
354.3,0.2874,0.0863,-1.0,ALERT
354.333,0.3253,0.1177,-3.11,ALERT
354.367,0.3294,0.1207,-2.77,ALERT
354.4,0.3023,0.1609,2.86,ALERT
354.433,0.2848,0.1104,-3.26,ALERT
354.467,0.1247,0.0897,-0.54,ALERT
354.5,0.2974,0.1433,-0.18,ALERT
354.533,0.2867,0.2148,-1.85,ALERT
354.567,0.3134,0.1976,-1.49,ALERT
354.6,0.3354,0.1731,-1.15,ALERT
354.633,0.3397,0.176,-0.83,ALERT
354.667,0.3349,0.2161,0.97,ALERT
354.7,0.288,0.1475,-0.98,ALERT
354.733,0.2958,0.182,-2.37,ALERT
354.767,0.3101,0.1639,-2.81,ALERT
354.8,0.3358,0.1638,2.42,ALERT
354.833,0.2813,0.1123,0.37,ALERT
354.867,0.313,0.2169,-2.31,ALERT
354.9,0.3324,0.1507,-2.13,ALERT
354.933,0.3359,0.1966,0.51,ALERT
354.967,0.3061,0.1072,-1.76,ALERT
355.0,0.2858,0.0929,-2.1,ALERT
355.033,0.2987,0.1911,-0.85,ALERT
355.067,0.3286,0.1674,-2.7,ALERT
355.1,0.3019,0.1237,-1.15,ALERT
355.133,0.2951,0.1964,2.9,ALERT
355.167,0.3293,0.2089,-0.44,ALERT
355.2,0.313,0.1113,-1.15,ALERT
355.233,0.3137,0.1132,1.67,ALERT
355.267,0.2941,0.1048,3.49,ALERT
355.3,0.302,0.1562,3.73,ALERT
355.333,0.3046,0.2101,3.06,ALERT
355.367,0.2909,0.198,1.32,ALERT
355.4,0.2856,0.1317,-0.65,ALERT
355.433,0.3152,0.1411,-1.0,ALERT
355.467,0.3329,0.1542,-0.77,ALERT
355.5,0.3138,0.1094,3.5,ALERT
355.533,0.2812,0.1343,1.75,ALERT
355.567,0.3277,0.1883,0.0,ALERT
355.6,0.3376,0.1876,-0.14,ALERT
355.633,0.2971,0.1534,-1.87,ALERT
355.667,0.3135,0.18,-2.7,ALERT
355.7,0.3304,0.154,-0.85,ALERT
355.733,0.2801,0.2032,1.64,ALERT
355.767,0.3044,0.1079,0.91,ALERT
355.8,0.3051,0.2131,-3.71,ALERT
355.833,0.3302,0.1064,-1.31,ALERT
355.867,0.2928,0.205,1.41,ALERT
355.9,0.3311,0.2121,-1.48,ALERT
355.933,0.3086,0.0903,3.1,ALERT
355.967,0.3274,0.1593,-0.34,ALERT
356.0,0.2979,0.1043,2.38,ALERT
356.033,0.2909,0.1501,-0.2,ALERT
356.067,0.3396,0.1591,1.27,ALERT
356.1,0.3136,0.143,1.7,ALERT
356.133,0.2991,0.1219,2.36,ALERT
356.167,0.3371,0.1302,0.67,ALERT
356.2,0.3059,0.0816,-2.37,ALERT
356.233,0.3328,0.1621,2.03,ALERT
356.267,0.2908,0.1759,-1.79,ALERT
356.3,0.2905,0.2064,-2.27,ALERT
356.333,0.3192,0.2055,0.91,ALERT
356.367,0.3276,0.1996,1.03,ALERT
356.4,0.3248,0.1571,-2.11,ALERT
356.433,0.2851,0.1737,1.83,ALERT
356.467,0.2881,0.1512,-0.84,ALERT
356.5,0.316,0.1581,0.76,ALERT
356.533,0.2885,0.1216,-3.21,ALERT
356.567,0.3285,0.1441,-2.57,ALERT
356.6,0.3391,0.0852,-0.84,ALERT
356.633,0.3087,0.1353,3.69,ALERT
356.667,0.3178,0.1196,-2.5,ALERT
356.7,0.2889,0.1278,0.15,ALERT
356.733,0.3251,0.0813,0.96,ALERT
356.767,0.301,0.1208,-3.48,ALERT
356.8,0.2828,0.1474,-1.01,ALERT
356.833,0.3006,0.1739,-0.85,ALERT
356.867,0.3309,0.1385,-3.16,ALERT
356.9,0.2953,0.1976,1.51,ALERT
356.933,0.3275,0.1118,1.5,ALERT
356.967,0.2896,0.1308,2.71,ALERT
357.0,0.2994,0.0971,-3.87,ALERT
357.033,0.304,0.2188,3.85,ALERT
357.067,0.3072,0.1175,-0.37,ALERT
357.1,0.2827,0.1557,0.14,ALERT
357.133,0.3068,0.1382,-3.68,ALERT
357.167,0.2845,0.1437,-1.44,ALERT
357.2,0.2889,0.118,-2.65,ALERT
357.233,0.2837,0.1378,0.34,ALERT
357.267,0.3127,0.1635,2.56,ALERT
357.3,0.3066,0.1904,-3.86,ALERT
357.333,0.3186,0.2069,1.31,ALERT
357.367,0.3107,0.1586,2.24,ALERT
357.4,0.3282,0.0976,-3.72,ALERT
357.433,0.2981,0.1669,-3.73,ALERT
357.467,0.3373,0.0879,0.15,ALERT
357.5,0.287,0.0885,1.2,ALERT
357.533,0.3287,0.1574,3.06,ALERT
357.567,0.2927,0.2076,2.5,ALERT
357.6,0.2863,0.1154,3.42,ALERT
357.633,0.3098,0.1677,-0.74,ALERT
357.667,0.3302,0.1471,-3.74,ALERT
357.7,0.3136,0.1545,-3.69,ALERT
357.733,0.3029,0.1353,3.77,ALERT
357.767,0.3146,0.1467,-2.26,ALERT
357.8,0.1216,0.1959,-3.72,ALERT
357.833,0.288,0.1926,2.76,ALERT
357.867,0.3336,0.1548,2.42,ALERT
357.9,0.332,0.0818,-1.23,ALERT
357.933,0.3342,0.1154,-3.36,ALERT
357.967,0.2939,0.0948,-2.82,ALERT
358.0,0.2864,0.2135,3.03,ALERT
358.033,0.2911,0.1252,1.39,ALERT
358.067,0.2878,0.1618,1.04,ALERT
358.1,0.3348,0.1053,1.09,ALERT
358.133,0.2944,0.0878,2.11,ALERT
358.167,0.3,0.1718,-0.75,ALERT
358.2,0.3014,0.1472,-0.32,ALERT
358.233,0.3359,0.1443,2.73,ALERT
358.267,0.282,0.0842,1.98,ALERT
358.3,0.3165,0.1735,-1.95,ALERT
358.333,0.3229,0.0993,-2.02,ALERT
358.367,0.3293,0.1106,0.88,ALERT
358.4,0.3339,0.1155,2.93,ALERT
358.433,0.2885,0.2167,-3.63,ALERT
358.467,0.3277,0.1753,2.45,ALERT
358.5,0.1643,0.1768,1.11,ALERT
358.533,0.313,0.1266,0.14,ALERT
358.567,0.3148,0.1179,3.01,ALERT
358.6,0.3097,0.1057,0.2,ALERT
358.633,0.3278,0.1258,-2.58,ALERT
358.667,0.3074,0.0901,3.93,ALERT
358.7,0.3185,0.0986,-1.45,ALERT
358.733,0.3112,0.1504,2.89,ALERT
358.767,0.2921,0.158,0.78,ALERT
358.8,0.3142,0.1056,-1.21,ALERT
358.833,0.2819,0.1775,-2.34,ALERT
358.867,0.2809,0.134,3.54,ALERT
358.9,0.3024,0.1437,0.16,ALERT
358.933,0.3071,0.109,-3.57,ALERT
358.967,0.305,0.2045,3.67,ALERT
359.0,0.2896,0.1478,-2.45,ALERT
359.033,0.3347,0.1813,3.7,ALERT
359.067,0.3398,0.1931,-2.21,ALERT
359.1,0.3232,0.093,-3.39,ALERT
359.133,0.2939,0.123,-0.81,ALERT
359.167,0.3314,0.1937,-2.23,ALERT
359.2,0.3066,0.1341,-2.24,ALERT
359.233,0.3225,0.1097,3.61,ALERT
359.267,0.2989,0.1236,3.73,ALERT
359.3,0.3142,0.149,3.75,ALERT
359.333,0.2887,0.1992,-0.89,ALERT
359.367,0.3385,0.1858,2.2,ALERT
359.4,0.2979,0.2157,-2.1,ALERT
359.433,0.2934,0.1149,-0.17,ALERT
359.467,0.3048,0.141,3.98,ALERT
359.5,0.313,0.1343,-2.71,ALERT
359.533,0.2892,0.1925,-3.93,ALERT
359.567,0.2835,0.1353,-2.19,ALERT
359.6,0.145,0.1938,-2.46,ALERT
359.633,0.2854,0.1554,-2.35,ALERT
359.667,0.3032,0.0921,-1.59,ALERT
359.7,0.2846,0.2077,-0.61,ALERT
359.733,0.2957,0.1014,-0.19,ALERT
359.767,0.2918,0.0985,1.54,ALERT
359.8,0.2999,0.1813,3.6,ALERT
359.833,0.2883,0.1884,-1.69,ALERT
359.867,0.3336,0.1613,2.41,ALERT
359.9,0.3259,0.1775,0.95,ALERT
359.933,0.3368,0.1904,3.85,ALERT
359.967,0.2803,0.1589,1.4,ALERT
360.0,0.2895,0.0939,-0.68,ALERT
360.033,0.3164,0.1377,3.57,ALERT
360.067,0.2864,0.1643,0.58,ALERT
360.1,0.3039,0.179,-1.6,ALERT
360.133,0.3031,0.082,-2.55,ALERT
360.167,0.3376,0.1221,-2.16,ALERT
360.2,0.2893,0.219,3.64,ALERT
360.233,0.2914,0.1772,-1.67,ALERT
360.267,0.3379,0.1788,2.19,ALERT
360.3,0.3307,0.136,1.14,ALERT
360.333,0.2859,0.1427,2.3,ALERT
360.367,0.3056,0.1505,-0.31,ALERT
360.4,0.3147,0.2109,-2.01,ALERT
360.433,0.2848,0.1801,0.73,ALERT
360.467,0.2858,0.0926,0.27,ALERT
360.5,0.3057,0.1573,-2.5,ALERT
360.533,0.3338,0.1016,-2.44,ALERT
360.567,0.2858,0.1533,1.42,ALERT
360.6,0.2966,0.1868,0.45,ALERT
360.633,0.3222,0.2039,2.2,ALERT
360.667,0.292,0.1978,-0.64,ALERT
360.7,0.3093,0.1711,3.64,ALERT
360.733,0.3305,0.1743,-3.26,ALERT
360.767,0.3235,0.1353,-1.38,ALERT
360.8,0.337,0.1626,1.19,ALERT
360.833,0.3023,0.0876,-2.42,ALERT
360.867,0.3092,0.1485,3.33,ALERT
360.9,0.2811,0.2072,-2.45,ALERT
360.933,0.3334,0.1788,-0.83,ALERT
360.967,0.2988,0.0863,-3.61,ALERT
361.0,0.3169,0.1175,-3.78,ALERT
361.033,0.299,0.0822,2.93,ALERT
361.067,0.2841,0.1565,3.71,ALERT
361.1,0.3081,0.1422,2.61,ALERT
361.133,0.3023,0.1361,0.86,ALERT
361.167,0.287,0.1066,1.79,ALERT
361.2,0.3081,0.1465,3.88,ALERT
361.233,0.3189,0.1569,0.81,ALERT
361.267,0.3282,0.1779,3.99,ALERT
361.3,0.3249,0.2034,-4.0,ALERT
361.333,0.0828,0.1206,-16.87,CRITICAL
361.367,0.1388,0.1318,-17.27,CRITICAL
361.4,0.1366,0.1685,-20.66,CRITICAL
361.433,0.1307,0.2534,-20.98,CRITICAL
361.467,0.1002,0.2382,-16.77,CRITICAL
361.5,0.1346,0.2378,-24.16,CRITICAL
361.533,0.1313,0.1308,-24.97,CRITICAL
361.567,0.1009,0.2598,-22.27,CRITICAL
361.6,0.1158,0.2538,-20.84,CRITICAL
361.633,0.0994,0.1223,-16.5,CRITICAL
361.667,0.0931,0.1292,-24.03,CRITICAL
361.7,0.124,0.1275,-21.11,CRITICAL
361.733,0.1055,0.2006,-15.89,CRITICAL
361.767,0.0959,0.264,-16.58,CRITICAL
361.8,0.1082,0.1139,-18.14,CRITICAL
361.833,0.1379,0.2218,-23.33,CRITICAL
361.867,0.1312,0.1778,-17.59,CRITICAL
361.9,0.1366,0.1887,-21.94,CRITICAL
361.933,0.0932,0.1859,-24.95,CRITICAL
361.967,0.1382,0.1227,-18.68,CRITICAL
362.0,0.0968,0.1387,-15.6,CRITICAL
362.033,0.1119,0.1389,-15.94,CRITICAL
362.067,0.114,0.1388,-23.48,CRITICAL
362.1,0.1144,0.2746,-15.1,CRITICAL
362.133,0.1386,0.2123,-18.92,CRITICAL
362.167,0.0952,0.1417,-19.17,CRITICAL
362.2,0.082,0.1653,-15.3,CRITICAL
362.233,0.112,0.1897,-23.87,CRITICAL
362.267,0.0813,0.2964,-19.17,CRITICAL
362.3,0.0841,0.1232,-17.12,CRITICAL
362.333,0.1012,0.1455,-15.25,CRITICAL
362.367,0.1245,0.1176,-17.83,CRITICAL
362.4,0.0979,0.2001,-19.81,CRITICAL
362.433,0.1309,0.2193,-24.2,CRITICAL
362.467,0.1341,0.2505,-19.75,CRITICAL
362.5,0.121,0.1278,-15.66,CRITICAL
362.533,0.1125,0.22,-24.49,CRITICAL
362.567,0.1105,0.2147,-22.89,CRITICAL
362.6,0.0968,0.1013,-22.8,CRITICAL
362.633,0.0913,0.2338,-22.77,CRITICAL
362.667,0.1184,0.1013,-18.99,CRITICAL
362.7,0.1108,0.1549,-20.17,CRITICAL
362.733,0.0852,0.1324,-21.32,CRITICAL
362.767,0.0974,0.2737,-23.76,CRITICAL
362.8,0.1331,0.2605,-18.02,CRITICAL
362.833,0.1086,0.104,-21.66,CRITICAL
362.867,0.0826,0.2439,-22.02,CRITICAL
362.9,0.1167,0.1185,-18.98,CRITICAL
362.933,0.1259,0.1213,-19.89,CRITICAL
362.967,0.0826,0.182,-16.33,CRITICAL
363.0,0.1259,0.1404,-18.56,CRITICAL
363.033,0.1256,0.1754,-20.5,CRITICAL
363.067,0.1344,0.1491,-18.57,CRITICAL
363.1,0.1213,0.2043,-24.2,CRITICAL
363.133,0.1106,0.2091,-15.53,CRITICAL
363.167,0.0852,0.1738,-18.1,CRITICAL
363.2,0.1089,0.2812,-20.26,CRITICAL
363.233,0.1384,0.2304,-18.41,CRITICAL
363.267,0.1329,0.2721,-23.38,CRITICAL
363.3,0.1117,0.2803,-15.02,CRITICAL
363.333,0.1085,0.2051,-16.1,CRITICAL
363.367,0.0828,0.1659,-22.38,CRITICAL
363.4,0.1202,0.1089,-20.39,CRITICAL
363.433,0.1272,0.216,-20.97,CRITICAL
363.467,0.1099,0.2605,-16.92,CRITICAL
363.5,0.0967,0.1298,-20.4,CRITICAL
363.533,0.1314,0.2998,-19.36,CRITICAL
363.567,0.1231,0.1091,-24.29,CRITICAL
363.6,0.1293,0.1473,-23.8,CRITICAL
363.633,0.0822,0.1452,-18.59,CRITICAL
363.667,0.0844,0.296,-24.66,CRITICAL
363.7,0.093,0.2214,-17.01,CRITICAL
363.733,0.0876,0.1775,-23.76,CRITICAL
363.767,0.1323,0.2575,-24.75,CRITICAL
363.8,0.1079,0.2479,-15.7,CRITICAL
363.833,0.0873,0.2692,-23.63,CRITICAL
363.867,0.0915,0.2495,-16.68,CRITICAL
363.9,0.1343,0.2699,-16.16,CRITICAL
363.933,0.1077,0.1561,-17.81,CRITICAL
363.967,0.1218,0.2499,-17.65,CRITICAL
364.0,0.1075,0.116,-22.86,CRITICAL
364.033,0.1245,0.2481,-20.69,CRITICAL
364.067,0.1166,0.2917,-16.45,CRITICAL
364.1,0.1188,0.2138,-24.82,CRITICAL
364.133,0.1113,0.1298,-20.58,CRITICAL
364.167,0.0851,0.2143,-24.38,CRITICAL
364.2,0.1173,0.2513,-21.36,CRITICAL
364.233,0.1233,0.2873,-19.51,CRITICAL
364.267,0.0899,0.2138,-17.8,CRITICAL
364.3,0.1028,0.2839,-17.16,CRITICAL
364.333,0.1112,0.2392,-16.42,CRITICAL
364.367,0.0854,0.2295,-24.31,CRITICAL
364.4,0.0966,0.1757,-20.02,CRITICAL
364.433,0.1398,0.2024,-21.61,CRITICAL
364.467,0.1311,0.1884,-23.43,CRITICAL
364.5,0.1373,0.2911,-18.05,CRITICAL
364.533,0.096,0.1512,-23.97,CRITICAL
364.567,0.0909,0.2191,-19.51,CRITICAL
364.6,0.0966,0.1741,-18.24,CRITICAL
364.633,0.1176,0.1108,-24.25,CRITICAL
364.667,0.1322,0.1901,-20.43,CRITICAL
364.7,0.1197,0.1972,-24.26,CRITICAL
364.733,0.1167,0.2667,-22.91,CRITICAL
364.767,0.089,0.2217,-21.45,CRITICAL
364.8,0.1296,0.1015,-23.64,CRITICAL
364.833,0.1163,0.2777,-23.26,CRITICAL
364.867,0.1065,0.1742,-22.39,CRITICAL
364.9,0.0925,0.1237,-21.3,CRITICAL
364.933,0.1056,0.1193,-17.05,CRITICAL
364.967,0.1388,0.2557,-16.15,CRITICAL
365.0,0.1069,0.1922,-23.46,CRITICAL
365.033,0.1396,0.1779,-24.1,CRITICAL
365.067,0.1208,0.228,-22.64,CRITICAL
365.1,0.1298,0.2777,-24.86,CRITICAL
365.133,0.1258,0.266,-22.05,CRITICAL
365.167,0.113,0.2477,-24.36,CRITICAL
365.2,0.1034,0.2609,-22.63,CRITICAL
365.233,0.0853,0.1543,-24.56,CRITICAL
365.267,0.101,0.1719,-21.24,CRITICAL
365.3,0.127,0.1391,-21.62,CRITICAL
365.333,0.0833,0.1162,-20.67,CRITICAL
365.367,0.1007,0.2111,-22.67,CRITICAL
365.4,0.1058,0.2689,-23.97,CRITICAL
365.433,0.0982,0.1881,-16.01,CRITICAL
365.467,0.1044,0.269,-16.76,CRITICAL
365.5,0.1209,0.2371,-20.78,CRITICAL
365.533,0.0935,0.169,-22.49,CRITICAL
365.567,0.0837,0.2145,-17.36,CRITICAL
365.6,0.0842,0.2829,-19.2,CRITICAL
365.633,0.138,0.1589,-20.69,CRITICAL
365.667,0.1389,0.2374,-15.4,CRITICAL
365.7,0.0866,0.251,-21.02,CRITICAL
365.733,0.1009,0.1721,-19.79,CRITICAL
365.767,0.1042,0.2798,-17.31,CRITICAL
365.8,0.1327,0.188,-23.12,CRITICAL
365.833,0.1394,0.2642,-16.28,CRITICAL
365.867,0.1241,0.1631,-22.9,CRITICAL
365.9,0.1247,0.1874,-15.68,CRITICAL
365.933,0.1182,0.2247,-24.99,CRITICAL
365.967,0.0899,0.1832,-21.55,CRITICAL
366.0,0.1075,0.1902,-21.79,CRITICAL
366.033,0.1038,0.1109,-17.73,CRITICAL
366.067,0.0819,0.2195,-15.76,CRITICAL
366.1,0.138,0.2729,-22.22,CRITICAL
366.133,0.1291,0.299,-22.29,CRITICAL
366.167,0.0964,0.2228,-20.02,CRITICAL
366.2,0.0934,0.2829,-20.86,CRITICAL
366.233,0.0816,0.2035,-21.88,CRITICAL
366.267,0.1096,0.2157,-15.41,CRITICAL
366.3,0.1228,0.2264,-23.87,CRITICAL
366.333,0.1356,0.1669,-24.54,CRITICAL
366.367,0.0835,0.2969,-17.61,CRITICAL
366.4,0.1356,0.2821,-17.92,CRITICAL
366.433,0.0982,0.1922,-19.95,CRITICAL
366.467,0.1338,0.2908,-20.7,CRITICAL
366.5,0.0869,0.2268,-22.72,CRITICAL
366.533,0.1071,0.1531,-17.95,CRITICAL
366.567,0.1332,0.2069,-24.37,CRITICAL
366.6,0.1343,0.115,-18.39,CRITICAL
366.633,0.0848,0.2913,-20.52,CRITICAL
366.667,0.0925,0.1088,-17.54,CRITICAL
366.7,0.0908,0.2063,-17.92,CRITICAL
366.733,0.113,0.1703,-17.69,CRITICAL
366.767,0.0872,0.2338,-24.24,CRITICAL
366.8,0.1384,0.1665,-24.96,CRITICAL
366.833,0.1353,0.2589,-17.93,CRITICAL
366.867,0.1366,0.1684,-19.2,CRITICAL
366.9,0.3375,0.1673,-3.45,ALERT
366.933,0.2953,0.1853,2.79,ALERT
366.967,0.3099,0.1488,-1.09,ALERT
367.0,0.3317,0.0928,2.19,ALERT
367.033,0.2886,0.1644,-3.84,ALERT
367.067,0.3114,0.2014,-2.7,ALERT
367.1,0.3035,0.098,2.58,ALERT
367.133,0.2806,0.1355,3.65,ALERT
367.167,0.3229,0.1244,-0.93,ALERT
367.2,0.2838,0.126,-1.82,ALERT
367.233,0.2996,0.1962,0.6,ALERT
367.267,0.1264,0.1246,-3.93,ALERT
367.3,0.3358,0.1905,0.75,ALERT
367.333,0.3252,0.0948,2.93,ALERT
367.367,0.2844,0.085,1.72,ALERT
367.4,0.2838,0.2151,-1.43,ALERT
367.433,0.3322,0.2055,-0.33,ALERT
367.467,0.3211,0.213,3.79,ALERT
367.5,0.2865,0.2106,1.23,ALERT
367.533,0.3308,0.2102,1.38,ALERT
367.567,0.3173,0.1182,-2.57,ALERT
367.6,0.2947,0.1951,1.81,ALERT
367.633,0.3293,0.1511,-0.59,ALERT
367.667,0.2916,0.1238,1.42,ALERT
367.7,0.3094,0.0967,-1.63,ALERT
367.733,0.3146,0.1466,0.13,ALERT
367.767,0.3098,0.1199,-0.98,ALERT
367.8,0.2879,0.0946,-1.13,ALERT
367.833,0.2933,0.155,-3.78,ALERT
367.867,0.3398,0.1655,-3.3,ALERT
367.9,0.2908,0.1264,-2.45,ALERT
367.933,0.3301,0.1287,-0.56,ALERT
367.967,0.321,0.1269,3.28,ALERT
368.0,0.2866,0.0962,-2.61,ALERT
368.033,0.1768,0.2038,1.27,ALERT
368.067,0.3157,0.1835,-1.66,ALERT
368.1,0.1259,0.1858,2.97,ALERT
368.133,0.3133,0.1048,-2.58,ALERT
368.167,0.3087,0.0902,-2.89,ALERT
368.2,0.3106,0.172,-3.12,ALERT
368.233,0.3122,0.1937,-2.42,ALERT
368.267,0.2982,0.1243,3.34,ALERT
368.3,0.3186,0.2076,2.1,ALERT
368.333,0.3154,0.2107,-3.38,ALERT
368.367,0.3133,0.1629,0.77,ALERT
368.4,0.3176,0.1173,1.44,ALERT
368.433,0.2803,0.2118,-0.99,ALERT
368.467,0.2819,0.1308,2.25,ALERT
368.5,0.2932,0.2148,-1.16,ALERT
368.533,0.3071,0.0955,-1.84,ALERT
368.567,0.3271,0.114,-2.74,ALERT
368.6,0.3253,0.2038,-1.22,ALERT
368.633,0.2896,0.1776,-3.61,ALERT
368.667,0.3043,0.1409,-0.82,ALERT
368.7,0.2976,0.1717,1.82,ALERT
368.733,0.3222,0.1121,-1.37,ALERT
368.767,0.2902,0.1528,-1.68,ALERT
368.8,0.3042,0.2051,2.84,ALERT
368.833,0.288,0.1075,1.4,ALERT
368.867,0.2839,0.1705,-3.26,ALERT
368.9,0.3062,0.1404,3.36,ALERT
368.933,0.3233,0.1332,2.77,ALERT
368.967,0.2878,0.1337,0.8,ALERT
369.0,0.2994,0.2197,-1.91,ALERT
369.033,0.331,0.2,0.01,ALERT
369.067,0.3078,0.218,-0.49,ALERT
369.1,0.2911,0.1218,1.0,ALERT
369.133,0.3145,0.1643,-1.28,ALERT
369.167,0.287,0.174,1.94,ALERT
369.2,0.3171,0.1405,-0.69,ALERT
369.233,0.3335,0.1515,-1.47,ALERT
369.267,0.2883,0.1687,1.49,ALERT
369.3,0.3394,0.1388,-3.38,ALERT
369.333,0.2822,0.2068,1.94,ALERT
369.367,0.3343,0.1433,0.89,ALERT
369.4,0.2916,0.1908,-0.35,ALERT
369.433,0.2972,0.1975,-1.55,ALERT
369.467,0.3209,0.1627,-2.91,ALERT
369.5,0.3068,0.1337,1.53,ALERT
369.533,0.2972,0.2097,1.59,ALERT
369.567,0.3251,0.1994,-3.63,ALERT
369.6,0.3022,0.1157,0.89,ALERT
369.633,0.3212,0.2074,-1.08,ALERT
369.667,0.3339,0.0898,-0.08,ALERT
369.7,0.3099,0.1384,-2.15,ALERT
369.733,0.2951,0.1305,-0.16,ALERT
369.767,0.3197,0.1908,3.69,ALERT
369.8,0.302,0.1139,-0.2,ALERT
369.833,0.2808,0.1744,-3.65,ALERT
369.867,0.3385,0.1316,1.4,ALERT
369.9,0.3122,0.1018,0.44,ALERT
369.933,0.3207,0.1265,0.33,ALERT
369.967,0.2838,0.1238,3.54,ALERT
370.0,0.2999,0.2134,3.66,ALERT
370.033,0.3148,0.135,2.37,ALERT
370.067,0.2946,0.1642,1.07,ALERT
370.1,0.3256,0.0921,3.43,ALERT
370.133,0.3041,0.122,1.71,ALERT
370.167,0.3133,0.1921,0.56,ALERT
370.2,0.3107,0.1273,-3.3,ALERT
370.233,0.3372,0.1701,-0.03,ALERT
370.267,0.2805,0.1869,-0.93,ALERT
370.3,0.3246,0.1822,2.14,ALERT
370.333,0.3187,0.1293,-1.84,ALERT
370.367,0.3174,0.1638,-3.09,ALERT
370.4,0.3042,0.1454,1.19,ALERT
370.433,0.2834,0.2021,1.92,ALERT
370.467,0.3378,0.1522,-0.08,ALERT
370.5,0.3162,0.1756,-0.91,ALERT
370.533,0.3226,0.1621,2.1,ALERT
370.567,0.3225,0.1003,3.08,ALERT
370.6,0.2822,0.2119,-1.31,ALERT
370.633,0.3312,0.2066,0.53,ALERT
370.667,0.2875,0.1402,-2.05,ALERT
370.7,0.3243,0.1918,1.55,ALERT
370.733,0.3048,0.0844,-3.91,ALERT
370.767,0.2819,0.1823,-1.32,ALERT
370.8,0.2899,0.124,-2.18,ALERT
370.833,0.3186,0.1712,3.69,ALERT
370.867,0.3397,0.1327,-1.3,ALERT
370.9,0.3245,0.1153,-0.47,ALERT
370.933,0.3115,0.2101,0.33,ALERT
370.967,0.3217,0.1386,2.01,ALERT
371.0,0.2829,0.1495,2.16,ALERT
371.033,0.3164,0.0911,-0.15,ALERT
371.067,0.287,0.1691,2.91,ALERT
371.1,0.2912,0.1703,1.86,ALERT
371.133,0.2865,0.1044,2.62,ALERT
371.167,0.3122,0.1514,0.15,ALERT
371.2,0.3233,0.1574,2.29,ALERT
371.233,0.3296,0.1409,0.77,ALERT
371.267,0.2824,0.1847,3.0,ALERT
371.3,0.3292,0.1804,1.5,ALERT
371.333,0.1699,0.2147,-0.67,ALERT
371.367,0.3381,0.1401,2.01,ALERT
371.4,0.3316,0.1942,-2.1,ALERT
371.433,0.2827,0.1953,2.34,ALERT
371.467,0.2964,0.1576,3.61,ALERT
371.5,0.3059,0.2104,-1.3,ALERT
371.533,0.3135,0.1982,-3.15,ALERT
371.567,0.3142,0.192,0.24,ALERT
371.6,0.3204,0.2198,1.06,ALERT
371.633,0.2985,0.1245,-3.67,ALERT
371.667,0.301,0.1523,-0.05,ALERT
371.7,0.2804,0.1421,0.65,ALERT
371.733,0.2935,0.1746,-3.15,ALERT
371.767,0.3083,0.1802,-0.74,ALERT
371.8,0.309,0.1249,3.05,ALERT
371.833,0.1313,0.1639,2.71,ALERT
371.867,0.3368,0.1779,2.58,ALERT
371.9,0.3334,0.1903,-3.79,ALERT
371.933,0.3044,0.1325,-1.31,ALERT
371.967,0.2918,0.1153,-0.14,ALERT
372.0,0.3302,0.2183,-0.99,ALERT
372.033,0.3268,0.1335,-0.53,ALERT
372.067,0.2926,0.1768,-1.28,ALERT
372.1,0.3318,0.0891,1.83,ALERT
372.133,0.3046,0.1755,-2.57,ALERT
372.167,0.3189,0.107,1.85,ALERT
372.2,0.3023,0.1311,3.48,ALERT
372.233,0.3373,0.1059,-1.34,ALERT
372.267,0.2842,0.1266,0.66,ALERT
372.3,0.3161,0.1152,-3.32,ALERT
372.333,0.337,0.0933,-1.7,ALERT
372.367,0.2857,0.1398,-2.48,ALERT
372.4,0.3386,0.1483,2.6,ALERT
372.433,0.3395,0.1002,1.77,ALERT
372.467,0.3293,0.1896,0.08,ALERT
372.5,0.2929,0.1195,-0.84,ALERT
372.533,0.323,0.1539,2.5,ALERT
372.567,0.2956,0.1895,2.35,ALERT
372.6,0.2856,0.2177,1.52,ALERT
372.633,0.3295,0.2026,0.09,ALERT
372.667,0.3344,0.0955,-2.89,ALERT
372.7,0.2874,0.1905,-1.87,ALERT
372.733,0.3035,0.1005,1.03,ALERT
372.767,0.3106,0.1784,3.24,ALERT
372.8,0.3285,0.1068,2.58,ALERT
372.833,0.3063,0.1294,-3.88,ALERT
372.867,0.334,0.1712,-1.13,ALERT
372.9,0.3054,0.1656,-1.62,ALERT
372.933,0.3072,0.0959,-0.28,ALERT
372.967,0.3127,0.0977,-3.86,ALERT
373.0,0.3345,0.12,-3.94,ALERT
373.033,0.3039,0.0838,0.19,ALERT
373.067,0.3223,0.1063,-1.42,ALERT
373.1,0.3217,0.1417,-3.15,ALERT
373.133,0.301,0.2012,-2.44,ALERT
373.167,0.3354,0.1981,0.41,ALERT
373.2,0.3332,0.1401,3.25,ALERT
373.233,0.3039,0.206,-2.93,ALERT
373.267,0.2937,0.166,0.8,ALERT
373.3,0.3277,0.1823,-0.14,ALERT
373.333,0.1358,0.1974,0.2,ALERT
373.367,0.2884,0.1472,-3.85,ALERT
373.4,0.3274,0.0865,2.72,ALERT
373.433,0.306,0.2172,3.2,ALERT
373.467,0.3187,0.149,3.23,ALERT
373.5,0.3371,0.1711,0.93,ALERT
373.533,0.318,0.1139,-3.53,ALERT
373.567,0.2882,0.1902,-1.69,ALERT
373.6,0.3223,0.1486,-3.7,ALERT
373.633,0.2806,0.1732,-1.39,ALERT
373.667,0.2926,0.1587,-3.14,ALERT
373.7,0.1533,0.1708,-1.48,ALERT
373.733,0.296,0.1375,-0.51,ALERT
373.767,0.2804,0.2,-2.52,ALERT
373.8,0.3098,0.1093,0.78,ALERT
373.833,0.2848,0.0819,-2.29,ALERT
373.867,0.3262,0.1647,3.92,ALERT
373.9,0.3089,0.1031,0.41,ALERT
373.933,0.2926,0.1485,-3.71,ALERT
373.967,0.2924,0.2122,-0.96,ALERT
374.0,0.2974,0.2111,-1.24,ALERT
374.033,0.321,0.2131,-3.16,ALERT
374.067,0.317,0.1117,-1.56,ALERT
374.1,0.2805,0.1314,4.0,ALERT
374.133,0.2816,0.1226,1.19,ALERT
374.167,0.1316,0.0891,-2.78,ALERT
374.2,0.2871,0.1689,-2.47,ALERT
374.233,0.2806,0.1883,-2.44,ALERT
374.267,0.2864,0.1835,-2.89,ALERT
374.3,0.3017,0.202,-1.76,ALERT
374.333,0.3074,0.1956,-1.52,ALERT
374.367,0.3017,0.151,2.28,ALERT
374.4,0.2867,0.2126,-0.61,ALERT
374.433,0.3056,0.0878,2.09,ALERT
374.467,0.2839,0.1004,3.06,ALERT
374.5,0.3279,0.0902,-2.89,ALERT
374.533,0.3033,0.1015,3.84,ALERT
374.567,0.3106,0.0881,2.38,ALERT
374.6,0.3193,0.151,-2.38,ALERT
374.633,0.2996,0.1204,-3.17,ALERT
374.667,0.2858,0.196,0.11,ALERT
374.7,0.3177,0.1572,-3.13,ALERT
374.733,0.299,0.1407,-2.61,ALERT
374.767,0.2846,0.1047,2.86,ALERT
374.8,0.3307,0.1662,-3.08,ALERT
374.833,0.3027,0.1681,1.68,ALERT
374.867,0.2803,0.1194,-3.91,ALERT
374.9,0.3002,0.2036,-0.32,ALERT
374.933,0.2918,0.1194,0.24,ALERT
374.967,0.2869,0.1927,-2.55,ALERT
375.0,0.3059,0.1758,1.37,ALERT
375.033,0.3249,0.1922,-1.43,ALERT
375.067,0.3208,0.1531,-2.68,ALERT
375.1,0.3245,0.1367,-3.01,ALERT
375.133,0.3243,0.1124,0.63,ALERT
375.167,0.3041,0.1548,-3.7,ALERT
375.2,0.2952,0.1229,-1.13,ALERT
375.233,0.2955,0.149,3.83,ALERT
375.267,0.3353,0.1364,3.04,ALERT
375.3,0.3152,0.1779,1.12,ALERT
375.333,0.3242,0.1005,0.81,ALERT
375.367,0.3383,0.219,3.77,ALERT
375.4,0.3154,0.1985,-3.02,ALERT
375.433,0.2902,0.2026,0.86,ALERT
375.467,0.2917,0.0869,-3.69,ALERT
375.5,0.3363,0.2057,-0.23,ALERT
375.533,0.3259,0.1433,2.71,ALERT
375.567,0.3308,0.1396,-2.26,ALERT
375.6,0.3127,0.1059,2.0,ALERT
375.633,0.3216,0.179,3.52,ALERT
375.667,0.3218,0.2051,-3.9,ALERT
375.7,0.3204,0.1767,2.46,ALERT
375.733,0.3014,0.1729,-1.79,ALERT
375.767,0.1247,0.1502,-1.07,ALERT
375.8,0.3384,0.1982,-2.23,ALERT
375.833,0.3389,0.0821,-1.11,ALERT
375.867,0.3114,0.1526,3.98,ALERT
375.9,0.3112,0.1871,-1.27,ALERT
375.933,0.3266,0.1121,1.13,ALERT
375.967,0.2999,0.1786,-0.15,ALERT
376.0,0.3157,0.1168,-3.65,ALERT
376.033,0.3112,0.2043,-2.54,ALERT
376.067,0.2821,0.178,2.18,ALERT
376.1,0.2962,0.1323,-0.47,ALERT
376.133,0.3197,0.2149,-1.67,ALERT
376.167,0.3113,0.156,0.92,ALERT
376.2,0.3295,0.1514,3.63,ALERT
376.233,0.3063,0.1329,-3.82,ALERT
376.267,0.3355,0.146,3.38,ALERT
376.3,0.1237,0.0827,1.49,ALERT
376.333,0.281,0.181,-2.29,ALERT
376.367,0.3299,0.1451,1.12,ALERT
376.4,0.2863,0.0943,3.71,ALERT
376.433,0.2962,0.121,-0.62,ALERT
376.467,0.3338,0.2043,1.72,ALERT
376.5,0.3107,0.0978,0.4,ALERT
376.533,0.2976,0.1368,-0.27,ALERT
376.567,0.2849,0.1715,-2.7,ALERT
376.6,0.2853,0.1364,1.51,ALERT
376.633,0.3235,0.1843,3.03,ALERT
376.667,0.3238,0.1547,-2.02,ALERT
376.7,0.2961,0.1354,-3.66,ALERT
376.733,0.3198,0.0896,0.68,ALERT
376.767,0.2846,0.1626,1.77,ALERT
376.8,0.3043,0.0905,0.31,ALERT
376.833,0.3037,0.081,-3.78,ALERT
376.867,0.2978,0.2197,-3.8,ALERT
376.9,0.322,0.1803,3.15,ALERT
376.933,0.2862,0.1118,-1.17,ALERT
376.967,0.2995,0.1346,3.47,ALERT
377.0,0.3191,0.1822,-2.53,ALERT
377.033,0.284,0.168,-2.27,ALERT
377.067,0.2807,0.1382,1.14,ALERT
377.1,0.3393,0.1375,1.98,ALERT
377.133,0.3103,0.145,-1.39,ALERT
377.167,0.3332,0.1323,2.13,ALERT
377.2,0.3042,0.1444,2.9,ALERT
377.233,0.3003,0.1421,-3.43,ALERT
377.267,0.3024,0.2149,1.39,ALERT
377.3,0.3087,0.1833,-3.17,ALERT
377.333,0.3354,0.2176,2.39,ALERT
377.367,0.3322,0.1392,-3.4,ALERT
377.4,0.3236,0.1092,-1.1,ALERT
377.433,0.3348,0.1871,0.27,ALERT
377.467,0.2986,0.1043,2.75,ALERT
377.5,0.2866,0.1357,-1.79,ALERT
377.533,0.3246,0.1536,-0.99,ALERT
377.567,0.3204,0.1163,2.12,ALERT
377.6,0.3017,0.1063,-2.71,ALERT
377.633,0.3071,0.0951,-2.89,ALERT
377.667,0.3279,0.1035,-0.46,ALERT
377.7,0.2893,0.1342,1.16,ALERT
377.733,0.3279,0.1457,-0.76,ALERT
377.767,0.2837,0.1165,3.82,ALERT
377.8,0.2962,0.0827,-1.44,ALERT
377.833,0.3109,0.126,-2.39,ALERT
377.867,0.2933,0.2084,-0.9,ALERT
377.9,0.3007,0.0948,0.5,ALERT
377.933,0.315,0.0848,-3.02,ALERT
377.967,0.1339,0.2131,-0.75,ALERT
378.0,0.324,0.212,1.58,ALERT
378.033,0.3088,0.1528,-3.58,ALERT
378.067,0.323,0.129,-1.11,ALERT
378.1,0.1231,0.1164,-3.86,ALERT
378.133,0.3393,0.2103,-2.72,ALERT
378.167,0.294,0.1352,-3.8,ALERT
378.2,0.3364,0.218,1.22,ALERT
378.233,0.2873,0.1111,0.59,ALERT
378.267,0.2957,0.096,3.92,ALERT
378.3,0.2888,0.1043,2.23,ALERT
378.333,0.3261,0.1414,-0.54,ALERT
378.367,0.3113,0.1809,-2.85,ALERT
378.4,0.3219,0.0816,-0.67,ALERT
378.433,0.3246,0.1159,1.46,ALERT
378.467,0.3157,0.1332,1.29,ALERT
378.5,0.3385,0.1925,-2.36,ALERT
378.533,0.3339,0.0927,2.46,ALERT
378.567,0.2875,0.1479,-3.95,ALERT
378.6,0.3343,0.0932,1.05,ALERT
378.633,0.3189,0.1168,0.06,ALERT
378.667,0.3172,0.157,2.18,ALERT
378.7,0.3316,0.0861,-1.07,ALERT
378.733,0.307,0.0923,1.27,ALERT
378.767,0.3107,0.1265,-0.42,ALERT
378.8,0.2981,0.1577,-2.55,ALERT
378.833,0.3028,0.0837,1.23,ALERT
378.867,0.3212,0.0924,-0.29,ALERT
378.9,0.314,0.1718,1.46,ALERT
378.933,0.3067,0.0936,-0.87,ALERT
378.967,0.3016,0.1731,3.45,ALERT
379.0,0.2892,0.2153,-1.07,ALERT
379.033,0.2864,0.0882,3.48,ALERT
379.067,0.3362,0.2039,0.14,ALERT
379.1,0.3177,0.2147,-3.14,ALERT
379.133,0.2886,0.0915,1.49,ALERT
379.167,0.3199,0.0961,-1.76,ALERT
379.2,0.3185,0.1321,1.18,ALERT
379.233,0.2978,0.2136,-3.4,ALERT
379.267,0.2877,0.178,-0.53,ALERT
379.3,0.3202,0.1905,-0.46,ALERT
379.333,0.2879,0.1723,-0.95,ALERT
379.367,0.1686,0.2094,-0.8,ALERT
379.4,0.2884,0.1941,-2.63,ALERT
379.433,0.2966,0.1045,2.1,ALERT
379.467,0.3336,0.1089,-2.27,ALERT
379.5,0.3171,0.123,-2.38,ALERT
379.533,0.295,0.1573,-2.65,ALERT
379.567,0.2914,0.1615,2.12,ALERT
379.6,0.3174,0.0806,3.08,ALERT
379.633,0.336,0.1246,3.35,ALERT
379.667,0.2811,0.1034,3.86,ALERT
379.7,0.3001,0.1932,2.59,ALERT
379.733,0.3278,0.1227,3.28,ALERT
379.767,0.2877,0.1173,1.56,ALERT
379.8,0.3045,0.0986,0.56,ALERT
379.833,0.2951,0.1388,1.45,ALERT
379.867,0.3338,0.1329,-3.67,ALERT
379.9,0.2915,0.0908,-1.88,ALERT
379.933,0.3302,0.1432,-1.77,ALERT
379.967,0.3394,0.176,-3.66,ALERT
380.0,0.3385,0.1054,-1.65,ALERT
380.033,0.2892,0.1116,3.14,ALERT
380.067,0.1518,0.1793,-0.46,ALERT
380.1,0.1435,0.1317,0.99,ALERT
380.133,0.3365,0.1302,1.23,ALERT
380.167,0.3177,0.106,-3.34,ALERT
380.2,0.3305,0.1203,-1.44,ALERT
380.233,0.3291,0.1319,1.79,ALERT
380.267,0.287,0.1725,0.15,ALERT
380.3,0.3295,0.1772,-0.19,ALERT
380.333,0.3087,0.1186,-3.89,ALERT
380.367,0.3307,0.1488,0.69,ALERT
380.4,0.2908,0.1873,3.67,ALERT
380.433,0.3144,0.2167,0.87,ALERT
380.467,0.3057,0.091,-1.04,ALERT
380.5,0.3227,0.1285,-3.91,ALERT
380.533,0.2828,0.1458,3.81,ALERT
380.567,0.2845,0.1916,-2.89,ALERT
380.6,0.3368,0.1031,-3.69,ALERT
380.633,0.2952,0.0917,-2.14,ALERT
380.667,0.3219,0.1246,-1.12,ALERT
380.7,0.3234,0.1807,3.08,ALERT
380.733,0.3387,0.1943,2.51,ALERT
380.767,0.2839,0.1088,-2.49,ALERT
380.8,0.2884,0.1882,0.73,ALERT
380.833,0.2826,0.2103,-1.24,ALERT
380.867,0.313,0.1073,1.27,ALERT
380.9,0.3197,0.182,-3.14,ALERT
380.933,0.2862,0.1142,2.46,ALERT
380.967,0.2869,0.1786,1.06,ALERT
381.0,0.1443,0.0887,3.44,ALERT
381.033,0.326,0.1599,1.12,ALERT
381.067,0.3128,0.1593,2.89,ALERT
381.1,0.3028,0.1226,0.36,ALERT
381.133,0.2838,0.1404,0.14,ALERT
381.167,0.3239,0.2048,2.71,ALERT
381.2,0.3117,0.1593,2.56,ALERT
381.233,0.3392,0.0866,0.53,ALERT
381.267,0.3118,0.2102,3.98,ALERT
381.3,0.3165,0.162,2.88,ALERT
381.333,0.3396,0.1784,-0.05,ALERT
381.367,0.3338,0.2052,-2.11,ALERT
381.4,0.2967,0.0882,3.78,ALERT
381.433,0.2909,0.0827,-2.78,ALERT
381.467,0.2882,0.0993,2.66,ALERT
381.5,0.305,0.153,0.29,ALERT
381.533,0.281,0.1259,3.55,ALERT
381.567,0.3323,0.0909,-2.46,ALERT
381.6,0.3359,0.0975,3.7,ALERT
381.633,0.2854,0.1141,1.07,ALERT
381.667,0.3144,0.1781,-3.9,ALERT
381.7,0.2859,0.0853,-2.16,ALERT
381.733,0.2976,0.1565,2.86,ALERT
381.767,0.3069,0.1644,0.85,ALERT
381.8,0.2972,0.1568,-1.45,ALERT
381.833,0.3143,0.2057,-0.32,ALERT
381.867,0.303,0.1329,1.39,ALERT
381.9,0.335,0.2197,0.36,ALERT
381.933,0.2808,0.1267,2.18,ALERT
381.967,0.1589,0.1358,0.72,ALERT
382.0,0.2941,0.1084,1.44,ALERT
382.033,0.2998,0.166,-0.97,ALERT
382.067,0.3159,0.168,-3.14,ALERT
382.1,0.332,0.14,0.65,ALERT
382.133,0.3057,0.2075,-0.49,ALERT
382.167,0.3316,0.1823,-2.91,ALERT
382.2,0.3104,0.2142,3.51,ALERT
382.233,0.2913,0.1849,3.77,ALERT
382.267,0.3205,0.094,-1.35,ALERT
382.3,0.3131,0.1957,-3.48,ALERT
382.333,0.2805,0.1788,-1.81,ALERT
382.367,0.327,0.0849,-2.09,ALERT
382.4,0.304,0.1214,-1.77,ALERT
382.433,0.3306,0.2013,-1.11,ALERT
382.467,0.283,0.0975,-0.03,ALERT
382.5,0.3341,0.1007,3.39,ALERT
382.533,0.3304,0.22,0.67,ALERT
382.567,0.3082,0.1773,-1.67,ALERT
382.6,0.3028,0.1479,-2.66,ALERT
382.633,0.2957,0.2144,1.45,ALERT
382.667,0.3104,0.2174,-2.56,ALERT
382.7,0.3002,0.1618,-1.91,ALERT
382.733,0.3159,0.2006,-2.7,ALERT
382.767,0.2884,0.0816,0.3,ALERT
382.8,0.3197,0.1892,0.62,ALERT
382.833,0.3026,0.103,-2.46,ALERT
382.867,0.3254,0.1674,-3.98,ALERT
382.9,0.335,0.126,-1.65,ALERT
382.933,0.3152,0.1114,2.31,ALERT
382.967,0.3375,0.2177,3.64,ALERT
383.0,0.3194,0.1992,-3.31,ALERT
383.033,0.2915,0.1938,3.8,ALERT
383.067,0.3125,0.1596,0.22,ALERT
383.1,0.3068,0.1118,0.35,ALERT
383.133,0.3253,0.1269,-3.61,ALERT
383.167,0.2996,0.2175,-1.28,ALERT
383.2,0.2864,0.1621,1.45,ALERT
383.233,0.3044,0.1166,0.36,ALERT
383.267,0.3269,0.1883,-0.27,ALERT
383.3,0.3169,0.0823,0.04,ALERT
383.333,0.3129,0.1821,3.71,ALERT
383.367,0.3298,0.0837,2.39,ALERT
383.4,0.2911,0.1199,-1.41,ALERT
383.433,0.2813,0.1478,2.84,ALERT
383.467,0.3349,0.1829,2.12,ALERT
383.5,0.3241,0.1345,-1.21,ALERT
383.533,0.3275,0.1915,1.6,ALERT
383.567,0.3011,0.1606,3.39,ALERT
383.6,0.3147,0.1726,-3.39,ALERT
383.633,0.3344,0.0965,-2.4,ALERT
383.667,0.3169,0.0929,3.84,ALERT
383.7,0.3388,0.1659,0.57,ALERT
383.733,0.3355,0.1573,-2.62,ALERT
383.767,0.3347,0.1649,1.64,ALERT
383.8,0.3257,0.154,-0.55,ALERT
383.833,0.2943,0.2033,1.26,ALERT
383.867,0.3278,0.1672,-1.79,ALERT
383.9,0.3191,0.1997,-2.04,ALERT
383.933,0.3142,0.1239,-0.23,ALERT
383.967,0.3339,0.148,-1.21,ALERT
384.0,0.2856,0.1669,0.32,ALERT
384.033,0.301,0.1591,-3.7,ALERT
384.067,0.3185,0.0821,-1.27,ALERT
384.1,0.2829,0.2031,2.05,ALERT
384.133,0.3285,0.1712,-3.39,ALERT
384.167,0.2837,0.1912,-1.26,ALERT
384.2,0.3363,0.146,-1.61,ALERT
384.233,0.3382,0.1739,1.79,ALERT
384.267,0.323,0.1509,3.13,ALERT
384.3,0.3307,0.1907,0.53,ALERT
384.333,0.2997,0.1491,-1.56,ALERT
384.367,0.3379,0.1417,0.64,ALERT
384.4,0.2858,0.1441,1.69,ALERT
384.433,0.3234,0.1067,-3.57,ALERT
384.467,0.2951,0.0962,0.3,ALERT
384.5,0.1369,0.0982,-3.17,ALERT
384.533,0.3309,0.1753,-2.89,ALERT
384.567,0.3305,0.1343,-3.6,ALERT
384.6,0.3058,0.098,-2.25,ALERT
384.633,0.2941,0.2096,0.05,ALERT
384.667,0.2875,0.1406,-3.65,ALERT
384.7,0.2884,0.0989,3.96,ALERT
384.733,0.2919,0.1389,3.98,ALERT
384.767,0.3357,0.1549,-3.77,ALERT
384.8,0.2944,0.1212,-3.58,ALERT
384.833,0.3017,0.1548,2.03,ALERT
384.867,0.3322,0.1042,2.49,ALERT
384.9,0.3391,0.1354,0.79,ALERT
384.933,0.2947,0.1607,-3.36,ALERT
384.967,0.3026,0.1795,3.59,ALERT
385.0,0.3157,0.1898,3.22,ALERT
385.033,0.303,0.1605,-0.99,ALERT
385.067,0.3078,0.0986,-2.47,ALERT
385.1,0.2972,0.196,1.3,ALERT
385.133,0.3133,0.0935,0.9,ALERT
385.167,0.2962,0.1635,3.43,ALERT
385.2,0.2944,0.111,-3.99,ALERT
385.233,0.321,0.1278,3.69,ALERT
385.267,0.3184,0.1912,-2.47,ALERT
385.3,0.284,0.1633,-0.07,ALERT
385.333,0.2956,0.1564,-0.07,ALERT
385.367,0.3105,0.1263,-0.5,ALERT
385.4,0.3192,0.1586,2.16,ALERT
385.433,0.3291,0.1905,-2.92,ALERT
385.467,0.3234,0.1004,1.9,ALERT
385.5,0.3089,0.2042,1.81,ALERT
385.533,0.2805,0.1708,0.26,ALERT
385.567,0.3022,0.1788,1.69,ALERT
385.6,0.3392,0.1195,-2.79,ALERT
385.633,0.295,0.1247,1.48,ALERT
385.667,0.323,0.0928,-0.93,ALERT
385.7,0.293,0.1072,-2.51,ALERT
385.733,0.3038,0.1289,-1.84,ALERT
385.767,0.2828,0.1902,1.05,ALERT
385.8,0.3345,0.1129,-1.32,ALERT
385.833,0.334,0.1571,-2.45,ALERT
385.867,0.337,0.0835,3.31,ALERT
385.9,0.3228,0.1211,-0.35,ALERT
385.933,0.2815,0.2096,1.15,ALERT
385.967,0.3375,0.1443,-2.0,ALERT
386.0,0.3216,0.1729,1.34,ALERT
386.033,0.2978,0.1794,-3.36,ALERT
386.067,0.3018,0.1987,0.86,ALERT
386.1,0.3293,0.1617,2.61,ALERT
386.133,0.2993,0.1673,3.88,ALERT
386.167,0.2933,0.2157,0.62,ALERT
386.2,0.3159,0.1705,1.2,ALERT
386.233,0.34,0.1284,-2.57,ALERT
386.267,0.3051,0.0971,3.21,ALERT
386.3,0.3196,0.2141,-1.34,ALERT
386.333,0.3016,0.1199,-2.9,ALERT
386.367,0.2861,0.1052,2.63,ALERT
386.4,0.2977,0.2169,-3.36,ALERT
386.433,0.294,0.213,1.73,ALERT
386.467,0.2874,0.2117,-0.86,ALERT
386.5,0.3038,0.2016,3.27,ALERT
386.533,0.3078,0.1222,-1.51,ALERT
386.567,0.3193,0.1097,-1.6,ALERT
386.6,0.3079,0.0832,1.82,ALERT
386.633,0.3168,0.1777,0.22,ALERT
386.667,0.3271,0.128,1.49,ALERT
386.7,0.297,0.1922,-0.85,ALERT
386.733,0.3087,0.1769,-1.58,ALERT
386.767,0.3209,0.1986,-1.46,ALERT
386.8,0.2947,0.1132,-2.03,ALERT
386.833,0.316,0.2002,-0.34,ALERT
386.867,0.2924,0.0969,3.98,ALERT
386.9,0.2884,0.0862,0.66,ALERT
386.933,0.3112,0.1607,-1.41,ALERT
386.967,0.2987,0.1839,-1.03,ALERT
387.0,0.3274,0.1494,-0.3,ALERT
387.033,0.3088,0.1602,-0.26,ALERT
387.067,0.2852,0.2101,-2.78,ALERT
387.1,0.2866,0.1541,-1.2,ALERT
387.133,0.332,0.1384,0.49,ALERT
387.167,0.3325,0.1501,3.03,ALERT
387.2,0.3046,0.1761,0.69,ALERT
387.233,0.1391,0.1328,1.8,ALERT
387.267,0.2849,0.2077,2.83,ALERT
387.3,0.3288,0.185,3.18,ALERT
387.333,0.2937,0.0977,3.85,ALERT
387.367,0.3107,0.1072,0.64,ALERT
387.4,0.3092,0.2159,-0.61,ALERT
387.433,0.3387,0.1796,-1.35,ALERT
387.467,0.2837,0.1368,3.63,ALERT
387.5,0.2813,0.1471,-1.69,ALERT
387.533,0.3117,0.1238,3.96,ALERT
387.567,0.3103,0.1009,2.47,ALERT
387.6,0.1786,0.1416,0.71,ALERT
387.633,0.3344,0.1325,-2.44,ALERT
387.667,0.1662,0.1286,-1.65,ALERT
387.7,0.2892,0.1871,0.71,ALERT
387.733,0.329,0.137,3.09,ALERT
387.767,0.2972,0.2141,0.19,ALERT
387.8,0.3221,0.1359,-1.25,ALERT
387.833,0.2955,0.1992,3.45,ALERT
387.867,0.3035,0.1809,-2.31,ALERT
387.9,0.3334,0.1816,-3.47,ALERT
387.933,0.3153,0.1972,-0.53,ALERT
387.967,0.2873,0.1838,0.19,ALERT
388.0,0.3269,0.127,-1.59,ALERT
388.033,0.312,0.1634,-1.22,ALERT
388.067,0.3257,0.1288,-0.68,ALERT
388.1,0.3331,0.1845,-2.59,ALERT
388.133,0.3211,0.0967,-0.01,ALERT
388.167,0.3171,0.0933,2.97,ALERT
388.2,0.3181,0.1951,3.03,ALERT
388.233,0.3002,0.0824,-2.66,ALERT
388.267,0.3038,0.096,1.3,ALERT
388.3,0.3028,0.1764,0.39,ALERT
388.333,0.3365,0.1536,-2.11,ALERT
388.367,0.2998,0.1921,-2.65,ALERT
388.4,0.2973,0.1041,3.85,ALERT
388.433,0.2981,0.1315,-1.61,ALERT
388.467,0.3092,0.1464,-2.79,ALERT
388.5,0.2956,0.1834,0.41,ALERT
388.533,0.3288,0.1615,2.5,ALERT
388.567,0.3176,0.1709,1.7,ALERT
388.6,0.3024,0.1756,-0.38,ALERT
388.633,0.3309,0.1059,-2.11,ALERT
388.667,0.3178,0.1616,-0.17,ALERT
388.7,0.3391,0.0916,-1.28,ALERT
388.733,0.3353,0.1534,1.86,ALERT
388.767,0.2897,0.1985,-0.72,ALERT
388.8,0.1691,0.1381,1.48,ALERT
388.833,0.2915,0.1307,-3.88,ALERT
388.867,0.2848,0.1419,-2.7,ALERT
388.9,0.3343,0.1205,3.13,ALERT
388.933,0.304,0.2059,-1.07,ALERT
388.967,0.2914,0.173,1.42,ALERT
389.0,0.3338,0.2022,0.63,ALERT
389.033,0.324,0.1706,-2.79,ALERT
389.067,0.3146,0.0825,-3.9,ALERT
389.1,0.3296,0.1827,3.54,ALERT
389.133,0.2861,0.171,0.66,ALERT
389.167,0.328,0.1493,-3.18,ALERT
389.2,0.298,0.2137,-1.75,ALERT
389.233,0.3224,0.1041,-1.9,ALERT
389.267,0.3262,0.2129,-2.63,ALERT
389.3,0.1539,0.0841,-3.03,ALERT
389.333,0.2816,0.2185,1.77,ALERT
389.367,0.3008,0.1753,2.21,ALERT
389.4,0.161,0.1718,-2.4,ALERT
389.433,0.2852,0.1153,-0.42,ALERT
389.467,0.3012,0.1573,-2.15,ALERT
389.5,0.2902,0.1001,2.98,ALERT
389.533,0.2855,0.1079,-2.95,ALERT
389.567,0.3257,0.2098,2.35,ALERT
389.6,0.2953,0.1883,-2.77,ALERT
389.633,0.3085,0.2119,-1.66,ALERT
389.667,0.3008,0.1285,-0.42,ALERT
389.7,0.3153,0.1446,-3.45,ALERT
389.733,0.3053,0.1792,3.0,ALERT
389.767,0.3096,0.0927,-3.84,ALERT
389.8,0.309,0.1884,1.05,ALERT
389.833,0.2813,0.1402,2.34,ALERT
389.867,0.304,0.0837,-0.17,ALERT
389.9,0.2918,0.1465,1.33,ALERT
389.933,0.3306,0.1146,-1.16,ALERT
389.967,0.3281,0.1496,-1.65,ALERT
390.0,0.3269,0.1816,0.41,ALERT
390.033,0.2916,0.1046,-1.56,ALERT
390.067,0.3028,0.1969,3.35,ALERT
390.1,0.3315,0.2121,-2.25,ALERT
390.133,0.3002,0.2132,3.16,ALERT
390.167,0.2933,0.1152,0.87,ALERT
390.2,0.2963,0.1534,3.45,ALERT
390.233,0.2837,0.2015,3.84,ALERT
390.267,0.3283,0.0954,-0.5,ALERT
390.3,0.3376,0.2127,-1.39,ALERT
390.333,0.2942,0.1811,-0.95,ALERT
390.367,0.3255,0.1039,2.72,ALERT
390.4,0.2837,0.1932,3.71,ALERT
390.433,0.2857,0.195,-1.37,ALERT
390.467,0.3311,0.1671,-3.88,ALERT
390.5,0.3267,0.1523,2.42,ALERT
390.533,0.2941,0.1842,1.08,ALERT
390.567,0.3126,0.1129,3.21,ALERT
390.6,0.309,0.2012,1.13,ALERT
390.633,0.3353,0.1175,2.72,ALERT
390.667,0.3273,0.1442,2.35,ALERT
390.7,0.3317,0.1923,1.03,ALERT
390.733,0.3334,0.2162,1.1,ALERT
390.767,0.2854,0.107,3.87,ALERT
390.8,0.3074,0.1336,1.01,ALERT
390.833,0.3176,0.1762,1.06,ALERT
390.867,0.2819,0.1437,0.37,ALERT
390.9,0.2866,0.0852,-0.22,ALERT
390.933,0.32,0.1272,-3.33,ALERT
390.967,0.2843,0.2188,0.97,ALERT
391.0,0.3152,0.1433,1.73,ALERT
391.033,0.1741,0.1356,3.82,ALERT
391.067,0.2977,0.1067,2.89,ALERT
391.1,0.3095,0.162,0.06,ALERT
391.133,0.302,0.194,0.52,ALERT
391.167,0.2866,0.1718,1.97,ALERT
391.2,0.3244,0.2077,2.63,ALERT
391.233,0.285,0.2103,-0.14,ALERT
391.267,0.3297,0.2097,1.01,ALERT
391.3,0.3104,0.1119,-2.46,ALERT
391.333,0.3189,0.1758,0.56,ALERT
391.367,0.3315,0.1146,-2.57,ALERT
391.4,0.2945,0.1962,2.82,ALERT
391.433,0.2838,0.1271,-2.89,ALERT
391.467,0.2839,0.1628,2.72,ALERT
391.5,0.3068,0.2074,3.84,ALERT
391.533,0.285,0.0947,-1.33,ALERT
391.567,0.3335,0.1237,-2.3,ALERT
391.6,0.3372,0.1007,-1.13,ALERT
391.633,0.2934,0.1625,0.54,ALERT
391.667,0.324,0.1725,0.56,ALERT
391.7,0.2858,0.174,-3.59,ALERT
391.733,0.3103,0.183,0.76,ALERT
391.767,0.3042,0.1643,-0.61,ALERT
391.8,0.2872,0.1544,2.29,ALERT
391.833,0.3062,0.1198,-2.01,ALERT
391.867,0.2966,0.1605,-1.81,ALERT
391.9,0.2895,0.1038,-0.37,ALERT
391.933,0.2899,0.1076,1.74,ALERT
391.967,0.2962,0.1492,0.84,ALERT
392.0,0.301,0.2098,-2.74,ALERT
392.033,0.3278,0.1,-1.59,ALERT
392.067,0.2894,0.0817,-0.63,ALERT
392.1,0.3366,0.1135,-1.47,ALERT
392.133,0.3035,0.1105,-1.32,ALERT
392.167,0.323,0.1603,-3.84,ALERT
392.2,0.2921,0.165,-2.19,ALERT
392.233,0.3153,0.1811,-0.5,ALERT
392.267,0.3001,0.1983,-1.59,ALERT
392.3,0.2888,0.1588,1.98,ALERT
392.333,0.3211,0.1342,0.15,ALERT
392.367,0.3156,0.2194,-1.29,ALERT
392.4,0.3153,0.2036,2.35,ALERT
392.433,0.2889,0.1742,-3.5,ALERT
392.467,0.2896,0.1703,2.85,ALERT
392.5,0.2964,0.108,0.64,ALERT
392.533,0.2957,0.176,1.11,ALERT
392.567,0.3067,0.2051,3.76,ALERT
392.6,0.2961,0.1684,-1.69,ALERT
392.633,0.2812,0.1052,3.48,ALERT
392.667,0.3055,0.0914,0.44,ALERT
392.7,0.2974,0.2186,-0.66,ALERT
392.733,0.3032,0.1883,0.4,ALERT
392.767,0.327,0.1123,-3.22,ALERT
392.8,0.2854,0.1451,-3.42,ALERT
392.833,0.3231,0.1617,-3.54,ALERT
392.867,0.3187,0.0851,-3.77,ALERT
392.9,0.3393,0.0867,-3.41,ALERT
392.933,0.3193,0.1752,-0.16,ALERT
392.967,0.3019,0.0887,3.14,ALERT
393.0,0.3112,0.1582,3.49,ALERT
393.033,0.3042,0.123,2.68,ALERT
393.067,0.2852,0.1601,-0.94,ALERT
393.1,0.2981,0.1413,0.63,ALERT
393.133,0.3047,0.1853,0.97,ALERT
393.167,0.2874,0.2011,1.95,ALERT
393.2,0.3382,0.1685,-0.41,ALERT
393.233,0.319,0.1651,2.18,ALERT
393.267,0.2943,0.1521,-0.21,ALERT
393.3,0.2973,0.1662,2.09,ALERT
393.333,0.2997,0.1675,-1.14,ALERT
393.367,0.2927,0.1768,2.55,ALERT
393.4,0.3373,0.0825,3.03,ALERT
393.433,0.2827,0.1156,2.66,ALERT
393.467,0.3293,0.2019,-1.81,ALERT
393.5,0.3361,0.105,2.34,ALERT
393.533,0.2967,0.1808,-2.96,ALERT
393.567,0.3104,0.2082,0.73,ALERT
393.6,0.2998,0.1583,-3.87,ALERT
393.633,0.3034,0.1302,-0.0,ALERT
393.667,0.2842,0.1269,-0.34,ALERT
393.7,0.2811,0.1664,-0.15,ALERT
393.733,0.2857,0.0972,2.89,ALERT
393.767,0.3145,0.111,0.56,ALERT
393.8,0.3107,0.134,-0.46,ALERT
393.833,0.3228,0.1041,-2.93,ALERT
393.867,0.3323,0.1026,-3.18,ALERT
393.9,0.3163,0.0954,-3.63,ALERT
393.933,0.3143,0.155,0.4,ALERT
393.967,0.2926,0.2147,2.31,ALERT
394.0,0.3173,0.1391,0.83,ALERT
394.033,0.2938,0.1063,2.64,ALERT
394.067,0.3195,0.1403,-1.64,ALERT
394.1,0.2816,0.1796,-2.96,ALERT
394.133,0.3136,0.108,1.08,ALERT
394.167,0.3208,0.155,1.53,ALERT
394.2,0.321,0.0847,-3.99,ALERT
394.233,0.3327,0.1782,-1.23,ALERT
394.267,0.2816,0.1636,-1.43,ALERT
394.3,0.3183,0.1511,3.25,ALERT
394.333,0.3081,0.1804,3.83,ALERT
394.367,0.3313,0.1398,-2.63,ALERT
394.4,0.3364,0.1198,2.48,ALERT
394.433,0.2903,0.1806,-2.61,ALERT
394.467,0.2849,0.1965,-1.86,ALERT
394.5,0.2899,0.2189,-1.4,ALERT
394.533,0.3046,0.1164,-2.82,ALERT
394.567,0.28,0.2111,2.12,ALERT
394.6,0.2957,0.1029,2.2,ALERT
394.633,0.3149,0.1103,-3.68,ALERT
394.667,0.3239,0.162,1.29,ALERT
394.7,0.3207,0.0983,-0.02,ALERT
394.733,0.3361,0.1796,0.09,ALERT
394.767,0.2941,0.2061,-2.07,ALERT
394.8,0.315,0.0902,-3.13,ALERT
394.833,0.2813,0.1847,2.31,ALERT
394.867,0.2814,0.1621,-3.28,ALERT
394.9,0.2974,0.204,1.23,ALERT
394.933,0.3297,0.1601,2.32,ALERT
394.967,0.3248,0.088,3.32,ALERT
395.0,0.3,0.1202,3.81,ALERT
395.033,0.3219,0.2179,2.75,ALERT
395.067,0.2932,0.1633,0.56,ALERT
395.1,0.3131,0.1062,-1.84,ALERT
395.133,0.3322,0.2188,-1.41,ALERT
395.167,0.3272,0.1024,2.57,ALERT
395.2,0.3232,0.193,2.61,ALERT
395.233,0.3083,0.2172,3.85,ALERT
395.267,0.2833,0.199,1.8,ALERT
395.3,0.3041,0.1617,2.23,ALERT
395.333,0.2951,0.1575,-1.63,ALERT
395.367,0.2853,0.178,-0.31,ALERT
395.4,0.2981,0.1516,-2.53,ALERT
395.433,0.2811,0.0997,-1.67,ALERT
395.467,0.3103,0.1641,-1.16,ALERT
395.5,0.3252,0.1156,2.75,ALERT
395.533,0.3315,0.2142,-2.29,ALERT
395.567,0.3312,0.1578,3.5,ALERT
395.6,0.3254,0.2073,-3.08,ALERT
395.633,0.3027,0.187,-2.05,ALERT
395.667,0.3047,0.0906,-3.82,ALERT
395.7,0.2849,0.1484,-1.13,ALERT
395.733,0.3062,0.1171,0.31,ALERT
395.767,0.3394,0.1843,0.53,ALERT
395.8,0.329,0.1976,-3.26,ALERT
395.833,0.2988,0.1074,3.08,ALERT
395.867,0.332,0.1339,-0.95,ALERT
395.9,0.3233,0.0915,1.86,ALERT
395.933,0.3101,0.1175,0.65,ALERT
395.967,0.3041,0.198,-0.62,ALERT
396.0,0.3095,0.179,-2.55,ALERT
396.033,0.1402,0.1402,1.79,ALERT
396.067,0.3347,0.1546,-1.38,ALERT
396.1,0.3231,0.0895,1.75,ALERT
396.133,0.2929,0.0826,-0.81,ALERT
396.167,0.3281,0.1926,2.25,ALERT
396.2,0.2836,0.1812,-1.27,ALERT
396.233,0.3339,0.201,-1.72,ALERT
396.267,0.3059,0.1451,-3.13,ALERT
396.3,0.2995,0.0883,0.05,ALERT
396.333,0.2998,0.12,2.74,ALERT
396.367,0.3156,0.1095,-1.52,ALERT
396.4,0.3347,0.198,3.1,ALERT
396.433,0.3259,0.1183,-1.73,ALERT
396.467,0.297,0.1153,-2.79,ALERT
396.5,0.2914,0.1877,-0.42,ALERT
396.533,0.3056,0.2089,-2.81,ALERT
396.567,0.3158,0.0968,2.53,ALERT
396.6,0.3125,0.2009,-3.39,ALERT
396.633,0.2955,0.1153,-3.49,ALERT
396.667,0.3383,0.1053,-2.44,ALERT
396.7,0.3291,0.1935,-3.58,ALERT
396.733,0.3125,0.1016,-0.66,ALERT
396.767,0.3174,0.1463,1.19,ALERT
396.8,0.2892,0.2098,3.78,ALERT
396.833,0.3138,0.1125,-1.19,ALERT
396.867,0.3352,0.1059,0.43,ALERT
396.9,0.2969,0.1375,0.94,ALERT
396.933,0.2888,0.1032,2.78,ALERT
396.967,0.1226,0.1108,-3.01,ALERT
397.0,0.3197,0.1548,-0.22,ALERT
397.033,0.3366,0.1595,2.59,ALERT
397.067,0.3373,0.1817,-3.38,ALERT
397.1,0.3096,0.212,-3.14,ALERT
397.133,0.2942,0.1198,2.72,ALERT
397.167,0.2891,0.109,-1.46,ALERT
397.2,0.3321,0.1196,3.37,ALERT
397.233,0.3368,0.0985,1.79,ALERT
397.267,0.3209,0.1884,-2.35,ALERT
397.3,0.3033,0.1342,1.02,ALERT
397.333,0.3281,0.1962,2.16,ALERT
397.367,0.3094,0.0846,-2.41,ALERT
397.4,0.3216,0.1703,-2.58,ALERT
397.433,0.2966,0.2,-1.59,ALERT
397.467,0.3216,0.128,-1.85,ALERT
397.5,0.3292,0.0935,3.93,ALERT
397.533,0.3308,0.1084,3.31,ALERT
397.567,0.3327,0.1468,-2.16,ALERT
397.6,0.2914,0.1944,2.18,ALERT
397.633,0.3152,0.0927,0.62,ALERT
397.667,0.3129,0.1656,-3.72,ALERT
397.7,0.2971,0.2049,-1.76,ALERT
397.733,0.2987,0.085,-3.59,ALERT
397.767,0.313,0.2076,-3.41,ALERT
397.8,0.2945,0.1394,0.96,ALERT
397.833,0.3063,0.1043,-1.88,ALERT
397.867,0.3341,0.0969,-0.64,ALERT
397.9,0.3038,0.1601,1.75,ALERT
397.933,0.297,0.1719,-1.6,ALERT
397.967,0.2845,0.0866,0.04,ALERT
398.0,0.2951,0.1291,1.34,ALERT
398.033,0.2935,0.2184,-3.13,ALERT
398.067,0.158,0.1917,1.89,ALERT
398.1,0.2967,0.0843,-3.34,ALERT
398.133,0.3341,0.0975,-3.37,ALERT
398.167,0.3049,0.0989,-2.58,ALERT
398.2,0.3317,0.1866,3.23,ALERT
398.233,0.2852,0.1768,-1.46,ALERT
398.267,0.3392,0.1845,3.72,ALERT
398.3,0.3287,0.1321,0.28,ALERT
398.333,0.3032,0.2031,-3.91,ALERT
398.367,0.3078,0.1424,1.51,ALERT
398.4,0.3092,0.2062,-2.52,ALERT
398.433,0.2969,0.1333,-0.41,ALERT
398.467,0.2871,0.1106,-0.39,ALERT
398.5,0.2968,0.117,1.85,ALERT
398.533,0.2951,0.1616,-3.01,ALERT
398.567,0.2828,0.1908,-2.81,ALERT
398.6,0.3398,0.1072,1.07,ALERT
398.633,0.295,0.1554,-3.15,ALERT
398.667,0.3263,0.1852,0.08,ALERT
398.7,0.3148,0.1735,-2.93,ALERT
398.733,0.3395,0.1772,2.76,ALERT
398.767,0.2825,0.0856,-3.43,ALERT
398.8,0.3266,0.1948,-0.44,ALERT
398.833,0.308,0.2194,3.32,ALERT
398.867,0.2881,0.1125,-0.46,ALERT
398.9,0.3147,0.1658,0.92,ALERT
398.933,0.3208,0.1705,-0.73,ALERT
398.967,0.3261,0.1015,-3.93,ALERT
399.0,0.2996,0.1271,-1.04,ALERT
399.033,0.3329,0.1065,3.36,ALERT
399.067,0.2854,0.1632,-3.04,ALERT
399.1,0.2971,0.1069,3.13,ALERT
399.133,0.283,0.1286,3.31,ALERT
399.167,0.3017,0.134,2.28,ALERT
399.2,0.3214,0.0853,-3.68,ALERT
399.233,0.3055,0.1178,3.54,ALERT
399.267,0.2983,0.113,-1.4,ALERT
399.3,0.3203,0.1182,-3.68,ALERT
399.333,0.2995,0.2157,-3.23,ALERT
399.367,0.3357,0.1896,-3.61,ALERT
399.4,0.2948,0.2056,-0.96,ALERT
399.433,0.3242,0.0834,-3.89,ALERT
399.467,0.3366,0.1862,-3.53,ALERT
399.5,0.3201,0.1251,3.46,ALERT
399.533,0.3295,0.2046,-1.66,ALERT
399.567,0.3164,0.2156,-1.68,ALERT
399.6,0.2877,0.1333,1.01,ALERT
399.633,0.3308,0.1199,2.24,ALERT
399.667,0.3397,0.1039,-1.18,ALERT
399.7,0.3262,0.1979,1.23,ALERT
399.733,0.2848,0.2146,-2.9,ALERT
399.767,0.2801,0.1101,3.62,ALERT
399.8,0.3079,0.2147,1.44,ALERT
399.833,0.3031,0.1999,-1.66,ALERT
399.867,0.2995,0.2134,-0.73,ALERT
399.9,0.3247,0.1984,3.12,ALERT
399.933,0.2971,0.0992,-0.85,ALERT
399.967,0.3066,0.118,3.55,ALERT
400.0,0.2843,0.1877,3.54,ALERT
400.033,0.3274,0.2122,2.11,ALERT
400.067,0.3112,0.138,3.65,ALERT
400.1,0.3284,0.1928,3.67,ALERT
400.133,0.3093,0.1198,-1.11,ALERT
400.167,0.2941,0.1115,-0.11,ALERT
400.2,0.3219,0.1147,3.84,ALERT
400.233,0.3129,0.1462,-2.18,ALERT
400.267,0.3199,0.1606,1.66,ALERT
400.3,0.2913,0.1625,-3.31,ALERT
400.333,0.3131,0.149,-0.36,ALERT
400.367,0.3332,0.1403,-3.71,ALERT
400.4,0.3012,0.1316,1.49,ALERT
400.433,0.3028,0.1409,-1.48,ALERT
400.467,0.2975,0.1108,-0.25,ALERT
400.5,0.3092,0.0985,4.0,ALERT
400.533,0.2875,0.1291,-0.93,ALERT
400.567,0.3175,0.1711,1.73,ALERT
400.6,0.3073,0.1744,-3.7,ALERT
400.633,0.3323,0.1545,-2.22,ALERT
400.667,0.29,0.1618,1.91,ALERT
400.7,0.3273,0.1606,1.31,ALERT
400.733,0.3363,0.1782,1.45,ALERT
400.767,0.3019,0.1706,-2.06,ALERT
400.8,0.1721,0.1063,-1.78,ALERT
400.833,0.3128,0.1126,-0.45,ALERT
400.867,0.3049,0.0952,2.54,ALERT
400.9,0.2988,0.205,0.62,ALERT
400.933,0.2932,0.119,-0.15,ALERT
400.967,0.303,0.1222,3.33,ALERT
401.0,0.3379,0.1146,0.89,ALERT
401.033,0.2943,0.1484,3.1,ALERT
401.067,0.3037,0.158,2.58,ALERT
401.1,0.3346,0.1173,3.98,ALERT
401.133,0.2831,0.1659,-3.79,ALERT
401.167,0.284,0.2114,-1.88,ALERT
401.2,0.3114,0.1902,3.36,ALERT
401.233,0.2843,0.103,1.34,ALERT
401.267,0.1568,0.1265,-3.78,ALERT
401.3,0.3061,0.1497,2.25,ALERT
401.333,0.306,0.1176,1.33,ALERT
401.367,0.288,0.2104,-1.2,ALERT
401.4,0.2818,0.1293,-1.83,ALERT
401.433,0.2819,0.1195,0.26,ALERT
401.467,0.2811,0.0992,3.69,ALERT
401.5,0.3325,0.116,2.43,ALERT
401.533,0.3392,0.1361,3.5,ALERT
401.567,0.3345,0.1115,3.03,ALERT
401.6,0.3316,0.1572,1.66,ALERT
401.633,0.1501,0.1104,-3.36,ALERT
401.667,0.3078,0.2189,1.76,ALERT
401.7,0.3355,0.131,-0.98,ALERT
401.733,0.3083,0.1751,-0.93,ALERT
401.767,0.3031,0.0818,3.63,ALERT
401.8,0.3071,0.106,-3.45,ALERT
401.833,0.3283,0.1958,-2.83,ALERT
401.867,0.2923,0.1731,1.7,ALERT
401.9,0.3091,0.1306,-2.54,ALERT
401.933,0.3247,0.1705,1.82,ALERT
401.967,0.3023,0.1345,-0.95,ALERT
402.0,0.3343,0.1716,2.16,ALERT
402.033,0.3342,0.1615,0.43,ALERT
402.067,0.3018,0.1615,0.93,ALERT
402.1,0.3064,0.1055,3.52,ALERT
402.133,0.2839,0.1292,-1.59,ALERT
402.167,0.3226,0.1921,2.02,ALERT
402.2,0.3371,0.0835,0.5,ALERT
402.233,0.2924,0.1097,1.41,ALERT
402.267,0.3006,0.134,-1.48,ALERT
402.3,0.3152,0.0813,2.55,ALERT
402.333,0.3195,0.1201,-1.02,ALERT
402.367,0.3219,0.159,0.12,ALERT
402.4,0.3385,0.1873,-2.43,ALERT
402.433,0.3252,0.1505,3.8,ALERT
402.467,0.2881,0.1136,-3.08,ALERT
402.5,0.3149,0.1383,-1.06,ALERT
402.533,0.2917,0.1565,-3.83,ALERT
402.567,0.3235,0.1341,-1.82,ALERT
402.6,0.2958,0.1033,-2.9,ALERT
402.633,0.3216,0.2074,-1.04,ALERT
402.667,0.3304,0.158,1.3,ALERT
402.7,0.3027,0.1762,-0.05,ALERT
402.733,0.2883,0.1761,0.74,ALERT
402.767,0.336,0.1773,-0.22,ALERT
402.8,0.3153,0.1048,-3.18,ALERT
402.833,0.329,0.0855,-3.29,ALERT
402.867,0.3242,0.1713,0.22,ALERT
402.9,0.3058,0.1191,-2.95,ALERT
402.933,0.3081,0.1971,-1.02,ALERT
402.967,0.1699,0.2001,2.47,ALERT
403.0,0.2938,0.19,3.63,ALERT
403.033,0.2881,0.1267,-3.55,ALERT
403.067,0.2838,0.1375,0.32,ALERT
403.1,0.294,0.0902,-1.25,ALERT
403.133,0.2857,0.1455,-1.84,ALERT
403.167,0.2956,0.2024,3.17,ALERT
403.2,0.3278,0.2052,-0.0,ALERT
403.233,0.312,0.0858,-3.9,ALERT
403.267,0.3199,0.1684,1.56,ALERT
403.3,0.3379,0.0957,-1.25,ALERT
403.333,0.2898,0.1241,0.59,ALERT
403.367,0.3078,0.114,0.77,ALERT
403.4,0.3228,0.2013,-2.04,ALERT
403.433,0.2989,0.1935,3.09,ALERT
403.467,0.3145,0.1037,0.01,ALERT
403.5,0.3357,0.17,3.34,ALERT
403.533,0.2845,0.1928,1.65,ALERT
403.567,0.3385,0.0815,-2.37,ALERT
403.6,0.2844,0.1866,-2.78,ALERT
403.633,0.2926,0.1927,0.51,ALERT
403.667,0.3234,0.1242,-3.37,ALERT
403.7,0.3348,0.106,0.1,ALERT
403.733,0.2875,0.1424,-2.1,ALERT
403.767,0.2905,0.1463,-3.45,ALERT
403.8,0.2913,0.1714,-1.13,ALERT
403.833,0.3359,0.1664,-3.33,ALERT
403.867,0.311,0.1321,3.89,ALERT
403.9,0.2939,0.1664,-1.77,ALERT
403.933,0.3321,0.1648,2.36,ALERT
403.967,0.3108,0.1225,0.0,ALERT
404.0,0.3341,0.1377,-0.68,ALERT
404.033,0.2869,0.2016,2.7,ALERT
404.067,0.3154,0.1225,1.14,ALERT
404.1,0.3212,0.0959,-0.55,ALERT
404.133,0.3085,0.2048,2.01,ALERT
404.167,0.2916,0.0953,3.6,ALERT
404.2,0.3133,0.188,0.18,ALERT
404.233,0.3106,0.2121,-1.13,ALERT
404.267,0.3323,0.1716,-2.85,ALERT
404.3,0.333,0.1929,-3.49,ALERT
404.333,0.3304,0.1355,-3.52,ALERT
404.367,0.2805,0.2052,1.82,ALERT
404.4,0.3191,0.1237,2.53,ALERT
404.433,0.2979,0.2016,0.77,ALERT
404.467,0.3212,0.0829,2.23,ALERT
404.5,0.3267,0.1534,-0.54,ALERT
404.533,0.2826,0.1472,1.99,ALERT
404.567,0.3078,0.2048,3.19,ALERT
404.6,0.2885,0.167,-1.93,ALERT
404.633,0.2934,0.1156,3.89,ALERT
404.667,0.2973,0.1884,-0.8,ALERT
404.7,0.313,0.1909,-1.67,ALERT
404.733,0.3042,0.1637,2.35,ALERT
404.767,0.2893,0.2138,2.61,ALERT
404.8,0.3215,0.1015,1.76,ALERT
404.833,0.3025,0.1867,0.67,ALERT
404.867,0.3122,0.1459,0.72,ALERT
404.9,0.3146,0.1284,-3.26,ALERT
404.933,0.3057,0.1641,1.37,ALERT
404.967,0.2809,0.0983,-0.68,ALERT
405.0,0.2903,0.1197,-1.47,ALERT
405.033,0.293,0.1298,0.76,ALERT
405.067,0.3387,0.1252,-0.8,ALERT
405.1,0.3195,0.1864,-0.62,ALERT
405.133,0.3279,0.1894,0.09,ALERT
405.167,0.2842,0.2084,-3.63,ALERT
405.2,0.3359,0.1244,3.85,ALERT
405.233,0.2907,0.2009,0.36,ALERT
405.267,0.3133,0.0895,3.49,ALERT
405.3,0.3136,0.1146,1.95,ALERT
405.333,0.2801,0.1438,3.62,ALERT
405.367,0.3026,0.1107,-0.69,ALERT
405.4,0.2982,0.0854,-0.59,ALERT
405.433,0.3134,0.1583,0.5,ALERT
405.467,0.3275,0.1147,2.58,ALERT
405.5,0.2802,0.2139,-0.79,ALERT
405.533,0.2922,0.2108,-1.62,ALERT
405.567,0.3095,0.2133,0.42,ALERT
405.6,0.2936,0.1758,1.13,ALERT
405.633,0.2966,0.1326,3.3,ALERT
405.667,0.3281,0.1043,0.85,ALERT
405.7,0.3069,0.1506,2.73,ALERT
405.733,0.3168,0.0888,3.28,ALERT
405.767,0.3118,0.1621,0.74,ALERT
405.8,0.2854,0.1961,-0.91,ALERT
405.833,0.2928,0.2121,-3.94,ALERT
405.867,0.3269,0.1856,-3.01,ALERT
405.9,0.2852,0.0991,-1.05,ALERT
405.933,0.3285,0.2179,1.99,ALERT
405.967,0.3322,0.2136,3.95,ALERT
406.0,0.3225,0.1458,3.81,ALERT
406.033,0.3021,0.1227,0.12,ALERT
406.067,0.3116,0.1381,-2.74,ALERT
406.1,0.3048,0.1171,-2.65,ALERT
406.133,0.3321,0.205,-2.45,ALERT
406.167,0.3084,0.2152,0.23,ALERT
406.2,0.3068,0.161,-3.19,ALERT
406.233,0.2963,0.2023,-0.77,ALERT
406.267,0.333,0.1215,0.42,ALERT
406.3,0.3228,0.1527,0.49,ALERT
406.333,0.3111,0.1466,-0.92,ALERT
406.367,0.3288,0.1631,3.94,ALERT
406.4,0.31,0.2129,0.63,ALERT
406.433,0.3142,0.1671,-1.86,ALERT
406.467,0.3001,0.2104,-3.85,ALERT
406.5,0.2994,0.0989,2.98,ALERT
406.533,0.2968,0.2021,2.7,ALERT
406.567,0.3109,0.1194,1.77,ALERT
406.6,0.299,0.2068,3.73,ALERT
406.633,0.339,0.1332,-1.95,ALERT
406.667,0.2881,0.1177,-1.07,ALERT
406.7,0.284,0.2061,-0.57,ALERT
406.733,0.3163,0.2192,-3.06,ALERT
406.767,0.2866,0.1393,1.64,ALERT
406.8,0.3098,0.0927,-3.74,ALERT
406.833,0.3111,0.1143,-1.13,ALERT
406.867,0.308,0.1434,-2.35,ALERT
406.9,0.2937,0.0961,-2.94,ALERT
406.933,0.323,0.1853,-0.44,ALERT
406.967,0.2931,0.2035,-0.08,ALERT
407.0,0.3238,0.1041,0.72,ALERT
407.033,0.3366,0.1858,2.99,ALERT
407.067,0.2954,0.1374,-2.62,ALERT
407.1,0.2909,0.2089,-1.87,ALERT
407.133,0.3249,0.1487,3.21,ALERT
407.167,0.3153,0.185,-3.78,ALERT
407.2,0.3281,0.1407,1.88,ALERT
407.233,0.2955,0.1573,-3.1,ALERT
407.267,0.3287,0.0954,1.18,ALERT
407.3,0.287,0.1943,-1.09,ALERT
407.333,0.3201,0.1901,0.58,ALERT
407.367,0.34,0.1044,1.13,ALERT
407.4,0.3206,0.0924,-3.33,ALERT
407.433,0.3172,0.1213,2.07,ALERT
407.467,0.2803,0.123,2.72,ALERT
407.5,0.3313,0.091,-3.68,ALERT
407.533,0.3351,0.2199,0.5,ALERT
407.567,0.3009,0.2176,3.97,ALERT
407.6,0.3379,0.1908,0.99,ALERT
407.633,0.3334,0.1796,0.81,ALERT
407.667,0.3093,0.2141,-0.76,ALERT
407.7,0.3007,0.1769,1.07,ALERT
407.733,0.2828,0.1598,-0.81,ALERT
407.767,0.3282,0.1509,2.72,ALERT
407.8,0.3003,0.1809,1.04,ALERT
407.833,0.2919,0.116,1.3,ALERT
407.867,0.2983,0.2096,1.92,ALERT
407.9,0.3385,0.1775,2.59,ALERT
407.933,0.3201,0.1579,-3.96,ALERT
407.967,0.3299,0.1934,0.31,ALERT
408.0,0.3232,0.1816,1.04,ALERT
408.033,0.2857,0.2178,-3.57,ALERT
408.067,0.3375,0.1903,-3.02,ALERT
408.1,0.339,0.1978,2.54,ALERT
408.133,0.3191,0.1626,2.01,ALERT
408.167,0.3274,0.1494,-2.68,ALERT
408.2,0.3042,0.1972,2.48,ALERT
408.233,0.3367,0.1695,-3.06,ALERT
408.267,0.3237,0.1614,-3.19,ALERT
408.3,0.286,0.0906,3.19,ALERT
408.333,0.3317,0.2155,-3.32,ALERT
408.367,0.3053,0.1782,2.45,ALERT
408.4,0.3342,0.2077,1.93,ALERT
408.433,0.2896,0.1804,-3.81,ALERT
408.467,0.3375,0.1585,0.4,ALERT
408.5,0.2821,0.1365,-2.12,ALERT
408.533,0.3273,0.2089,-3.97,ALERT
408.567,0.3241,0.1288,1.54,ALERT
408.6,0.1732,0.2191,-0.61,ALERT
408.633,0.2966,0.1289,2.31,ALERT
408.667,0.3176,0.0881,-3.91,ALERT
408.7,0.3116,0.1506,2.0,ALERT
408.733,0.282,0.1726,-0.36,ALERT
408.767,0.3227,0.144,-2.91,ALERT
408.8,0.3199,0.1783,1.59,ALERT
408.833,0.3141,0.1538,3.51,ALERT
408.867,0.3087,0.202,-2.97,ALERT
408.9,0.3197,0.2149,3.85,ALERT
408.933,0.3123,0.1384,-3.19,ALERT
408.967,0.3069,0.0921,-1.35,ALERT
409.0,0.2844,0.119,3.16,ALERT
409.033,0.3061,0.1041,2.93,ALERT
409.067,0.2849,0.0883,3.2,ALERT
409.1,0.3064,0.127,2.74,ALERT
409.133,0.1298,0.2091,0.73,ALERT
409.167,0.323,0.1554,1.34,ALERT
409.2,0.3078,0.2059,-0.31,ALERT
409.233,0.3039,0.1751,-1.2,ALERT
409.267,0.2877,0.0934,-2.42,ALERT
409.3,0.3125,0.1983,3.82,ALERT
409.333,0.3009,0.1394,-0.96,ALERT
409.367,0.297,0.134,-0.18,ALERT
409.4,0.2883,0.1588,-1.82,ALERT
409.433,0.1783,0.1638,-1.59,ALERT
409.467,0.2811,0.1746,-1.02,ALERT
409.5,0.3038,0.1262,2.09,ALERT
409.533,0.3041,0.1916,2.76,ALERT
409.567,0.3263,0.147,-0.9,ALERT
409.6,0.3169,0.113,2.71,ALERT
409.633,0.3094,0.1761,-1.58,ALERT
409.667,0.3251,0.187,-1.43,ALERT
409.7,0.3366,0.0872,2.81,ALERT
409.733,0.3263,0.1537,-3.81,ALERT
409.767,0.3218,0.0879,-1.48,ALERT
409.8,0.2926,0.1016,3.69,ALERT
409.833,0.3092,0.162,2.99,ALERT
409.867,0.3147,0.0925,3.13,ALERT
409.9,0.2872,0.1864,-0.42,ALERT
409.933,0.1707,0.1708,3.26,ALERT
409.967,0.3209,0.1177,1.36,ALERT
410.0,0.3198,0.084,2.67,ALERT
410.033,0.2921,0.2141,3.19,ALERT
410.067,0.2867,0.1277,-2.73,ALERT
410.1,0.3125,0.2058,3.22,ALERT
410.133,0.2929,0.2094,3.59,ALERT
410.167,0.3275,0.2034,-1.75,ALERT
410.2,0.3219,0.1381,-0.37,ALERT
410.233,0.3264,0.0927,-3.98,ALERT
410.267,0.3222,0.2004,3.23,ALERT
410.3,0.3221,0.1717,-1.63,ALERT
410.333,0.2924,0.1942,-2.6,ALERT
410.367,0.143,0.1602,0.2,ALERT
410.4,0.2805,0.2005,1.61,ALERT
410.433,0.3249,0.1728,2.24,ALERT
410.467,0.2931,0.1604,-0.34,ALERT
410.5,0.2864,0.1666,-3.85,ALERT
410.533,0.3187,0.104,2.45,ALERT
410.567,0.3158,0.0938,1.64,ALERT
410.6,0.3152,0.1536,0.05,ALERT
410.633,0.2834,0.164,3.77,ALERT
410.667,0.2822,0.1838,-0.21,ALERT
410.7,0.3174,0.1482,1.58,ALERT
410.733,0.1527,0.1668,0.33,ALERT
410.767,0.3282,0.1975,1.45,ALERT
410.8,0.3114,0.1688,3.19,ALERT
410.833,0.3242,0.124,3.14,ALERT
410.867,0.3047,0.1129,-3.53,ALERT
410.9,0.2881,0.1974,0.89,ALERT
410.933,0.3188,0.119,-0.4,ALERT
410.967,0.3226,0.129,0.18,ALERT
411.0,0.3028,0.1375,0.13,ALERT
411.033,0.29,0.1432,-1.63,ALERT
411.067,0.2839,0.0853,-0.5,ALERT
411.1,0.3261,0.1004,-1.77,ALERT
411.133,0.3026,0.1294,2.13,ALERT
411.167,0.3239,0.1565,0.07,ALERT
411.2,0.2993,0.0802,2.79,ALERT
411.233,0.3372,0.1284,3.06,ALERT
411.267,0.3375,0.0974,-2.19,ALERT
411.3,0.3335,0.1297,-1.86,ALERT
411.333,0.3313,0.1837,-1.71,ALERT
411.367,0.3225,0.1199,0.55,ALERT
411.4,0.3115,0.1468,1.68,ALERT
411.433,0.3155,0.2028,0.03,ALERT
411.467,0.3104,0.1432,1.52,ALERT
411.5,0.3034,0.1851,-2.02,ALERT
411.533,0.32,0.1821,-2.56,ALERT
411.567,0.3312,0.1044,0.19,ALERT
411.6,0.3129,0.111,2.25,ALERT
411.633,0.316,0.12,-0.85,ALERT
411.667,0.2843,0.1222,-0.89,ALERT
411.7,0.286,0.1047,-0.71,ALERT
411.733,0.3283,0.0996,-1.65,ALERT
411.767,0.1527,0.148,-0.87,ALERT
411.8,0.2953,0.0895,0.37,ALERT
411.833,0.3272,0.0918,3.51,ALERT
411.867,0.2848,0.1986,0.55,ALERT
411.9,0.3303,0.1142,-3.42,ALERT
411.933,0.3295,0.1951,2.4,ALERT
411.967,0.3044,0.1528,2.93,ALERT
412.0,0.2926,0.2089,-1.48,ALERT
412.033,0.3224,0.1638,3.12,ALERT
412.067,0.3165,0.1978,-0.03,ALERT
412.1,0.3252,0.1866,3.37,ALERT
412.133,0.3379,0.1435,3.27,ALERT
412.167,0.2856,0.1192,-0.83,ALERT
412.2,0.3096,0.0924,0.89,ALERT
412.233,0.2985,0.1201,2.5,ALERT
412.267,0.2885,0.2152,1.82,ALERT
412.3,0.3081,0.109,-0.26,ALERT
412.333,0.3233,0.0896,-3.64,ALERT
412.367,0.2848,0.0902,2.38,ALERT
412.4,0.3208,0.0924,-0.67,ALERT
412.433,0.3379,0.1032,2.8,ALERT
412.467,0.2953,0.1223,-3.67,ALERT
412.5,0.3126,0.1723,-0.58,ALERT
412.533,0.2899,0.1781,3.58,ALERT
412.567,0.3323,0.159,0.31,ALERT
412.6,0.3373,0.0894,3.12,ALERT
412.633,0.3193,0.0941,-2.02,ALERT
412.667,0.3206,0.1492,-3.01,ALERT
412.7,0.3137,0.1122,-1.44,ALERT
412.733,0.3139,0.1489,2.72,ALERT
412.767,0.3156,0.1442,3.49,ALERT
412.8,0.3219,0.1259,-0.66,ALERT
412.833,0.2859,0.1018,3.88,ALERT
412.867,0.3342,0.1511,-1.77,ALERT
412.9,0.2977,0.1495,0.89,ALERT
412.933,0.3202,0.1468,0.05,ALERT
412.967,0.2827,0.1668,2.04,ALERT
413.0,0.2839,0.1075,3.84,ALERT
413.033,0.3346,0.0906,0.55,ALERT
413.067,0.3355,0.0843,-0.73,ALERT
413.1,0.3366,0.1843,3.92,ALERT
413.133,0.285,0.1907,0.95,ALERT
413.167,0.3177,0.0899,-2.31,ALERT
413.2,0.304,0.1053,-1.7,ALERT
413.233,0.318,0.1129,-1.7,ALERT
413.267,0.327,0.1211,-0.84,ALERT
413.3,0.2998,0.104,1.32,ALERT
413.333,0.2937,0.1274,0.13,ALERT
413.367,0.3384,0.1357,1.01,ALERT
413.4,0.3326,0.1521,1.12,ALERT
413.433,0.2894,0.1722,1.19,ALERT
413.467,0.2832,0.1489,-3.02,ALERT
413.5,0.3077,0.1336,-2.02,ALERT
413.533,0.324,0.179,2.35,ALERT
413.567,0.3111,0.1319,3.68,ALERT
413.6,0.286,0.187,-0.99,ALERT
413.633,0.3087,0.0865,0.97,ALERT
413.667,0.3287,0.109,-1.62,ALERT
413.7,0.3211,0.1952,2.37,ALERT
413.733,0.305,0.1733,-2.8,ALERT
413.767,0.3121,0.091,2.82,ALERT
413.8,0.3162,0.0815,-1.57,ALERT
413.833,0.3196,0.1223,-2.57,ALERT
413.867,0.2952,0.1227,-1.72,ALERT
413.9,0.3124,0.154,-3.94,ALERT
413.933,0.3104,0.1888,1.81,ALERT
413.967,0.2829,0.1628,-1.57,ALERT
414.0,0.3316,0.1739,-0.86,ALERT
414.033,0.3236,0.0939,3.25,ALERT
414.067,0.287,0.1629,0.0,ALERT
414.1,0.2856,0.1898,-1.36,ALERT
414.133,0.324,0.0989,3.51,ALERT
414.167,0.2841,0.1812,-2.52,ALERT
414.2,0.3051,0.1903,1.9,ALERT
414.233,0.2838,0.1499,1.72,ALERT
414.267,0.3171,0.2115,2.1,ALERT
414.3,0.3305,0.1262,0.97,ALERT
414.333,0.2871,0.1032,0.67,ALERT
414.367,0.3034,0.1409,2.46,ALERT
414.4,0.3197,0.2193,-2.47,ALERT
414.433,0.2844,0.1941,-0.69,ALERT
414.467,0.3316,0.0817,1.69,ALERT
414.5,0.2975,0.1376,-1.16,ALERT
414.533,0.3168,0.1369,-2.21,ALERT
414.567,0.3004,0.2161,2.33,ALERT
414.6,0.3049,0.2164,2.47,ALERT
414.633,0.3282,0.1643,3.48,ALERT
414.667,0.3107,0.0881,2.55,ALERT
414.7,0.3352,0.1297,-0.47,ALERT
414.733,0.2914,0.1883,0.12,ALERT
414.767,0.3328,0.1826,1.23,ALERT
414.8,0.2943,0.1588,1.35,ALERT
414.833,0.315,0.1819,0.21,ALERT
414.867,0.3042,0.0962,-2.1,ALERT
414.9,0.3035,0.1979,-3.79,ALERT
414.933,0.2936,0.1161,-3.2,ALERT
414.967,0.3275,0.1975,2.48,ALERT
415.0,0.2989,0.2199,0.08,ALERT
415.033,0.1546,0.149,-3.19,ALERT
415.067,0.3019,0.2067,3.5,ALERT
415.1,0.2828,0.1176,3.74,ALERT
415.133,0.3296,0.1243,2.36,ALERT
415.167,0.289,0.1439,1.14,ALERT
415.2,0.3301,0.1361,0.35,ALERT
415.233,0.2912,0.1645,1.15,ALERT
415.267,0.33,0.1669,-3.46,ALERT
415.3,0.3062,0.2098,-0.54,ALERT
415.333,0.3323,0.1075,1.14,ALERT
415.367,0.3155,0.1413,-4.0,ALERT
415.4,0.2909,0.1637,0.9,ALERT
415.433,0.33,0.1703,-2.83,ALERT
415.467,0.3376,0.1287,-3.86,ALERT
415.5,0.2863,0.1804,-2.59,ALERT
415.533,0.2903,0.2097,0.09,ALERT
415.567,0.3142,0.1163,1.41,ALERT
415.6,0.2811,0.2053,2.12,ALERT
415.633,0.287,0.1003,3.27,ALERT
415.667,0.3133,0.1411,2.6,ALERT
415.7,0.3131,0.0854,3.03,ALERT
415.733,0.3287,0.1728,1.61,ALERT
415.767,0.3375,0.1866,-2.31,ALERT
415.8,0.3378,0.144,-0.1,ALERT
415.833,0.3081,0.1585,-3.54,ALERT
415.867,0.2817,0.2197,-1.57,ALERT
415.9,0.3052,0.1437,-0.56,ALERT
415.933,0.2964,0.0928,-0.91,ALERT
415.967,0.3014,0.1774,0.12,ALERT
416.0,0.331,0.1903,-0.67,ALERT
416.033,0.2971,0.1263,0.32,ALERT
416.067,0.3081,0.1447,-1.44,ALERT
416.1,0.2852,0.1014,-0.22,ALERT
416.133,0.2931,0.2123,-1.13,ALERT
416.167,0.2847,0.0852,0.42,ALERT
416.2,0.1696,0.1627,-0.54,ALERT
416.233,0.3277,0.0911,0.22,ALERT
416.267,0.3192,0.1228,-3.8,ALERT
416.3,0.3137,0.1728,-3.7,ALERT
416.333,0.3217,0.1539,-0.8,ALERT
416.367,0.3289,0.1895,3.69,ALERT
416.4,0.1412,0.1631,1.25,ALERT
416.433,0.2853,0.1604,3.49,ALERT
416.467,0.3194,0.163,0.42,ALERT
416.5,0.3318,0.1983,-2.59,ALERT
416.533,0.3331,0.1525,-3.75,ALERT
416.567,0.3207,0.1574,3.71,ALERT
416.6,0.312,0.1286,-2.15,ALERT
416.633,0.3299,0.1605,0.23,ALERT
416.667,0.2866,0.2145,0.28,ALERT
416.7,0.326,0.1747,-2.47,ALERT
416.733,0.3338,0.1458,-1.45,ALERT
416.767,0.3151,0.1591,0.4,ALERT
416.8,0.3355,0.1106,-0.22,ALERT
416.833,0.3304,0.1094,-3.82,ALERT
416.867,0.305,0.1973,-2.72,ALERT
416.9,0.3392,0.1526,-1.68,ALERT
416.933,0.3296,0.153,3.41,ALERT
416.967,0.3067,0.099,0.21,ALERT
417.0,0.3019,0.1978,-0.23,ALERT
417.033,0.3278,0.1858,-2.7,ALERT
417.067,0.3154,0.1959,-3.42,ALERT
417.1,0.3394,0.1097,0.47,ALERT
417.133,0.3141,0.1235,-0.77,ALERT
417.167,0.3182,0.0958,-1.59,ALERT
417.2,0.2942,0.0983,-3.47,ALERT
417.233,0.2843,0.2095,-1.65,ALERT
417.267,0.3105,0.1232,-1.02,ALERT
417.3,0.3166,0.2073,3.02,ALERT
417.333,0.3171,0.1093,-0.08,ALERT
417.367,0.2956,0.2152,2.7,ALERT
417.4,0.2803,0.1272,1.83,ALERT
417.433,0.2898,0.2175,0.66,ALERT
417.467,0.3345,0.12,-3.41,ALERT
417.5,0.3334,0.1996,1.52,ALERT
417.533,0.3148,0.0959,2.63,ALERT
417.567,0.2883,0.1085,2.08,ALERT
417.6,0.2909,0.1574,3.57,ALERT
417.633,0.3384,0.0926,-2.49,ALERT
417.667,0.312,0.1155,-1.15,ALERT
417.7,0.2912,0.0955,-3.6,ALERT
417.733,0.2944,0.1958,-3.61,ALERT
417.767,0.2802,0.1841,-1.01,ALERT
417.8,0.335,0.1553,2.0,ALERT
417.833,0.2817,0.0876,-2.7,ALERT
417.867,0.3122,0.1811,1.96,ALERT
417.9,0.3303,0.157,-2.82,ALERT
417.933,0.3236,0.2059,2.06,ALERT
417.967,0.2982,0.1041,-3.88,ALERT
418.0,0.2938,0.1418,-3.66,ALERT
418.033,0.3062,0.1649,0.99,ALERT
418.067,0.322,0.1322,0.13,ALERT
418.1,0.3324,0.1379,-3.97,ALERT
418.133,0.2888,0.0887,3.95,ALERT
418.167,0.3386,0.1045,3.67,ALERT
418.2,0.318,0.0828,0.97,ALERT
418.233,0.295,0.1764,-1.77,ALERT
418.267,0.3077,0.2035,-2.04,ALERT
418.3,0.3082,0.1926,-1.06,ALERT
418.333,0.3369,0.1162,3.6,ALERT
418.367,0.3298,0.1893,1.91,ALERT
418.4,0.3248,0.0911,-1.61,ALERT
418.433,0.3192,0.1584,-1.41,ALERT
418.467,0.3097,0.1364,-3.29,ALERT
418.5,0.311,0.1885,2.14,ALERT
418.533,0.3332,0.1516,-0.7,ALERT
418.567,0.3145,0.1152,2.8,ALERT
418.6,0.338,0.2086,3.51,ALERT
418.633,0.2963,0.1865,2.62,ALERT
418.667,0.3269,0.1854,-3.55,ALERT
418.7,0.2925,0.0956,-2.51,ALERT
418.733,0.1764,0.1689,2.17,ALERT
418.767,0.333,0.1335,0.84,ALERT
418.8,0.2964,0.1712,-2.05,ALERT
418.833,0.3056,0.0843,-2.1,ALERT
418.867,0.3199,0.0985,-1.99,ALERT
418.9,0.3031,0.2195,1.39,ALERT
418.933,0.3295,0.1618,-3.81,ALERT
418.967,0.1306,0.1787,-0.93,ALERT
419.0,0.3044,0.1658,-3.26,ALERT
419.033,0.2904,0.2108,-1.67,ALERT
419.067,0.2921,0.0958,-1.65,ALERT
419.1,0.3249,0.2077,0.75,ALERT
419.133,0.3332,0.1897,-1.16,ALERT
419.167,0.332,0.2163,1.75,ALERT
419.2,0.293,0.1598,3.85,ALERT
419.233,0.3213,0.1099,1.54,ALERT
419.267,0.3396,0.1183,1.48,ALERT
419.3,0.3075,0.1642,1.44,ALERT
419.333,0.3108,0.1791,2.6,ALERT
419.367,0.3236,0.1956,2.85,ALERT
419.4,0.1335,0.1309,3.64,ALERT
419.433,0.2804,0.2111,3.18,ALERT
419.467,0.3352,0.183,3.75,ALERT
419.5,0.2804,0.2043,-0.41,ALERT
419.533,0.2962,0.1952,1.41,ALERT
419.567,0.3279,0.1643,1.6,ALERT
419.6,0.3298,0.117,-1.21,ALERT
419.633,0.3054,0.1598,0.65,ALERT
419.667,0.2909,0.183,-1.08,ALERT
419.7,0.3113,0.1521,-2.28,ALERT
419.733,0.2948,0.1168,0.17,ALERT
419.767,0.3283,0.1434,1.2,ALERT
419.8,0.34,0.142,3.55,ALERT
419.833,0.3355,0.1156,2.81,ALERT
419.867,0.3316,0.2124,3.07,ALERT
419.9,0.3177,0.1947,-1.73,ALERT
419.933,0.3009,0.1457,-2.29,ALERT
419.967,0.2907,0.1722,-3.9,ALERT
420.0,0.304,0.153,-2.06,ALERT
420.033,0.2853,0.1697,2.68,ALERT
420.067,0.3287,0.1543,-1.66,ALERT
420.1,0.2886,0.1493,0.68,ALERT
420.133,0.3184,0.1274,-1.29,ALERT
420.167,0.3376,0.1913,-0.82,ALERT
420.2,0.3113,0.0924,2.16,ALERT
420.233,0.3245,0.1656,0.48,ALERT
420.267,0.3094,0.0985,-3.59,ALERT
420.3,0.3007,0.1156,-3.6,ALERT
420.333,0.2807,0.1374,-2.5,ALERT
420.367,0.3198,0.0995,1.89,ALERT
420.4,0.334,0.1763,-2.88,ALERT
420.433,0.3175,0.1307,0.9,ALERT
420.467,0.3138,0.1217,3.72,ALERT
420.5,0.3308,0.0805,2.98,ALERT
420.533,0.3009,0.0874,-3.31,ALERT
420.567,0.2846,0.1726,-3.81,ALERT
420.6,0.3396,0.112,-3.56,ALERT
420.633,0.3329,0.1252,-1.68,ALERT
420.667,0.2924,0.1889,2.86,ALERT
420.7,0.3346,0.0964,1.54,ALERT
420.733,0.3362,0.1866,-3.45,ALERT
420.767,0.309,0.1508,-2.83,ALERT
420.8,0.3355,0.1261,2.96,ALERT
420.833,0.3179,0.1798,-3.26,ALERT
420.867,0.31,0.0993,-0.9,ALERT
420.9,0.3172,0.207,1.48,ALERT
420.933,0.1348,0.1659,-0.46,ALERT
420.967,0.2887,0.0957,-1.19,ALERT
421.0,0.1647,0.1017,-3.73,ALERT
421.033,0.3007,0.1226,1.74,ALERT
421.067,0.326,0.184,-2.63,ALERT
421.1,0.2983,0.165,1.53,ALERT
421.133,0.3163,0.2137,-2.52,ALERT
421.167,0.3216,0.1697,3.89,ALERT
421.2,0.2924,0.1012,2.41,ALERT
421.233,0.3208,0.085,-1.79,ALERT
421.267,0.327,0.085,3.95,ALERT
421.3,0.2865,0.1255,-1.45,ALERT
421.333,0.2872,0.1247,-0.13,ALERT
421.367,0.3182,0.1401,2.69,ALERT
421.4,0.2955,0.113,3.83,ALERT
421.433,0.2847,0.21,-3.2,ALERT
421.467,0.3256,0.1273,3.08,ALERT
421.5,0.3143,0.1974,2.62,ALERT
421.533,0.3351,0.0858,3.89,ALERT
421.567,0.2975,0.1764,-2.23,ALERT
421.6,0.2879,0.0954,-2.04,ALERT
421.633,0.2951,0.1918,3.69,ALERT
421.667,0.2993,0.082,0.28,ALERT
421.7,0.3371,0.1762,0.8,ALERT
421.733,0.3209,0.1352,2.66,ALERT
421.767,0.3187,0.1388,-1.47,ALERT
421.8,0.3243,0.1065,1.97,ALERT
421.833,0.3014,0.094,1.55,ALERT
421.867,0.3108,0.1094,2.67,ALERT
421.9,0.2836,0.1241,1.75,ALERT
421.933,0.2808,0.2035,-2.84,ALERT
421.967,0.3103,0.1995,2.31,ALERT
422.0,0.284,0.1599,-1.5,ALERT
422.033,0.3119,0.1148,-0.73,ALERT
422.067,0.3163,0.1038,-0.67,ALERT
422.1,0.3272,0.1396,-1.82,ALERT
422.133,0.3373,0.1046,-1.51,ALERT
422.167,0.3383,0.0888,1.03,ALERT
422.2,0.3122,0.0954,-0.74,ALERT
422.233,0.34,0.1006,3.04,ALERT
422.267,0.3179,0.1393,1.31,ALERT
422.3,0.3069,0.0837,-3.92,ALERT
422.333,0.1452,0.1585,-1.27,ALERT
422.367,0.3274,0.1624,-3.96,ALERT
422.4,0.3054,0.1657,0.79,ALERT
422.433,0.286,0.0827,0.03,ALERT
422.467,0.288,0.1229,-3.71,ALERT
422.5,0.3194,0.1672,3.21,ALERT
422.533,0.3087,0.1485,2.15,ALERT
422.567,0.2882,0.1236,0.77,ALERT
422.6,0.3097,0.2112,3.84,ALERT
422.633,0.3368,0.1223,-1.79,ALERT
422.667,0.3127,0.1566,2.24,ALERT
422.7,0.2944,0.1731,-2.59,ALERT
422.733,0.3117,0.175,0.75,ALERT
422.767,0.3134,0.086,-0.77,ALERT
422.8,0.3014,0.1203,-1.17,ALERT
422.833,0.3167,0.1924,-1.82,ALERT
422.867,0.3191,0.1222,-3.25,ALERT
422.9,0.3346,0.1318,1.33,ALERT
422.933,0.3343,0.2014,1.89,ALERT
422.967,0.3181,0.0937,0.56,ALERT
423.0,0.2908,0.1496,2.21,ALERT
423.033,0.2908,0.0945,2.28,ALERT
423.067,0.1776,0.1193,2.76,ALERT
423.1,0.3012,0.1523,-3.72,ALERT
423.133,0.2852,0.1464,-1.37,ALERT
423.167,0.3154,0.1623,0.92,ALERT
423.2,0.3229,0.1477,-0.91,ALERT
423.233,0.3083,0.1076,-2.45,ALERT
423.267,0.3031,0.202,-0.61,ALERT
423.3,0.3281,0.1382,0.12,ALERT
423.333,0.2935,0.1239,2.61,ALERT
423.367,0.3229,0.1755,1.64,ALERT
423.4,0.1785,0.1737,-3.62,ALERT
423.433,0.3369,0.1514,-3.09,ALERT
423.467,0.338,0.1365,-0.43,ALERT
423.5,0.3338,0.1842,-1.4,ALERT
423.533,0.2909,0.1892,2.06,ALERT
423.567,0.3395,0.216,-0.14,ALERT
423.6,0.1574,0.1127,-3.89,ALERT
423.633,0.3389,0.1555,-2.22,ALERT
423.667,0.1632,0.1182,-1.34,ALERT
423.7,0.2837,0.1002,1.75,ALERT
423.733,0.3131,0.2191,1.6,ALERT
423.767,0.336,0.1516,-0.42,ALERT
423.8,0.3111,0.2085,1.33,ALERT
423.833,0.2908,0.0916,3.43,ALERT
423.867,0.3157,0.1535,-2.89,ALERT
423.9,0.3306,0.216,0.08,ALERT
423.933,0.3129,0.178,-1.57,ALERT
423.967,0.3287,0.1193,3.64,ALERT
424.0,0.3018,0.1772,3.65,ALERT
424.033,0.2982,0.1783,-1.95,ALERT
424.067,0.3247,0.1739,-0.47,ALERT
424.1,0.3294,0.1724,3.73,ALERT
424.133,0.3088,0.0842,-0.22,ALERT
424.167,0.3148,0.1952,3.08,ALERT
424.2,0.3212,0.1754,-2.27,ALERT
424.233,0.336,0.1779,-3.75,ALERT
424.267,0.3368,0.0883,-1.06,ALERT
424.3,0.3243,0.2154,-3.82,ALERT
424.333,0.2918,0.1981,-1.72,ALERT
424.367,0.3067,0.0853,-3.38,ALERT
424.4,0.297,0.1891,-2.92,ALERT
424.433,0.2928,0.134,2.63,ALERT
424.467,0.3366,0.1718,-3.92,ALERT
424.5,0.311,0.0889,-2.83,ALERT
424.533,0.3208,0.1662,-0.55,ALERT
424.567,0.3192,0.1315,-3.62,ALERT
424.6,0.3043,0.1673,-0.56,ALERT
424.633,0.2929,0.1637,-0.41,ALERT
424.667,0.291,0.1116,2.6,ALERT
424.7,0.313,0.1002,-1.48,ALERT
424.733,0.2902,0.199,1.05,ALERT
424.767,0.3119,0.1215,-2.86,ALERT
424.8,0.2884,0.1949,2.89,ALERT
424.833,0.2949,0.1603,2.0,ALERT
424.867,0.324,0.1191,-0.44,ALERT
424.9,0.3329,0.1631,0.79,ALERT
424.933,0.323,0.1774,-3.23,ALERT
424.967,0.3237,0.1026,-2.48,ALERT
425.0,0.2849,0.1216,-2.8,ALERT
425.033,0.2964,0.1593,3.69,ALERT
425.067,0.3201,0.1791,-2.73,ALERT
425.1,0.2948,0.1177,0.39,ALERT
425.133,0.3033,0.1907,0.23,ALERT
425.167,0.3038,0.0815,3.26,ALERT
425.2,0.3124,0.1515,-2.85,ALERT
425.233,0.289,0.1011,3.87,ALERT
425.267,0.3265,0.2125,2.93,ALERT
425.3,0.3174,0.1367,1.17,ALERT
425.333,0.3291,0.1815,2.62,ALERT
425.367,0.309,0.1568,-2.02,ALERT
425.4,0.3157,0.1658,3.49,ALERT
425.433,0.2907,0.1394,-1.95,ALERT
425.467,0.308,0.1173,3.11,ALERT
425.5,0.3265,0.1229,0.1,ALERT
425.533,0.2933,0.1025,-2.73,ALERT
425.567,0.2846,0.1365,2.33,ALERT
425.6,0.2891,0.1673,-3.8,ALERT
425.633,0.2877,0.2162,0.51,ALERT
425.667,0.3333,0.1072,-1.67,ALERT
425.7,0.2844,0.1694,1.36,ALERT
425.733,0.3072,0.1841,-2.22,ALERT
425.767,0.2882,0.106,2.42,ALERT
425.8,0.3032,0.2112,-0.35,ALERT
425.833,0.3102,0.0832,-3.68,ALERT
425.867,0.3019,0.1718,0.13,ALERT
425.9,0.2958,0.1159,-2.51,ALERT
425.933,0.2941,0.1138,-2.11,ALERT
425.967,0.2927,0.1109,3.38,ALERT
426.0,0.3218,0.1445,-2.21,ALERT
426.033,0.3389,0.1916,1.53,ALERT
426.067,0.3387,0.0892,0.41,ALERT
426.1,0.2895,0.138,0.52,ALERT
426.133,0.3061,0.0884,0.23,ALERT
426.167,0.3107,0.1342,2.19,ALERT
426.2,0.3294,0.157,-2.27,ALERT
426.233,0.2946,0.095,0.86,ALERT
426.267,0.3002,0.2155,-2.06,ALERT
426.3,0.3229,0.0856,0.7,ALERT
426.333,0.332,0.1917,1.55,ALERT
426.367,0.2866,0.0813,-2.28,ALERT
426.4,0.2947,0.2195,-1.48,ALERT
426.433,0.2903,0.2114,-1.47,ALERT
426.467,0.3126,0.2077,3.31,ALERT
426.5,0.294,0.2092,3.22,ALERT
426.533,0.2973,0.2089,-3.76,ALERT
426.567,0.3066,0.1998,-3.27,ALERT
426.6,0.3359,0.0833,-3.53,ALERT
426.633,0.3362,0.1833,-1.96,ALERT
426.667,0.3376,0.1045,0.43,ALERT
426.7,0.2892,0.1933,-2.12,ALERT
426.733,0.3112,0.1962,3.62,ALERT
426.767,0.2817,0.1778,-3.56,ALERT
426.8,0.2899,0.1284,-1.1,ALERT
426.833,0.3284,0.0855,-3.59,ALERT
426.867,0.314,0.1609,2.36,ALERT
426.9,0.3319,0.1662,-2.29,ALERT
426.933,0.2842,0.159,0.86,ALERT
426.967,0.3074,0.103,-2.58,ALERT
427.0,0.3168,0.1747,-1.7,ALERT
427.033,0.3284,0.1821,0.35,ALERT
427.067,0.2805,0.0874,-3.52,ALERT
427.1,0.3124,0.1318,-0.24,ALERT
427.133,0.3149,0.1456,3.61,ALERT
427.167,0.3055,0.124,-2.32,ALERT
427.2,0.3151,0.0804,-0.2,ALERT
427.233,0.3282,0.1803,-0.95,ALERT
427.267,0.3024,0.1718,-3.87,ALERT
427.3,0.2828,0.0917,0.4,ALERT
427.333,0.2998,0.1206,1.73,ALERT
427.367,0.2802,0.2007,-0.87,ALERT
427.4,0.3252,0.1528,-0.68,ALERT
427.433,0.3227,0.1376,3.65,ALERT
427.467,0.3291,0.1039,2.15,ALERT
427.5,0.2842,0.1369,-0.62,ALERT
427.533,0.3256,0.1654,0.66,ALERT
427.567,0.3003,0.2199,3.07,ALERT
427.6,0.3185,0.1189,-3.93,ALERT
427.633,0.3017,0.1251,-1.04,ALERT
427.667,0.3091,0.1942,3.04,ALERT
427.7,0.2806,0.083,-0.77,ALERT
427.733,0.2998,0.1615,1.44,ALERT
427.767,0.2945,0.1964,-0.21,ALERT
427.8,0.1527,0.087,-2.86,ALERT
427.833,0.2805,0.1169,2.6,ALERT
427.867,0.34,0.1888,0.88,ALERT
427.9,0.3079,0.0838,0.38,ALERT
427.933,0.3223,0.1005,3.87,ALERT
427.967,0.3322,0.1527,-2.45,ALERT
428.0,0.2812,0.2134,1.33,ALERT
428.033,0.3078,0.0946,0.13,ALERT
428.067,0.2806,0.1641,1.08,ALERT
428.1,0.3,0.1514,2.99,ALERT
428.133,0.3384,0.1158,-1.82,ALERT
428.167,0.294,0.1821,-2.29,ALERT
428.2,0.3257,0.1534,-3.27,ALERT
428.233,0.3353,0.1723,-0.22,ALERT
428.267,0.3003,0.1993,1.53,ALERT
428.3,0.2815,0.0824,-2.74,ALERT
428.333,0.3289,0.1578,-2.34,ALERT
428.367,0.3361,0.1027,0.81,ALERT
428.4,0.3187,0.0868,1.63,ALERT
428.433,0.2867,0.2198,-0.65,ALERT
428.467,0.3184,0.1104,-2.03,ALERT
428.5,0.3085,0.162,-3.62,ALERT
428.533,0.3156,0.0827,0.09,ALERT
428.567,0.2985,0.1019,3.99,ALERT
428.6,0.2945,0.0965,-3.03,ALERT
428.633,0.3064,0.0894,-3.12,ALERT
428.667,0.2859,0.0846,3.21,ALERT
428.7,0.3086,0.1646,-0.81,ALERT
428.733,0.2934,0.1181,-0.09,ALERT
428.767,0.2969,0.1838,-1.64,ALERT
428.8,0.3206,0.2135,-0.72,ALERT
428.833,0.319,0.1076,-2.62,ALERT
428.867,0.2902,0.1465,3.38,ALERT
428.9,0.3147,0.1888,-2.52,ALERT
428.933,0.316,0.1115,1.58,ALERT
428.967,0.3124,0.2043,1.27,ALERT
429.0,0.1441,0.1447,1.02,ALERT
429.033,0.3157,0.1357,-3.55,ALERT
429.067,0.3153,0.1301,-1.24,ALERT
429.1,0.3164,0.106,-3.45,ALERT
429.133,0.2802,0.1909,-3.53,ALERT
429.167,0.2873,0.0909,-2.85,ALERT
429.2,0.283,0.1977,2.26,ALERT
429.233,0.1363,0.1484,-1.63,ALERT
429.267,0.3197,0.1366,-0.35,ALERT
429.3,0.3196,0.1064,2.16,ALERT
429.333,0.2883,0.1848,1.72,ALERT
429.367,0.2957,0.0974,-0.78,ALERT
429.4,0.3132,0.1694,1.74,ALERT
429.433,0.3013,0.1345,-2.02,ALERT
429.467,0.3116,0.1555,1.32,ALERT
429.5,0.3025,0.1331,1.71,ALERT
429.533,0.3323,0.1976,1.46,ALERT
429.567,0.2887,0.2196,-0.32,ALERT
429.6,0.3096,0.1505,-3.58,ALERT
429.633,0.3129,0.2134,1.63,ALERT
429.667,0.3345,0.17,-3.89,ALERT
429.7,0.3041,0.0998,-3.04,ALERT
429.733,0.3088,0.2056,-2.27,ALERT
429.767,0.3312,0.1745,-2.98,ALERT
429.8,0.3088,0.212,2.24,ALERT
429.833,0.2816,0.1253,-3.59,ALERT
429.867,0.3057,0.2012,1.62,ALERT
429.9,0.334,0.2082,-2.12,ALERT
429.933,0.3063,0.1593,-0.8,ALERT
429.967,0.3017,0.0831,1.73,ALERT
430.0,0.3374,0.1037,-3.78,ALERT
430.033,0.3118,0.1883,0.82,ALERT
430.067,0.3157,0.1244,2.69,ALERT
430.1,0.3046,0.1874,-3.07,ALERT
430.133,0.2981,0.1088,3.11,ALERT
430.167,0.2957,0.1657,1.42,ALERT
430.2,0.2908,0.1784,-3.05,ALERT
430.233,0.324,0.1645,-0.3,ALERT
430.267,0.3302,0.0845,2.33,ALERT
430.3,0.3026,0.2015,2.11,ALERT
430.333,0.2927,0.1068,-1.79,ALERT
430.367,0.3298,0.1471,2.39,ALERT
430.4,0.3341,0.151,-3.93,ALERT
430.433,0.3059,0.1625,-0.18,ALERT
430.467,0.3025,0.1546,3.26,ALERT
430.5,0.3194,0.2031,-2.29,ALERT
430.533,0.2856,0.1897,0.89,ALERT
430.567,0.1524,0.1369,2.97,ALERT
430.6,0.313,0.0899,-0.34,ALERT
430.633,0.3374,0.2143,-3.08,ALERT
430.667,0.3054,0.0827,3.61,ALERT
430.7,0.3295,0.1372,-3.28,ALERT
430.733,0.3283,0.133,-2.81,ALERT
430.767,0.3091,0.1012,3.71,ALERT
430.8,0.3333,0.1595,0.41,ALERT
430.833,0.31,0.1795,1.59,ALERT
430.867,0.3088,0.1939,-1.26,ALERT
430.9,0.3183,0.1675,2.37,ALERT
430.933,0.2903,0.1013,-0.16,ALERT
430.967,0.2993,0.1501,-0.37,ALERT
431.0,0.2811,0.0927,-0.28,ALERT
431.033,0.1559,0.136,2.72,ALERT
431.067,0.3343,0.1275,0.19,ALERT
431.1,0.3369,0.204,1.07,ALERT
431.133,0.3019,0.1289,-1.36,ALERT
431.167,0.1416,0.1302,1.71,ALERT
431.2,0.3211,0.1486,-0.34,ALERT
431.233,0.3365,0.1967,3.85,ALERT
431.267,0.286,0.2128,3.4,ALERT
431.3,0.2834,0.2075,-0.05,ALERT
431.333,0.3338,0.1557,1.47,ALERT
431.367,0.2953,0.1559,-3.48,ALERT
431.4,0.3139,0.0838,-3.12,ALERT
431.433,0.3383,0.1387,0.94,ALERT
431.467,0.3182,0.1391,-1.35,ALERT
431.5,0.1216,0.1606,3.16,ALERT
431.533,0.337,0.1507,-2.29,ALERT
431.567,0.3326,0.144,3.17,ALERT
431.6,0.2805,0.1017,0.29,ALERT
431.633,0.2927,0.1014,-3.33,ALERT
431.667,0.2923,0.2035,-2.4,ALERT
431.7,0.1217,0.1226,0.75,ALERT
431.733,0.3089,0.0826,-1.26,ALERT
431.767,0.302,0.1561,2.41,ALERT
431.8,0.2853,0.1744,-1.53,ALERT
431.833,0.2923,0.1699,-3.12,ALERT
431.867,0.3101,0.165,2.3,ALERT
431.9,0.3163,0.1937,-3.27,ALERT
431.933,0.3053,0.1032,-1.44,ALERT
431.967,0.3302,0.1801,1.61,ALERT
432.0,0.3233,0.1081,2.66,ALERT
432.033,0.2867,0.1051,1.62,ALERT
432.067,0.3363,0.1322,-1.87,ALERT
432.1,0.2846,0.1336,-3.23,ALERT
432.133,0.297,0.1113,2.14,ALERT
432.167,0.2903,0.1019,3.3,ALERT
432.2,0.319,0.1353,0.62,ALERT
432.233,0.3076,0.0951,-1.08,ALERT
432.267,0.3154,0.1181,-0.1,ALERT
432.3,0.3196,0.1057,-3.79,ALERT
432.333,0.3383,0.1165,-0.09,ALERT
432.367,0.3095,0.1163,1.5,ALERT
432.4,0.3065,0.1015,-1.74,ALERT
432.433,0.3048,0.193,-1.66,ALERT
432.467,0.3108,0.2146,-0.02,ALERT
432.5,0.3157,0.1368,2.12,ALERT
432.533,0.2969,0.1459,-1.93,ALERT
432.567,0.3359,0.2179,-2.86,ALERT
432.6,0.325,0.1048,0.11,ALERT
432.633,0.2921,0.182,-0.05,ALERT
432.667,0.2878,0.1969,-1.77,ALERT
432.7,0.3033,0.1597,-3.44,ALERT
432.733,0.28,0.2112,2.26,ALERT
432.767,0.3158,0.2125,0.61,ALERT
432.8,0.292,0.1687,0.54,ALERT
432.833,0.3144,0.1857,0.94,ALERT
432.867,0.3345,0.1232,0.34,ALERT
432.9,0.3021,0.1087,2.36,ALERT
432.933,0.3215,0.1283,-1.03,ALERT
432.967,0.3007,0.1325,-1.98,ALERT
433.0,0.2939,0.0899,-3.86,ALERT
433.033,0.3036,0.1335,2.1,ALERT
433.067,0.3077,0.1286,2.42,ALERT
433.1,0.2845,0.1716,2.82,ALERT
433.133,0.3306,0.1845,-0.06,ALERT
433.167,0.3019,0.1987,0.72,ALERT
433.2,0.2875,0.1521,-3.4,ALERT
433.233,0.305,0.1155,-0.28,ALERT
433.267,0.3152,0.1407,-3.46,ALERT
433.3,0.2977,0.1764,1.49,ALERT
433.333,0.2812,0.1607,-3.76,ALERT
433.367,0.322,0.1797,-3.69,ALERT
433.4,0.3259,0.2154,0.6,ALERT
433.433,0.324,0.1813,0.19,ALERT
433.467,0.3253,0.1957,-2.06,ALERT
433.5,0.334,0.1625,3.81,ALERT
433.533,0.339,0.1594,2.19,ALERT
433.567,0.337,0.1083,-2.62,ALERT
433.6,0.3383,0.1768,3.6,ALERT
433.633,0.302,0.196,2.74,ALERT
433.667,0.2981,0.1967,3.59,ALERT
433.7,0.1555,0.2129,-0.65,ALERT
433.733,0.3211,0.1167,4.0,ALERT
433.767,0.3183,0.2183,-3.1,ALERT
433.8,0.3307,0.0866,-1.77,ALERT
433.833,0.3202,0.1201,-0.39,ALERT
433.867,0.3279,0.0996,-3.1,ALERT
433.9,0.3176,0.0967,-0.85,ALERT
433.933,0.2995,0.1661,3.76,ALERT
433.967,0.3226,0.1883,-0.34,ALERT
434.0,0.3074,0.2067,-2.06,ALERT
434.033,0.3379,0.1144,2.33,ALERT
434.067,0.3003,0.1514,-1.18,ALERT
434.1,0.2923,0.0883,0.78,ALERT
434.133,0.3233,0.1506,2.41,ALERT
434.167,0.3046,0.1983,-1.16,ALERT
434.2,0.2869,0.1381,2.6,ALERT
434.233,0.3188,0.1171,-2.9,ALERT
434.267,0.2819,0.1558,-2.05,ALERT
434.3,0.3176,0.0981,1.49,ALERT
434.333,0.2849,0.1244,0.74,ALERT
434.367,0.321,0.1382,1.31,ALERT
434.4,0.2874,0.2127,-1.06,ALERT
434.433,0.2916,0.0907,0.85,ALERT
434.467,0.297,0.1862,3.18,ALERT
434.5,0.3134,0.1212,-2.31,ALERT
434.533,0.2927,0.1966,1.34,ALERT
434.567,0.1262,0.1094,2.73,ALERT
434.6,0.1445,0.2167,3.51,ALERT
434.633,0.287,0.2122,1.96,ALERT
434.667,0.3178,0.1807,3.15,ALERT
434.7,0.2986,0.2102,3.34,ALERT
434.733,0.3231,0.1272,3.48,ALERT
434.767,0.2893,0.0966,1.39,ALERT
434.8,0.3257,0.139,2.66,ALERT
434.833,0.2965,0.094,-3.45,ALERT
434.867,0.282,0.1129,3.06,ALERT
434.9,0.2982,0.0986,-1.22,ALERT
434.933,0.3263,0.1,0.24,ALERT
434.967,0.2967,0.2071,-3.76,ALERT
435.0,0.3199,0.1482,-0.93,ALERT
435.033,0.3186,0.0949,-0.61,ALERT
435.067,0.3235,0.0817,-1.02,ALERT
435.1,0.3385,0.1782,-0.27,ALERT
435.133,0.297,0.1124,-2.52,ALERT
435.167,0.3363,0.1817,-0.64,ALERT
435.2,0.3247,0.1162,-1.5,ALERT
435.233,0.2868,0.2156,0.53,ALERT
435.267,0.2837,0.1026,2.13,ALERT
435.3,0.334,0.1425,-1.43,ALERT
435.333,0.3146,0.0996,-3.02,ALERT
435.367,0.2927,0.2037,-0.89,ALERT
435.4,0.3326,0.1314,-3.31,ALERT
435.433,0.2821,0.1144,-2.81,ALERT
435.467,0.2925,0.162,-0.3,ALERT
435.5,0.2897,0.1982,3.15,ALERT
435.533,0.2846,0.1408,-1.77,ALERT
435.567,0.2913,0.1582,-2.04,ALERT
435.6,0.3369,0.2077,2.01,ALERT
435.633,0.3346,0.1619,-1.41,ALERT
435.667,0.3212,0.1521,-2.2,ALERT
435.7,0.3031,0.1102,0.55,ALERT
435.733,0.3225,0.0839,2.73,ALERT
435.767,0.3046,0.2137,-3.15,ALERT
435.8,0.3139,0.2072,-3.19,ALERT
435.833,0.3057,0.1745,-2.0,ALERT
435.867,0.3157,0.1763,3.04,ALERT
435.9,0.3303,0.1914,3.01,ALERT
435.933,0.2815,0.139,-0.01,ALERT
435.967,0.3332,0.1072,0.27,ALERT
436.0,0.2829,0.1354,1.25,ALERT
436.033,0.2877,0.1192,-2.57,ALERT
436.067,0.3118,0.1132,3.6,ALERT
436.1,0.3113,0.1238,-2.03,ALERT
436.133,0.136,0.1497,2.83,ALERT
436.167,0.3002,0.156,-1.24,ALERT
436.2,0.2942,0.2018,-1.95,ALERT
436.233,0.2813,0.1922,2.13,ALERT
436.267,0.2809,0.1029,0.91,ALERT
436.3,0.2925,0.1713,-1.7,ALERT
436.333,0.3104,0.1081,-3.7,ALERT
436.367,0.281,0.1322,1.82,ALERT
436.4,0.3029,0.1127,-1.19,ALERT
436.433,0.2937,0.0963,-2.0,ALERT
436.467,0.2898,0.1393,-3.9,ALERT
436.5,0.3041,0.1096,-2.53,ALERT
436.533,0.3148,0.158,1.71,ALERT
436.567,0.3063,0.2063,-1.33,ALERT
436.6,0.2843,0.1749,0.38,ALERT
436.633,0.3338,0.168,1.18,ALERT
436.667,0.2896,0.1429,0.37,ALERT
436.7,0.3356,0.1961,-2.07,ALERT
436.733,0.3231,0.1628,-2.35,ALERT
436.767,0.3373,0.1225,1.99,ALERT
436.8,0.2895,0.1378,3.53,ALERT
436.833,0.2951,0.1554,-2.63,ALERT
436.867,0.3198,0.1271,-3.67,ALERT
436.9,0.3225,0.1136,0.84,ALERT
436.933,0.3318,0.1929,3.22,ALERT
436.967,0.3382,0.2189,0.8,ALERT
437.0,0.1491,0.1796,-2.44,ALERT
437.033,0.3057,0.0972,0.7,ALERT
437.067,0.3059,0.1613,2.02,ALERT
437.1,0.3213,0.1174,-0.38,ALERT
437.133,0.2958,0.1253,0.16,ALERT
437.167,0.3245,0.1745,1.53,ALERT
437.2,0.3011,0.1967,-3.31,ALERT
437.233,0.3254,0.2175,-1.1,ALERT
437.267,0.3318,0.1763,0.6,ALERT
437.3,0.2991,0.1056,2.07,ALERT
437.333,0.2968,0.217,-0.29,ALERT
437.367,0.2854,0.094,-3.12,ALERT
437.4,0.2984,0.1247,3.61,ALERT
437.433,0.308,0.1557,2.09,ALERT
437.467,0.3024,0.186,-0.4,ALERT
437.5,0.3298,0.1764,2.68,ALERT
437.533,0.3365,0.1623,0.26,ALERT
437.567,0.3282,0.1039,3.65,ALERT
437.6,0.2951,0.1404,-3.22,ALERT
437.633,0.3307,0.1895,-1.38,ALERT
437.667,0.2916,0.12,0.97,ALERT
437.7,0.3051,0.1908,-1.07,ALERT
437.733,0.2933,0.2133,-2.3,ALERT
437.767,0.2954,0.1863,1.83,ALERT
437.8,0.2803,0.1463,0.39,ALERT
437.833,0.3205,0.0821,-0.45,ALERT
437.867,0.3005,0.1923,-0.79,ALERT
437.9,0.3139,0.0894,0.9,ALERT
437.933,0.2861,0.124,0.44,ALERT
437.967,0.2855,0.1338,-3.76,ALERT
438.0,0.3222,0.1647,2.74,ALERT
438.033,0.2957,0.1808,-0.01,ALERT
438.067,0.3277,0.1517,0.68,ALERT
438.1,0.287,0.1186,3.31,ALERT
438.133,0.3044,0.1141,2.56,ALERT
438.167,0.2852,0.0854,-2.12,ALERT
438.2,0.2937,0.1217,-1.83,ALERT
438.233,0.3373,0.2168,2.33,ALERT
438.267,0.3187,0.0938,1.24,ALERT
438.3,0.3298,0.1464,2.54,ALERT
438.333,0.331,0.137,-1.61,ALERT
438.367,0.3255,0.1925,-1.72,ALERT
438.4,0.2886,0.0915,3.03,ALERT
438.433,0.3208,0.1663,-0.67,ALERT
438.467,0.3086,0.0924,3.22,ALERT
438.5,0.2948,0.1128,2.56,ALERT
438.533,0.1371,0.0859,-0.56,ALERT
438.567,0.3335,0.1157,-1.85,ALERT
438.6,0.3317,0.2144,-1.06,ALERT
438.633,0.3315,0.1541,-2.16,ALERT
438.667,0.3076,0.0807,1.85,ALERT
438.7,0.2832,0.145,-1.66,ALERT
438.733,0.2881,0.1958,-3.54,ALERT
438.767,0.3389,0.1322,-1.81,ALERT
438.8,0.28,0.191,-2.28,ALERT
438.833,0.3385,0.1539,-2.01,ALERT
438.867,0.3338,0.0982,1.99,ALERT
438.9,0.2815,0.2176,-2.41,ALERT
438.933,0.2901,0.0998,3.38,ALERT
438.967,0.3059,0.1897,-0.82,ALERT
439.0,0.332,0.1157,3.74,ALERT
439.033,0.3147,0.1934,1.56,ALERT
439.067,0.3299,0.177,-0.8,ALERT
439.1,0.3081,0.1238,1.74,ALERT
439.133,0.318,0.0975,1.22,ALERT
439.167,0.3144,0.2112,2.97,ALERT
439.2,0.2944,0.0992,-1.12,ALERT
439.233,0.2928,0.1553,2.44,ALERT
439.267,0.289,0.0895,3.97,ALERT
439.3,0.3352,0.2199,2.59,ALERT
439.333,0.297,0.2164,0.87,ALERT
439.367,0.3064,0.1832,1.77,ALERT
439.4,0.3334,0.1955,-2.2,ALERT
439.433,0.2855,0.1584,-1.66,ALERT
439.467,0.2854,0.1024,-2.85,ALERT
439.5,0.28,0.1409,0.66,ALERT
439.533,0.305,0.2071,-0.08,ALERT
439.567,0.2963,0.0898,-2.28,ALERT
439.6,0.3282,0.0923,-2.51,ALERT
439.633,0.3395,0.0984,2.9,ALERT
439.667,0.2972,0.0902,-3.21,ALERT
439.7,0.2946,0.083,3.61,ALERT
439.733,0.3081,0.2103,3.04,ALERT
439.767,0.2818,0.1984,-3.98,ALERT
439.8,0.2998,0.2026,-2.7,ALERT
439.833,0.2932,0.1074,2.08,ALERT
439.867,0.3361,0.2133,-2.52,ALERT
439.9,0.2946,0.1819,-0.65,ALERT
439.933,0.2945,0.1655,2.34,ALERT
439.967,0.336,0.0879,-1.57,ALERT
440.0,0.3191,0.1442,1.55,ALERT
440.033,0.3339,0.1191,1.96,ALERT
440.067,0.3047,0.1607,-0.97,ALERT
440.1,0.3138,0.1473,-2.37,ALERT
440.133,0.3062,0.1176,1.79,ALERT
440.167,0.3041,0.1064,-0.96,ALERT
440.2,0.2988,0.1492,-1.4,ALERT
440.233,0.332,0.1842,3.52,ALERT
440.267,0.3058,0.1097,-3.53,ALERT
440.3,0.3018,0.0831,-0.3,ALERT
440.333,0.3324,0.208,-0.67,ALERT
440.367,0.299,0.153,-3.82,ALERT
440.4,0.3234,0.0811,-2.61,ALERT
440.433,0.3075,0.1236,-3.96,ALERT
440.467,0.3143,0.1971,-1.9,ALERT
440.5,0.281,0.1216,-2.82,ALERT
440.533,0.3156,0.2082,-2.23,ALERT
440.567,0.3131,0.1588,1.49,ALERT
440.6,0.3244,0.1732,2.22,ALERT
440.633,0.3334,0.1717,1.97,ALERT
440.667,0.3306,0.1879,-2.05,ALERT
440.7,0.3037,0.1127,3.29,ALERT
440.733,0.3349,0.2197,-3.27,ALERT
440.767,0.3377,0.1503,2.04,ALERT
440.8,0.3126,0.116,0.46,ALERT
440.833,0.3323,0.1637,-2.3,ALERT
440.867,0.2982,0.1093,-1.1,ALERT
440.9,0.3104,0.0984,1.9,ALERT
440.933,0.1263,0.2008,1.94,ALERT
440.967,0.285,0.2195,3.22,ALERT
441.0,0.298,0.0926,3.07,ALERT
441.033,0.3209,0.0958,0.44,ALERT
441.067,0.3091,0.1838,-2.8,ALERT
441.1,0.2879,0.1415,-2.94,ALERT
441.133,0.3399,0.1654,3.04,ALERT
441.167,0.3323,0.2019,0.07,ALERT
441.2,0.2933,0.1595,0.36,ALERT
441.233,0.2833,0.1657,-2.86,ALERT
441.267,0.3265,0.131,0.92,ALERT
441.3,0.1335,0.1067,1.22,ALERT
441.333,0.2947,0.1697,-0.57,ALERT
441.367,0.3267,0.1345,2.39,ALERT
441.4,0.3198,0.2055,0.7,ALERT
441.433,0.2919,0.0994,1.36,ALERT
441.467,0.2838,0.1065,-1.14,ALERT
441.5,0.3034,0.19,-2.25,ALERT
441.533,0.3145,0.1119,-3.57,ALERT
441.567,0.3392,0.1009,1.83,ALERT
441.6,0.287,0.1484,-3.95,ALERT
441.633,0.3138,0.1637,-3.17,ALERT
441.667,0.3108,0.1889,0.9,ALERT
441.7,0.2891,0.1776,-2.2,ALERT
441.733,0.3246,0.1752,-3.03,ALERT
441.767,0.3293,0.1267,-0.96,ALERT
441.8,0.333,0.1376,2.6,ALERT
441.833,0.1637,0.172,-0.45,ALERT
441.867,0.2808,0.2053,-1.15,ALERT
441.9,0.335,0.1494,-3.1,ALERT
441.933,0.3007,0.1803,-1.68,ALERT
441.967,0.3317,0.1826,-3.82,ALERT
442.0,0.3251,0.2033,-3.26,ALERT
442.033,0.3261,0.1396,3.08,ALERT
442.067,0.3224,0.2066,3.19,ALERT
442.1,0.3056,0.0861,3.97,ALERT
442.133,0.3298,0.2033,3.48,ALERT
442.167,0.3251,0.1894,-2.9,ALERT
442.2,0.3043,0.2017,3.58,ALERT
442.233,0.3023,0.0985,3.76,ALERT
442.267,0.3372,0.1058,-2.97,ALERT
442.3,0.286,0.1056,3.46,ALERT
442.333,0.1475,0.1716,0.37,ALERT
442.367,0.3252,0.1065,2.37,ALERT
442.4,0.3282,0.1416,-3.67,ALERT
442.433,0.3382,0.1171,1.97,ALERT
442.467,0.1519,0.1498,-0.77,ALERT
442.5,0.3034,0.1523,3.91,ALERT
442.533,0.284,0.1,3.2,ALERT
442.567,0.3089,0.1424,-3.05,ALERT
442.6,0.329,0.1054,-3.67,ALERT
442.633,0.2814,0.099,1.42,ALERT
442.667,0.2897,0.115,0.98,ALERT
442.7,0.2889,0.1582,1.94,ALERT
442.733,0.3181,0.1599,0.66,ALERT
442.767,0.152,0.167,-3.95,ALERT
442.8,0.1335,0.133,-1.91,ALERT
442.833,0.3358,0.1754,1.1,ALERT
442.867,0.3266,0.2122,-3.53,ALERT
442.9,0.3001,0.1365,3.48,ALERT
442.933,0.3125,0.1192,-2.7,ALERT
442.967,0.3089,0.1043,0.93,ALERT
443.0,0.2962,0.0925,3.7,ALERT
443.033,0.3331,0.1633,-3.66,ALERT
443.067,0.3393,0.1968,-1.22,ALERT
443.1,0.3238,0.0837,-3.12,ALERT
443.133,0.2973,0.1728,0.43,ALERT
443.167,0.3285,0.1832,1.79,ALERT
443.2,0.3374,0.1266,-2.1,ALERT
443.233,0.3307,0.1599,1.56,ALERT
443.267,0.3249,0.13,-1.37,ALERT
443.3,0.2984,0.1578,2.76,ALERT
443.333,0.2968,0.0986,2.16,ALERT
443.367,0.2805,0.1954,-2.94,ALERT
443.4,0.332,0.0843,3.05,ALERT
443.433,0.2872,0.0933,2.15,ALERT
443.467,0.3288,0.1057,-2.15,ALERT
443.5,0.3082,0.122,-2.43,ALERT
443.533,0.308,0.1136,-0.19,ALERT
443.567,0.3149,0.175,3.91,ALERT
443.6,0.2883,0.1728,2.79,ALERT
443.633,0.329,0.219,-1.48,ALERT
443.667,0.3193,0.1328,1.29,ALERT
443.7,0.327,0.083,1.62,ALERT
443.733,0.1667,0.1173,2.23,ALERT
443.767,0.2958,0.1729,-1.07,ALERT
443.8,0.3354,0.1659,2.92,ALERT
443.833,0.2834,0.2135,-3.15,ALERT
443.867,0.2878,0.1838,1.67,ALERT
443.9,0.2948,0.1185,-1.06,ALERT
443.933,0.3396,0.1912,3.07,ALERT
443.967,0.1297,0.1553,-1.68,ALERT
444.0,0.3377,0.1645,2.71,ALERT
444.033,0.2953,0.1936,1.54,ALERT
444.067,0.3011,0.1619,-2.89,ALERT
444.1,0.3211,0.1314,-1.99,ALERT
444.133,0.2969,0.2084,2.11,ALERT
444.167,0.2833,0.0986,-1.93,ALERT
444.2,0.3364,0.207,-3.73,ALERT
444.233,0.3335,0.1837,3.9,ALERT
444.267,0.3066,0.1027,3.69,ALERT
444.3,0.3225,0.2001,-1.98,ALERT
444.333,0.2878,0.0931,-3.68,ALERT
444.367,0.3043,0.1374,2.99,ALERT
444.4,0.3234,0.1827,-1.53,ALERT
444.433,0.3058,0.1097,0.53,ALERT
444.467,0.2853,0.2128,-1.61,ALERT
444.5,0.3205,0.1999,1.51,ALERT
444.533,0.2867,0.1767,0.12,ALERT
444.567,0.2888,0.1831,-0.99,ALERT
444.6,0.3264,0.1214,-3.95,ALERT
444.633,0.3268,0.0919,0.56,ALERT
444.667,0.3382,0.195,-3.36,ALERT
444.7,0.3281,0.1417,-0.29,ALERT
444.733,0.2976,0.202,3.01,ALERT
444.767,0.3003,0.1045,1.36,ALERT
444.8,0.3346,0.1925,1.63,ALERT
444.833,0.3026,0.094,-0.51,ALERT
444.867,0.2887,0.1017,-1.02,ALERT
444.9,0.3191,0.1856,-2.36,ALERT
444.933,0.3167,0.2194,3.07,ALERT
444.967,0.3145,0.2133,1.48,ALERT
445.0,0.3269,0.1133,2.41,ALERT
445.033,0.3107,0.2077,-0.39,ALERT
445.067,0.318,0.0928,3.15,ALERT
445.1,0.3139,0.1571,-3.3,ALERT
445.133,0.3209,0.1861,-4.0,ALERT
445.167,0.3202,0.1577,-1.52,ALERT
445.2,0.2879,0.1588,2.17,ALERT
445.233,0.3074,0.1237,0.35,ALERT
445.267,0.3306,0.1767,3.06,ALERT
445.3,0.3294,0.1136,-0.02,ALERT
445.333,0.2843,0.0832,-1.81,ALERT
445.367,0.32,0.1276,0.43,ALERT
445.4,0.297,0.167,-1.81,ALERT
445.433,0.3129,0.1512,0.54,ALERT
445.467,0.3363,0.2058,-0.45,ALERT
445.5,0.3132,0.1696,2.18,ALERT
445.533,0.3233,0.2091,2.09,ALERT
445.567,0.3091,0.1966,-3.95,ALERT
445.6,0.2818,0.1929,-3.03,ALERT
445.633,0.2947,0.1038,-2.59,ALERT
445.667,0.3351,0.1592,-1.88,ALERT
445.7,0.3097,0.1217,-1.17,ALERT
445.733,0.3031,0.1978,0.36,ALERT
445.767,0.2849,0.1908,1.24,ALERT
445.8,0.3289,0.1726,2.81,ALERT
445.833,0.3017,0.1689,-2.14,ALERT
445.867,0.333,0.1079,0.26,ALERT
445.9,0.3299,0.1395,-3.16,ALERT
445.933,0.2977,0.0831,-0.42,ALERT
445.967,0.3118,0.1525,2.15,ALERT
446.0,0.1381,0.1281,3.17,ALERT
446.033,0.3372,0.1651,-0.97,ALERT
446.067,0.3091,0.1755,-2.44,ALERT
446.1,0.2989,0.1432,-1.48,ALERT
446.133,0.3101,0.1353,3.69,ALERT
446.167,0.3143,0.1065,1.44,ALERT
446.2,0.2813,0.0993,-0.73,ALERT
446.233,0.3094,0.2172,1.14,ALERT
446.267,0.326,0.1129,-0.84,ALERT
446.3,0.3357,0.1513,1.21,ALERT
446.333,0.3188,0.1133,1.22,ALERT
446.367,0.3382,0.1159,3.7,ALERT
446.4,0.3156,0.1055,0.29,ALERT
446.433,0.2903,0.2088,0.65,ALERT
446.467,0.2925,0.1869,-0.66,ALERT
446.5,0.3175,0.1641,2.33,ALERT
446.533,0.3228,0.185,2.22,ALERT
446.567,0.3309,0.1454,-1.71,ALERT
446.6,0.3211,0.1849,2.39,ALERT
446.633,0.2986,0.2132,2.32,ALERT
446.667,0.3058,0.2195,-1.74,ALERT
446.7,0.3129,0.1768,2.19,ALERT
446.733,0.3077,0.1594,1.63,ALERT
446.767,0.2882,0.1274,-2.02,ALERT
446.8,0.3032,0.2146,0.8,ALERT
446.833,0.3399,0.1138,1.98,ALERT
446.867,0.3014,0.1035,1.52,ALERT
446.9,0.2923,0.1424,1.88,ALERT
446.933,0.2893,0.1294,2.85,ALERT
446.967,0.3044,0.1587,2.92,ALERT
447.0,0.3209,0.2115,-3.86,ALERT
447.033,0.292,0.1166,-2.86,ALERT
447.067,0.2842,0.1646,3.25,ALERT
447.1,0.333,0.2037,3.35,ALERT
447.133,0.2915,0.1824,-1.66,ALERT
447.167,0.2886,0.0969,3.2,ALERT
447.2,0.3064,0.0907,-3.13,ALERT
447.233,0.3296,0.0821,3.96,ALERT
447.267,0.3216,0.1649,-0.36,ALERT
447.3,0.2881,0.0853,-3.96,ALERT
447.333,0.305,0.172,-2.35,ALERT
447.367,0.3222,0.2058,1.86,ALERT
447.4,0.2841,0.0937,-3.4,ALERT
447.433,0.3174,0.1125,3.69,ALERT
447.467,0.3352,0.2051,1.25,ALERT
447.5,0.2923,0.167,3.64,ALERT
447.533,0.285,0.0926,-3.11,ALERT
447.567,0.337,0.1564,2.85,ALERT
447.6,0.3307,0.095,-0.78,ALERT
447.633,0.3186,0.1976,3.37,ALERT
447.667,0.3267,0.1036,0.62,ALERT
447.7,0.3271,0.2195,1.42,ALERT
447.733,0.3207,0.135,-2.61,ALERT
447.767,0.289,0.1873,-0.37,ALERT
447.8,0.2864,0.1741,3.69,ALERT
447.833,0.3166,0.0942,-3.67,ALERT
447.867,0.2964,0.1363,-3.52,ALERT
447.9,0.3058,0.112,-1.48,ALERT
447.933,0.2874,0.1288,2.95,ALERT
447.967,0.2928,0.0915,-2.9,ALERT
448.0,0.3063,0.1834,-1.7,ALERT
448.033,0.3164,0.2086,-3.42,ALERT
448.067,0.3338,0.1632,1.15,ALERT
448.1,0.2968,0.1003,-2.54,ALERT
448.133,0.3147,0.2115,0.19,ALERT
448.167,0.2804,0.0923,-3.85,ALERT
448.2,0.3206,0.1449,-2.85,ALERT
448.233,0.3191,0.197,-3.35,ALERT
448.267,0.3162,0.1956,-3.14,ALERT
448.3,0.3162,0.207,-3.3,ALERT
448.333,0.2899,0.2157,2.62,ALERT
448.367,0.2995,0.1706,-3.88,ALERT
448.4,0.2885,0.1928,4.0,ALERT
448.433,0.3198,0.1136,1.38,ALERT
448.467,0.3062,0.1529,1.64,ALERT
448.5,0.3171,0.1026,2.07,ALERT
448.533,0.3233,0.1121,3.54,ALERT
448.567,0.3193,0.2172,3.32,ALERT
448.6,0.1387,0.1718,-0.31,ALERT
448.633,0.3152,0.0969,-0.26,ALERT
448.667,0.2873,0.1217,3.7,ALERT
448.7,0.3374,0.0869,-0.38,ALERT
448.733,0.3235,0.1834,-2.4,ALERT
448.767,0.3262,0.1834,-1.72,ALERT
448.8,0.2859,0.1913,-2.29,ALERT
448.833,0.3076,0.1615,-2.1,ALERT
448.867,0.3025,0.1776,-3.91,ALERT
448.9,0.1716,0.1351,2.02,ALERT
448.933,0.2852,0.1558,-1.65,ALERT
448.967,0.331,0.1537,-1.78,ALERT
449.0,0.3359,0.2073,-3.12,ALERT
449.033,0.2865,0.1731,-0.33,ALERT
449.067,0.3286,0.1779,1.92,ALERT
449.1,0.3388,0.196,-2.69,ALERT
449.133,0.2842,0.2092,0.36,ALERT
449.167,0.3002,0.2027,-1.81,ALERT
449.2,0.3048,0.1468,3.64,ALERT
449.233,0.3182,0.1411,-3.2,ALERT
449.267,0.3287,0.155,3.28,ALERT
449.3,0.2825,0.1996,3.34,ALERT
449.333,0.306,0.1741,0.45,ALERT
449.367,0.302,0.1666,-0.59,ALERT
449.4,0.3027,0.2046,1.76,ALERT
449.433,0.3264,0.153,-3.54,ALERT
449.467,0.3277,0.1646,1.0,ALERT
449.5,0.2832,0.1016,1.21,ALERT
449.533,0.336,0.1457,3.98,ALERT
449.567,0.3238,0.2051,2.58,ALERT
449.6,0.3272,0.1785,3.11,ALERT
449.633,0.1774,0.1009,0.24,ALERT
449.667,0.2828,0.0944,-0.85,ALERT
449.7,0.2915,0.1537,2.1,ALERT
449.733,0.3076,0.1295,0.68,ALERT
449.767,0.2801,0.1666,-3.78,ALERT
449.8,0.2993,0.1273,1.08,ALERT
449.833,0.2819,0.1628,-2.16,ALERT
449.867,0.3181,0.1979,-2.41,ALERT
449.9,0.3316,0.1775,0.58,ALERT
449.933,0.2851,0.1671,-3.42,ALERT
449.967,0.3319,0.1542,2.12,ALERT
450.0,0.285,0.1244,0.11,ALERT
450.033,0.3174,0.2159,2.2,ALERT
450.067,0.3156,0.1503,0.73,ALERT
450.1,0.2806,0.0987,-0.9,ALERT
450.133,0.3317,0.2179,1.49,ALERT
450.167,0.3239,0.1301,3.37,ALERT
450.2,0.3,0.1878,-0.87,ALERT
450.233,0.3328,0.1215,-0.03,ALERT
450.267,0.2837,0.1917,-1.35,ALERT
450.3,0.3144,0.0956,-3.4,ALERT
450.333,0.3092,0.1146,2.83,ALERT
450.367,0.2974,0.1115,0.31,ALERT
450.4,0.2954,0.1487,3.34,ALERT
450.433,0.3146,0.1852,1.35,ALERT
450.467,0.3016,0.1319,0.45,ALERT
450.5,0.2837,0.1246,0.5,ALERT
450.533,0.3269,0.0972,4.0,ALERT
450.567,0.3006,0.1149,2.02,ALERT
450.6,0.3387,0.1148,2.19,ALERT
450.633,0.289,0.2133,3.64,ALERT
450.667,0.3382,0.123,2.36,ALERT
450.7,0.3099,0.0934,-2.04,ALERT
450.733,0.338,0.1233,-2.0,ALERT
450.767,0.3365,0.1067,-0.95,ALERT
450.8,0.3315,0.1346,0.85,ALERT
450.833,0.3114,0.2044,-0.53,ALERT
450.867,0.1228,0.1748,0.88,ALERT
450.9,0.2827,0.2078,-0.35,ALERT
450.933,0.1171,0.1788,-19.04,CRITICAL
450.967,0.0899,0.204,-15.37,CRITICAL
451.0,0.0833,0.1759,-24.7,CRITICAL
451.033,0.1173,0.2421,-17.11,CRITICAL
451.067,0.1019,0.2733,-23.59,CRITICAL
451.1,0.0969,0.2777,-21.63,CRITICAL
451.133,0.1146,0.2514,-22.24,CRITICAL
451.167,0.0993,0.1753,-18.4,CRITICAL
451.2,0.1046,0.1055,-24.9,CRITICAL
451.233,0.1284,0.258,-24.52,CRITICAL
451.267,0.1035,0.1504,-18.13,CRITICAL
451.3,0.1147,0.1967,-23.17,CRITICAL
451.333,0.0958,0.2231,-19.52,CRITICAL
451.367,0.1178,0.2259,-18.02,CRITICAL
451.4,0.1377,0.2809,-21.3,CRITICAL
451.433,0.1139,0.233,-18.69,CRITICAL
451.467,0.0908,0.1667,-23.02,CRITICAL
451.5,0.0853,0.1268,-23.0,CRITICAL
451.533,0.095,0.2398,-24.57,CRITICAL
451.567,0.1033,0.2729,-21.3,CRITICAL
451.6,0.1112,0.2509,-16.25,CRITICAL
451.633,0.0875,0.1078,-15.86,CRITICAL
451.667,0.1051,0.1339,-24.88,CRITICAL
451.7,0.1238,0.1443,-15.82,CRITICAL
451.733,0.1166,0.1767,-23.03,CRITICAL
451.767,0.129,0.204,-19.59,CRITICAL
451.8,0.1256,0.1836,-15.07,CRITICAL
451.833,0.1385,0.1671,-19.27,CRITICAL
451.867,0.1321,0.1551,-21.43,CRITICAL
451.9,0.1386,0.2626,-15.34,CRITICAL
451.933,0.1056,0.2704,-21.31,CRITICAL
451.967,0.117,0.2619,-22.95,CRITICAL
452.0,0.1095,0.206,-22.03,CRITICAL
452.033,0.1233,0.2684,-22.31,CRITICAL
452.067,0.0813,0.2616,-20.22,CRITICAL
452.1,0.114,0.1697,-24.97,CRITICAL
452.133,0.1258,0.2595,-23.62,CRITICAL
452.167,0.1293,0.2372,-20.65,CRITICAL
452.2,0.1028,0.1433,-21.86,CRITICAL
452.233,0.1301,0.1279,-18.07,CRITICAL
452.267,0.1176,0.2602,-15.43,CRITICAL
452.3,0.1101,0.1483,-15.77,CRITICAL
452.333,0.1062,0.1325,-19.52,CRITICAL
452.367,0.0811,0.1948,-23.03,CRITICAL
452.4,0.13,0.1883,-18.45,CRITICAL
452.433,0.1108,0.2068,-20.98,CRITICAL
452.467,0.1225,0.1326,-22.06,CRITICAL
452.5,0.0918,0.2467,-15.82,CRITICAL
452.533,0.1199,0.2498,-19.2,CRITICAL
452.567,0.1226,0.2569,-20.63,CRITICAL
452.6,0.0857,0.1369,-15.38,CRITICAL
452.633,0.1084,0.2282,-24.96,CRITICAL
452.667,0.1112,0.2375,-17.25,CRITICAL
452.7,0.1338,0.254,-17.41,CRITICAL
452.733,0.1127,0.1479,-18.5,CRITICAL
452.767,0.1173,0.245,-24.42,CRITICAL
452.8,0.1243,0.2304,-15.27,CRITICAL
452.833,0.1285,0.2065,-17.59,CRITICAL
452.867,0.098,0.2657,-24.89,CRITICAL
452.9,0.1381,0.1203,-17.95,CRITICAL
452.933,0.1346,0.1216,-16.12,CRITICAL
452.967,0.1071,0.2762,-20.88,CRITICAL
453.0,0.0941,0.1266,-24.65,CRITICAL
453.033,0.084,0.1829,-20.31,CRITICAL
453.067,0.1162,0.2997,-22.81,CRITICAL
453.1,0.093,0.1277,-22.81,CRITICAL
453.133,0.09,0.2938,-18.72,CRITICAL
453.167,0.092,0.1504,-16.66,CRITICAL
453.2,0.1387,0.2628,-17.5,CRITICAL
453.233,0.1208,0.277,-17.28,CRITICAL
453.267,0.1065,0.1896,-16.01,CRITICAL
453.3,0.127,0.1254,-15.28,CRITICAL
453.333,0.103,0.1487,-24.13,CRITICAL
453.367,0.0914,0.2779,-21.13,CRITICAL
453.4,0.1204,0.1661,-15.76,CRITICAL
453.433,0.0838,0.1961,-15.84,CRITICAL
453.467,0.0845,0.2338,-24.82,CRITICAL
453.5,0.1167,0.2044,-17.0,CRITICAL
453.533,0.094,0.1785,-15.67,CRITICAL
453.567,0.1231,0.1912,-17.63,CRITICAL
453.6,0.1064,0.2225,-24.18,CRITICAL
453.633,0.1134,0.2162,-15.42,CRITICAL
453.667,0.1054,0.2853,-21.89,CRITICAL
453.7,0.1135,0.2641,-21.61,CRITICAL
453.733,0.1275,0.1897,-21.27,CRITICAL
453.767,0.0838,0.2632,-21.64,CRITICAL
453.8,0.1027,0.1934,-19.18,CRITICAL
453.833,0.1118,0.1437,-20.3,CRITICAL
453.867,0.1122,0.1866,-19.54,CRITICAL
453.9,0.1252,0.1508,-24.73,CRITICAL
453.933,0.1108,0.2948,-23.84,CRITICAL
453.967,0.1143,0.2639,-16.1,CRITICAL
454.0,0.1021,0.2091,-15.6,CRITICAL
454.033,0.1355,0.1189,-20.31,CRITICAL
454.067,0.1027,0.2542,-18.96,CRITICAL
454.1,0.1264,0.1703,-15.7,CRITICAL
454.133,0.0841,0.2905,-23.65,CRITICAL
454.167,0.0806,0.1808,-18.05,CRITICAL
454.2,0.0983,0.1379,-24.03,CRITICAL
454.233,0.1073,0.2821,-20.25,CRITICAL
454.267,0.0871,0.1461,-19.96,CRITICAL
454.3,0.0932,0.2348,-23.55,CRITICAL
454.333,0.1393,0.1174,-24.65,CRITICAL
454.367,0.1159,0.2898,-21.84,CRITICAL
454.4,0.1161,0.2919,-24.85,CRITICAL
454.433,0.091,0.1579,-20.22,CRITICAL
454.467,0.1261,0.1602,-22.55,CRITICAL
454.5,0.1308,0.2971,-21.48,CRITICAL
454.533,0.1001,0.2457,-21.79,CRITICAL
454.567,0.1039,0.2161,-20.92,CRITICAL
454.6,0.1018,0.1967,-19.06,CRITICAL
454.633,0.1048,0.1001,-20.7,CRITICAL
454.667,0.1374,0.2394,-22.58,CRITICAL
454.7,0.0856,0.2837,-23.85,CRITICAL
454.733,0.1003,0.1681,-15.56,CRITICAL
454.767,0.1206,0.2096,-16.43,CRITICAL
454.8,0.0961,0.2547,-23.15,CRITICAL
454.833,0.0922,0.2648,-18.43,CRITICAL
454.867,0.1147,0.2349,-17.39,CRITICAL
454.9,0.1086,0.1495,-24.7,CRITICAL
454.933,0.1243,0.2126,-17.38,CRITICAL
454.967,0.1059,0.2762,-22.02,CRITICAL
455.0,0.0929,0.2328,-18.28,CRITICAL
455.033,0.0849,0.1897,-19.72,CRITICAL
455.067,0.1266,0.2148,-21.03,CRITICAL
455.1,0.1137,0.1115,-24.18,CRITICAL
455.133,0.0823,0.2062,-20.36,CRITICAL
455.167,0.1201,0.1594,-16.79,CRITICAL
455.2,0.0975,0.2101,-23.93,CRITICAL
455.233,0.1165,0.1019,-23.03,CRITICAL
455.267,0.1233,0.2741,-16.54,CRITICAL
455.3,0.1071,0.2729,-21.33,CRITICAL
455.333,0.1387,0.1302,-22.14,CRITICAL
455.367,0.1284,0.2197,-21.22,CRITICAL
455.4,0.0868,0.2288,-16.14,CRITICAL
455.433,0.0895,0.2247,-18.71,CRITICAL
455.467,0.1319,0.1344,-23.43,CRITICAL
455.5,0.1113,0.2357,-24.83,CRITICAL
455.533,0.1341,0.1985,-23.9,CRITICAL
455.567,0.0974,0.1492,-22.37,CRITICAL
455.6,0.1166,0.2741,-17.22,CRITICAL
455.633,0.0961,0.2532,-17.8,CRITICAL
455.667,0.1364,0.1913,-16.9,CRITICAL
455.7,0.1037,0.1256,-15.78,CRITICAL
455.733,0.1029,0.1477,-21.12,CRITICAL
455.767,0.09,0.149,-22.8,CRITICAL
455.8,0.0849,0.2581,-22.29,CRITICAL
455.833,0.1221,0.1301,-20.8,CRITICAL
455.867,0.1255,0.1734,-20.86,CRITICAL
455.9,0.0897,0.2562,-17.0,CRITICAL
455.933,0.0869,0.2668,-15.12,CRITICAL
455.967,0.1012,0.1477,-17.37,CRITICAL
456.0,0.0915,0.1083,-20.26,CRITICAL
456.033,0.1218,0.2625,-16.74,CRITICAL
456.067,0.131,0.2822,-16.07,CRITICAL
456.1,0.1192,0.2514,-18.93,CRITICAL
456.133,0.0945,0.2573,-22.86,CRITICAL
456.167,0.1324,0.1268,-16.1,CRITICAL
456.2,0.1168,0.195,-23.53,CRITICAL
456.233,0.1,0.1924,-18.93,CRITICAL
456.267,0.1302,0.2423,-24.79,CRITICAL
456.3,0.1376,0.2534,-17.54,CRITICAL
456.333,0.1028,0.2448,-21.69,CRITICAL
456.367,0.1188,0.2108,-19.32,CRITICAL
456.4,0.1214,0.1374,-23.19,CRITICAL
456.433,0.1138,0.254,-17.19,CRITICAL
456.467,0.1348,0.2296,-24.22,CRITICAL
456.5,0.2962,0.2157,-0.21,ALERT
456.533,0.2959,0.1532,-2.59,ALERT
456.567,0.2878,0.0875,-0.67,ALERT
456.6,0.3265,0.0914,2.56,ALERT
456.633,0.3077,0.1131,0.21,ALERT
456.667,0.2815,0.19,3.21,ALERT
456.7,0.285,0.0992,3.11,ALERT
456.733,0.3265,0.1576,2.56,ALERT
456.767,0.2831,0.1166,-1.63,ALERT
456.8,0.3059,0.2006,3.42,ALERT
456.833,0.3072,0.1924,-2.11,ALERT
456.867,0.295,0.1642,2.38,ALERT
456.9,0.3251,0.1952,-2.46,ALERT
456.933,0.2957,0.1804,1.69,ALERT
456.967,0.2953,0.113,-1.66,ALERT
457.0,0.3263,0.1477,-2.16,ALERT
457.033,0.3367,0.1629,-2.24,ALERT
457.067,0.3258,0.1142,0.73,ALERT
457.1,0.3368,0.1325,1.98,ALERT
457.133,0.3357,0.1965,1.8,ALERT
457.167,0.3145,0.1787,-3.95,ALERT
457.2,0.3274,0.0921,0.92,ALERT
457.233,0.288,0.2049,0.94,ALERT
457.267,0.3141,0.0856,2.68,ALERT
457.3,0.3002,0.145,-0.22,ALERT
457.333,0.3098,0.1685,-2.07,ALERT
457.367,0.2895,0.1342,-0.11,ALERT
457.4,0.1579,0.1529,2.35,ALERT
457.433,0.3097,0.0811,2.34,ALERT
457.467,0.3079,0.1809,-0.17,ALERT
457.5,0.2972,0.1751,1.52,ALERT
457.533,0.2952,0.2036,-1.61,ALERT
457.567,0.3133,0.2148,-1.99,ALERT
457.6,0.3246,0.1104,-2.52,ALERT
457.633,0.3235,0.1657,-2.85,ALERT
457.667,0.2979,0.0981,-0.71,ALERT
457.7,0.3196,0.0936,0.09,ALERT
457.733,0.3355,0.2043,2.02,ALERT
457.767,0.3011,0.1682,1.0,ALERT
457.8,0.2897,0.1791,2.41,ALERT
457.833,0.3253,0.2091,-2.26,ALERT
457.867,0.3175,0.0927,0.44,ALERT
457.9,0.2938,0.1907,-1.48,ALERT
457.933,0.2996,0.1448,-2.11,ALERT
457.967,0.3261,0.1603,3.88,ALERT
458.0,0.2906,0.1225,-2.52,ALERT
458.033,0.3197,0.127,-3.69,ALERT
458.067,0.3139,0.135,3.43,ALERT
458.1,0.3161,0.1889,0.42,ALERT
458.133,0.289,0.154,0.17,ALERT
458.167,0.3022,0.1358,-0.63,ALERT
458.2,0.3345,0.1751,-0.94,ALERT
458.233,0.2908,0.1141,1.17,ALERT
458.267,0.3017,0.2132,-1.24,ALERT
458.3,0.1756,0.1293,-2.73,ALERT
458.333,0.3148,0.1489,3.9,ALERT
458.367,0.3197,0.0985,2.88,ALERT
458.4,0.3345,0.16,0.1,ALERT
458.433,0.2843,0.1096,3.76,ALERT
458.467,0.3397,0.1899,0.19,ALERT
458.5,0.3291,0.1036,-0.79,ALERT
458.533,0.3224,0.1955,-2.96,ALERT
458.567,0.3005,0.1337,1.33,ALERT
458.6,0.3083,0.1923,0.11,ALERT
458.633,0.3005,0.1248,-1.21,ALERT
458.667,0.3148,0.1523,-3.57,ALERT
458.7,0.3239,0.0928,0.98,ALERT
458.733,0.3067,0.1715,2.13,ALERT
458.767,0.3329,0.099,3.17,ALERT
458.8,0.335,0.2095,3.83,ALERT
458.833,0.3158,0.1659,-3.11,ALERT
458.867,0.304,0.1533,-0.75,ALERT
458.9,0.2913,0.2049,0.67,ALERT
458.933,0.3292,0.2142,-3.11,ALERT
458.967,0.3222,0.1618,-2.51,ALERT
459.0,0.3044,0.1202,2.18,ALERT
459.033,0.3185,0.0967,-3.77,ALERT
459.067,0.2828,0.1563,1.06,ALERT
459.1,0.2839,0.1825,-1.45,ALERT
459.133,0.335,0.1159,3.54,ALERT
459.167,0.317,0.157,1.99,ALERT
459.2,0.3383,0.1407,3.59,ALERT
459.233,0.3247,0.2026,0.44,ALERT
459.267,0.3383,0.0812,-0.45,ALERT
459.3,0.2833,0.205,1.32,ALERT
459.333,0.3168,0.1587,3.04,ALERT
459.367,0.2907,0.2022,0.18,ALERT
459.4,0.3256,0.2036,-2.52,ALERT
459.433,0.306,0.1306,2.11,ALERT
459.467,0.284,0.1122,-0.78,ALERT
459.5,0.3066,0.098,1.07,ALERT
459.533,0.2928,0.1456,-1.19,ALERT
459.567,0.2917,0.1694,3.29,ALERT
459.6,0.2905,0.2006,-3.8,ALERT
459.633,0.3129,0.0928,1.24,ALERT
459.667,0.3186,0.0869,-3.86,ALERT
459.7,0.3101,0.1002,-2.43,ALERT
459.733,0.306,0.1583,-3.74,ALERT
459.767,0.3122,0.2131,2.45,ALERT
459.8,0.3226,0.1235,1.64,ALERT
459.833,0.2967,0.154,1.24,ALERT
459.867,0.2983,0.0953,2.32,ALERT
459.9,0.3105,0.1816,-1.82,ALERT
459.933,0.3189,0.1635,1.48,ALERT
459.967,0.3044,0.1095,-0.47,ALERT
460.0,0.2973,0.0877,-1.73,ALERT
460.033,0.2888,0.0848,-2.22,ALERT
460.067,0.2951,0.1582,-2.46,ALERT
460.1,0.3156,0.1473,2.57,ALERT
460.133,0.3264,0.118,-2.71,ALERT
460.167,0.3248,0.2132,-0.35,ALERT
460.2,0.288,0.1364,2.46,ALERT
460.233,0.3231,0.1398,3.14,ALERT
460.267,0.3157,0.1509,-2.33,ALERT
460.3,0.2909,0.0858,0.34,ALERT
460.333,0.3396,0.1981,-2.0,ALERT
460.367,0.3384,0.1501,3.98,ALERT
460.4,0.3318,0.2062,2.02,ALERT
460.433,0.3082,0.1486,2.65,ALERT
460.467,0.2847,0.1633,2.98,ALERT
460.5,0.3263,0.0839,-0.3,ALERT
460.533,0.3297,0.0903,0.12,ALERT
460.567,0.3149,0.0849,-1.74,ALERT
460.6,0.3065,0.1438,0.91,ALERT
460.633,0.3344,0.2149,1.79,ALERT
460.667,0.333,0.1111,-0.59,ALERT
460.7,0.3237,0.161,-2.71,ALERT
460.733,0.2818,0.1963,-3.78,ALERT
460.767,0.3116,0.1819,-1.84,ALERT
460.8,0.309,0.1654,1.97,ALERT
460.833,0.3177,0.1866,2.46,ALERT
460.867,0.1658,0.1793,-1.62,ALERT
460.9,0.3344,0.1456,-1.21,ALERT
460.933,0.297,0.1723,2.83,ALERT
460.967,0.3056,0.1925,2.74,ALERT
461.0,0.2829,0.1868,-0.02,ALERT
461.033,0.3297,0.1243,0.14,ALERT
461.067,0.2839,0.1281,1.38,ALERT
461.1,0.3218,0.1069,-3.76,ALERT
461.133,0.2976,0.2056,2.4,ALERT
461.167,0.2968,0.177,2.74,ALERT
461.2,0.3368,0.092,2.46,ALERT
461.233,0.3111,0.1586,-2.79,ALERT
461.267,0.3339,0.1417,-2.89,ALERT
461.3,0.2896,0.1208,-2.86,ALERT
461.333,0.3178,0.0813,3.46,ALERT
461.367,0.2855,0.1249,-3.36,ALERT
461.4,0.3004,0.1183,2.66,ALERT
461.433,0.3277,0.0989,-0.99,ALERT
461.467,0.3273,0.0932,-2.29,ALERT
461.5,0.2836,0.1572,-2.68,ALERT
461.533,0.3253,0.1701,3.02,ALERT
461.567,0.2965,0.1066,-0.09,ALERT
461.6,0.3245,0.2188,1.9,ALERT
461.633,0.2971,0.1726,3.61,ALERT
461.667,0.3035,0.1674,1.74,ALERT
461.7,0.2943,0.1505,-1.34,ALERT
461.733,0.3301,0.2105,-2.07,ALERT
461.767,0.2988,0.177,-1.13,ALERT
461.8,0.2869,0.1955,-2.39,ALERT
461.833,0.1685,0.1211,-0.69,ALERT
461.867,0.3355,0.2073,-0.63,ALERT
461.9,0.3146,0.2175,0.76,ALERT
461.933,0.3232,0.1194,-1.44,ALERT
461.967,0.3165,0.1783,1.65,ALERT
462.0,0.3083,0.1144,3.29,ALERT
462.033,0.3162,0.091,-2.35,ALERT
462.067,0.3195,0.1596,-0.72,ALERT
462.1,0.3356,0.1392,3.41,ALERT
462.133,0.2815,0.1407,3.57,ALERT
462.167,0.2868,0.1894,-2.77,ALERT
462.2,0.3162,0.1891,-3.3,ALERT
462.233,0.3215,0.1867,-1.38,ALERT
462.267,0.2966,0.2016,-2.12,ALERT
462.3,0.3053,0.1199,0.94,ALERT
462.333,0.3207,0.2132,0.7,ALERT
462.367,0.3276,0.1176,2.53,ALERT
462.4,0.2997,0.1598,-1.84,ALERT
462.433,0.2942,0.1208,1.44,ALERT
462.467,0.3372,0.1866,-3.61,ALERT
462.5,0.3149,0.1035,0.06,ALERT
462.533,0.3022,0.125,-1.13,ALERT
462.567,0.2832,0.0986,2.8,ALERT
462.6,0.3222,0.1703,-1.37,ALERT
462.633,0.3166,0.1437,2.75,ALERT
462.667,0.3373,0.1088,-3.6,ALERT
462.7,0.3166,0.1734,-2.21,ALERT
462.733,0.3201,0.1466,-0.25,ALERT
462.767,0.323,0.2165,3.53,ALERT
462.8,0.2938,0.1924,0.88,ALERT
462.833,0.3125,0.2177,-2.8,ALERT
462.867,0.2942,0.1333,1.13,ALERT
462.9,0.2958,0.1203,1.03,ALERT
462.933,0.3394,0.207,2.81,ALERT
462.967,0.2832,0.2162,0.96,ALERT
463.0,0.2859,0.1301,-1.49,ALERT
463.033,0.3167,0.1767,3.43,ALERT
463.067,0.2804,0.1038,-3.25,ALERT
463.1,0.2836,0.1767,-2.13,ALERT
463.133,0.2987,0.1443,-2.22,ALERT
463.167,0.3231,0.1364,-0.18,ALERT
463.2,0.2906,0.1421,1.99,ALERT
463.233,0.2907,0.1995,-0.42,ALERT
463.267,0.3229,0.2154,2.89,ALERT
463.3,0.298,0.1162,-1.66,ALERT
463.333,0.2821,0.2082,-2.98,ALERT
463.367,0.3376,0.1342,-2.92,ALERT
463.4,0.2862,0.1307,0.45,ALERT
463.433,0.3162,0.1841,-0.22,ALERT
463.467,0.2819,0.0918,3.0,ALERT
463.5,0.2943,0.1626,1.83,ALERT
463.533,0.3152,0.1652,-1.61,ALERT
463.567,0.3189,0.2043,-2.89,ALERT
463.6,0.2967,0.1553,0.82,ALERT
463.633,0.3014,0.2007,-3.88,ALERT
463.667,0.2974,0.1691,1.66,ALERT
463.7,0.3009,0.2061,-1.26,ALERT
463.733,0.3124,0.215,-0.15,ALERT
463.767,0.3045,0.2008,-0.44,ALERT
463.8,0.3315,0.1619,0.25,ALERT
463.833,0.319,0.1882,-2.59,ALERT
463.867,0.3355,0.1927,-3.12,ALERT
463.9,0.129,0.1831,-2.81,ALERT
463.933,0.3108,0.1477,2.28,ALERT
463.967,0.314,0.199,2.84,ALERT
464.0,0.3384,0.2096,3.6,ALERT
464.033,0.296,0.2117,-2.41,ALERT
464.067,0.1412,0.2092,1.25,ALERT
464.1,0.2865,0.1438,-1.39,ALERT
464.133,0.2806,0.1763,3.0,ALERT
464.167,0.2872,0.0999,-1.32,ALERT
464.2,0.3334,0.1007,2.33,ALERT
464.233,0.3202,0.1645,2.01,ALERT
464.267,0.3326,0.0914,0.35,ALERT
464.3,0.2936,0.1682,-0.12,ALERT
464.333,0.3398,0.1928,1.87,ALERT
464.367,0.3351,0.1685,2.41,ALERT
464.4,0.3097,0.1307,1.29,ALERT
464.433,0.2964,0.1446,-1.45,ALERT
464.467,0.3108,0.1582,-0.12,ALERT
464.5,0.2807,0.1795,-3.29,ALERT
464.533,0.2957,0.0889,2.16,ALERT
464.567,0.336,0.1134,0.52,ALERT
464.6,0.3294,0.1092,-1.41,ALERT
464.633,0.324,0.1259,-0.74,ALERT
464.667,0.3228,0.1914,1.5,ALERT
464.7,0.3223,0.1254,-2.94,ALERT
464.733,0.3115,0.2029,1.2,ALERT
464.767,0.3082,0.1651,-2.85,ALERT
464.8,0.2984,0.1661,0.86,ALERT
464.833,0.3161,0.1299,-0.4,ALERT
464.867,0.3199,0.0941,2.12,ALERT
464.9,0.2894,0.2052,1.1,ALERT
464.933,0.3014,0.1293,-2.61,ALERT
464.967,0.2815,0.1756,2.54,ALERT
465.0,0.331,0.1498,3.23,ALERT
465.033,0.3237,0.1824,1.59,ALERT
465.067,0.2951,0.201,2.77,ALERT
465.1,0.3145,0.0803,0.29,ALERT
465.133,0.2859,0.2164,2.55,ALERT
465.167,0.1494,0.1185,-1.52,ALERT
465.2,0.2982,0.1833,-3.18,ALERT
465.233,0.1428,0.1492,1.78,ALERT
465.267,0.3041,0.2134,-3.4,ALERT
465.3,0.2866,0.0988,1.12,ALERT
465.333,0.34,0.2146,3.0,ALERT
465.367,0.3386,0.1128,-1.38,ALERT
465.4,0.3262,0.1814,0.26,ALERT
465.433,0.3128,0.1656,-0.37,ALERT
465.467,0.3396,0.127,-0.88,ALERT
465.5,0.2949,0.1904,1.53,ALERT
465.533,0.3186,0.1758,-3.78,ALERT
465.567,0.3142,0.1877,0.67,ALERT
465.6,0.2826,0.2009,-2.17,ALERT
465.633,0.3254,0.1826,-2.45,ALERT
465.667,0.3258,0.0889,0.39,ALERT
465.7,0.2965,0.1424,-2.26,ALERT
465.733,0.3122,0.0935,1.46,ALERT
465.767,0.3241,0.1222,3.87,ALERT
465.8,0.3344,0.1854,-3.53,ALERT
465.833,0.3099,0.1561,1.45,ALERT
465.867,0.2832,0.1328,0.4,ALERT
465.9,0.1269,0.1844,0.92,ALERT
465.933,0.3231,0.173,-2.55,ALERT
465.967,0.3166,0.095,-1.36,ALERT
466.0,0.3149,0.1696,-3.22,ALERT
466.033,0.2982,0.1427,1.17,ALERT
466.067,0.3128,0.1671,1.52,ALERT
466.1,0.335,0.1405,-1.28,ALERT
466.133,0.3273,0.2052,2.59,ALERT
466.167,0.3255,0.1115,1.46,ALERT
466.2,0.285,0.1699,-3.28,ALERT
466.233,0.3061,0.1681,-0.96,ALERT
466.267,0.2959,0.0838,1.1,ALERT
466.3,0.2801,0.2101,2.09,ALERT
466.333,0.3076,0.1713,2.34,ALERT
466.367,0.1364,0.2118,-1.9,ALERT
466.4,0.3288,0.0995,0.57,ALERT
466.433,0.3025,0.1513,0.53,ALERT
466.467,0.3332,0.1138,-0.79,ALERT
466.5,0.3088,0.1873,-3.43,ALERT
466.533,0.3354,0.1099,-2.07,ALERT
466.567,0.3396,0.1122,-2.99,ALERT
466.6,0.2927,0.0955,-0.21,ALERT
466.633,0.2814,0.1892,3.08,ALERT
466.667,0.2811,0.183,-3.97,ALERT
466.7,0.3282,0.1064,-2.14,ALERT
466.733,0.3103,0.1704,2.26,ALERT
466.767,0.2997,0.1789,2.06,ALERT
466.8,0.3131,0.1258,-3.81,ALERT
466.833,0.3397,0.1953,-2.3,ALERT
466.867,0.3041,0.19,3.93,ALERT
466.9,0.3071,0.1795,0.21,ALERT
466.933,0.3355,0.1401,-1.99,ALERT
466.967,0.2807,0.1804,3.66,ALERT
467.0,0.3384,0.1905,0.68,ALERT
467.033,0.3072,0.2031,-2.17,ALERT
467.067,0.322,0.1149,0.24,ALERT
467.1,0.2941,0.0831,-1.77,ALERT
467.133,0.2947,0.1784,2.36,ALERT
467.167,0.329,0.0974,-3.47,ALERT
467.2,0.3134,0.1576,-1.91,ALERT
467.233,0.2879,0.149,0.72,ALERT
467.267,0.3194,0.1059,2.54,ALERT
467.3,0.2879,0.1659,-3.8,ALERT
467.333,0.2896,0.1162,1.94,ALERT
467.367,0.3351,0.1176,3.47,ALERT
467.4,0.291,0.1831,0.8,ALERT
467.433,0.2853,0.1763,2.38,ALERT
467.467,0.2954,0.2149,2.61,ALERT
467.5,0.3117,0.1664,3.69,ALERT
467.533,0.312,0.1983,-2.29,ALERT
467.567,0.3395,0.1186,0.03,ALERT
467.6,0.282,0.1767,1.76,ALERT
467.633,0.2866,0.0964,2.75,ALERT
467.667,0.3103,0.0985,-2.0,ALERT
467.7,0.3378,0.1678,-0.34,ALERT
467.733,0.3376,0.2069,3.54,ALERT
467.767,0.3227,0.2043,2.54,ALERT
467.8,0.3326,0.0927,3.28,ALERT
467.833,0.291,0.0804,1.3,ALERT
467.867,0.3318,0.1297,1.22,ALERT
467.9,0.3367,0.1611,-2.98,ALERT
467.933,0.323,0.1641,-0.04,ALERT
467.967,0.3205,0.1297,3.88,ALERT
468.0,0.3338,0.1312,2.55,ALERT
468.033,0.3255,0.1556,-0.98,ALERT
468.067,0.3146,0.2047,-2.76,ALERT
468.1,0.3159,0.1819,-0.58,ALERT
468.133,0.33,0.1094,-2.9,ALERT
468.167,0.2827,0.0904,2.82,ALERT
468.2,0.2887,0.0966,-1.36,ALERT
468.233,0.327,0.1877,3.88,ALERT
468.267,0.3101,0.1948,0.3,ALERT
468.3,0.29,0.212,-3.17,ALERT
468.333,0.3228,0.1709,2.42,ALERT
468.367,0.3254,0.1264,3.31,ALERT
468.4,0.3137,0.2022,3.41,ALERT
468.433,0.2976,0.2106,3.64,ALERT
468.467,0.2973,0.1305,2.32,ALERT
468.5,0.3118,0.1178,1.13,ALERT
468.533,0.3236,0.209,-2.05,ALERT
468.567,0.334,0.1931,1.78,ALERT
468.6,0.3296,0.0985,-2.59,ALERT
468.633,0.3167,0.0876,2.79,ALERT
468.667,0.2873,0.1132,0.67,ALERT
468.7,0.3015,0.1044,1.09,ALERT
468.733,0.2861,0.1314,0.17,ALERT
468.767,0.3005,0.0998,1.21,ALERT
468.8,0.284,0.1111,2.96,ALERT
468.833,0.3013,0.132,-3.96,ALERT
468.867,0.2948,0.1985,-0.34,ALERT
468.9,0.2994,0.1451,-3.11,ALERT
468.933,0.2816,0.138,-1.08,ALERT
468.967,0.3242,0.1285,-3.43,ALERT
469.0,0.2925,0.1241,-3.09,ALERT
469.033,0.2865,0.1203,2.04,ALERT
469.067,0.3292,0.1544,0.18,ALERT
469.1,0.2802,0.1065,3.48,ALERT
469.133,0.3276,0.1492,2.68,ALERT
469.167,0.3111,0.0954,0.21,ALERT
469.2,0.3055,0.1912,0.5,ALERT
469.233,0.3327,0.18,1.39,ALERT
469.267,0.2852,0.1334,1.1,ALERT
469.3,0.329,0.1241,0.62,ALERT
469.333,0.3103,0.1722,1.53,ALERT
469.367,0.3131,0.0857,1.47,ALERT
469.4,0.3381,0.1163,0.66,ALERT
469.433,0.3298,0.1469,-0.53,ALERT
469.467,0.3337,0.1433,-0.96,ALERT
469.5,0.3126,0.0903,-1.29,ALERT
469.533,0.2846,0.0813,-3.6,ALERT
469.567,0.3186,0.1199,0.67,ALERT
469.6,0.3361,0.0846,-2.94,ALERT
469.633,0.334,0.1298,2.12,ALERT
469.667,0.3259,0.204,-0.7,ALERT
469.7,0.3156,0.1548,3.62,ALERT
469.733,0.3062,0.1204,0.15,ALERT
469.767,0.288,0.0851,2.76,ALERT
469.8,0.3395,0.2042,-2.22,ALERT
469.833,0.3081,0.129,-0.29,ALERT
469.867,0.3197,0.0952,-3.63,ALERT
469.9,0.329,0.1596,-2.66,ALERT
469.933,0.3174,0.1384,-0.4,ALERT
469.967,0.3075,0.0848,2.31,ALERT
470.0,0.3372,0.0932,2.21,ALERT
470.033,0.3366,0.208,1.98,ALERT
470.067,0.3263,0.1576,1.87,ALERT
470.1,0.3013,0.1248,-2.68,ALERT
470.133,0.3364,0.116,-0.83,ALERT
470.167,0.2804,0.2182,2.71,ALERT
470.2,0.3066,0.1387,-0.65,ALERT
470.233,0.3221,0.0841,2.1,ALERT
470.267,0.31,0.1349,-0.63,ALERT
470.3,0.3246,0.185,-1.0,ALERT
470.333,0.3116,0.1438,3.97,ALERT
470.367,0.299,0.1817,3.77,ALERT
470.4,0.1306,0.1134,-1.58,ALERT
470.433,0.3032,0.135,3.79,ALERT
470.467,0.3217,0.0981,1.16,ALERT
470.5,0.3231,0.1497,-3.9,ALERT
470.533,0.3048,0.0882,0.91,ALERT
470.567,0.3211,0.1131,-0.89,ALERT
470.6,0.3152,0.2056,-1.91,ALERT
470.633,0.3109,0.1591,0.08,ALERT
470.667,0.3147,0.1712,-1.11,ALERT
470.7,0.3205,0.0922,3.07,ALERT
470.733,0.288,0.1723,1.92,ALERT
470.767,0.3093,0.2062,2.43,ALERT
470.8,0.3233,0.0854,3.35,ALERT
470.833,0.3368,0.2098,0.63,ALERT
470.867,0.2851,0.0814,1.17,ALERT
470.9,0.2993,0.1185,3.08,ALERT
470.933,0.2803,0.2045,-0.1,ALERT
470.967,0.3017,0.2193,-3.05,ALERT
471.0,0.3308,0.1398,-3.36,ALERT
471.033,0.3262,0.0854,3.37,ALERT
471.067,0.2945,0.0903,-3.42,ALERT
471.1,0.2987,0.1777,-1.43,ALERT
471.133,0.3223,0.1954,-0.77,ALERT
471.167,0.308,0.1124,-2.94,ALERT
471.2,0.303,0.1792,-2.66,ALERT
471.233,0.3003,0.1149,-2.93,ALERT
471.267,0.3124,0.1439,-3.8,ALERT
471.3,0.2907,0.1976,-2.09,ALERT
471.333,0.2999,0.188,-3.34,ALERT
471.367,0.3017,0.2032,2.75,ALERT
471.4,0.2896,0.1817,-0.14,ALERT
471.433,0.2877,0.0837,1.12,ALERT
471.467,0.3394,0.135,-3.32,ALERT
471.5,0.1481,0.318,-17.71,DROWSY
471.533,0.164,0.2907,-12.1,DROWSY
471.567,0.1502,0.2157,-15.91,DROWSY
471.6,0.1654,0.2773,-13.61,DROWSY
471.633,0.101,0.2564,-15.74,DROWSY
471.667,0.1685,0.3909,-15.73,DROWSY
471.7,0.1363,0.2721,-12.84,DROWSY
471.733,0.1138,0.1776,-12.33,DROWSY
471.767,0.1458,0.3244,-10.32,DROWSY
471.8,0.1696,0.2676,-12.5,DROWSY
471.833,0.1253,0.2794,-11.12,DROWSY
471.867,0.1113,0.263,-13.15,DROWSY
471.9,0.1447,0.2086,-14.05,DROWSY
471.933,0.1076,0.3546,-16.02,DROWSY
471.967,0.1311,0.3035,-12.9,DROWSY
472.0,0.1204,0.3368,-10.23,DROWSY
472.033,0.1155,0.2362,-16.35,DROWSY
472.067,0.1588,0.1632,-15.46,DROWSY
472.1,0.1164,0.3081,-14.42,DROWSY
472.133,0.125,0.3045,-15.72,DROWSY
472.167,0.1053,0.3633,-13.76,DROWSY
472.2,0.1591,0.1768,-17.68,DROWSY
472.233,0.1598,0.2793,-13.79,DROWSY
472.267,0.1572,0.2449,-10.29,DROWSY
472.3,0.123,0.1637,-13.04,DROWSY
472.333,0.1012,0.3229,-16.72,DROWSY
472.367,0.1329,0.3366,-11.69,DROWSY
472.4,0.1293,0.1575,-12.88,DROWSY
472.433,0.1243,0.2843,-15.8,DROWSY
472.467,0.1642,0.3096,-17.91,DROWSY
472.5,0.1269,0.2886,-14.9,DROWSY
472.533,0.1532,0.3338,-15.8,DROWSY
472.567,0.1168,0.3008,-15.62,DROWSY
472.6,0.1074,0.1812,-16.27,DROWSY
472.633,0.1407,0.1692,-17.83,DROWSY
472.667,0.1047,0.2948,-12.0,DROWSY
472.7,0.1014,0.2562,-17.74,DROWSY
472.733,0.1115,0.3598,-13.16,DROWSY
472.767,0.1133,0.3406,-17.26,DROWSY
472.8,0.1587,0.3445,-16.66,DROWSY
472.833,0.1157,0.3972,-15.03,DROWSY
472.867,0.1272,0.3485,-13.34,DROWSY
472.9,0.1244,0.1694,-12.07,DROWSY
472.933,0.1533,0.2383,-11.04,DROWSY
472.967,0.1049,0.2855,-12.21,DROWSY
473.0,0.1661,0.3996,-14.93,DROWSY
473.033,0.1447,0.3816,-17.4,DROWSY
473.067,0.1392,0.3953,-14.63,DROWSY
473.1,0.1128,0.2071,-14.38,DROWSY
473.133,0.1517,0.36,-12.49,DROWSY
473.167,0.1057,0.1858,-14.76,DROWSY
473.2,0.151,0.2292,-10.84,DROWSY
473.233,0.1093,0.2786,-16.19,DROWSY
473.267,0.1076,0.3649,-13.75,DROWSY
473.3,0.156,0.2827,-15.06,DROWSY
473.333,0.128,0.2017,-11.58,DROWSY
473.367,0.1235,0.3425,-16.65,DROWSY
473.4,0.1029,0.3247,-12.99,DROWSY
473.433,0.1564,0.2007,-10.86,DROWSY
473.467,0.12,0.2848,-10.16,DROWSY
473.5,0.1599,0.2874,-15.22,DROWSY
473.533,0.1697,0.3969,-13.39,DROWSY
473.567,0.1225,0.2441,-15.57,DROWSY
473.6,0.1572,0.3992,-15.51,DROWSY
473.633,0.1451,0.3306,-14.66,DROWSY
473.667,0.1431,0.1667,-17.88,DROWSY
473.7,0.1541,0.2474,-12.54,DROWSY
473.733,0.1121,0.2171,-12.86,DROWSY
473.767,0.166,0.3457,-17.19,DROWSY
473.8,0.3355,0.1139,-3.42,ALERT
473.833,0.3141,0.1681,-2.33,ALERT
473.867,0.3376,0.1411,-1.03,ALERT
473.9,0.299,0.1984,0.38,ALERT
473.933,0.3382,0.2126,-2.74,ALERT
473.967,0.2928,0.193,-2.73,ALERT
474.0,0.3081,0.167,4.0,ALERT
474.033,0.174,0.1632,-3.71,ALERT
474.067,0.2813,0.2067,1.55,ALERT
474.1,0.2898,0.0905,-3.71,ALERT
474.133,0.3162,0.1003,-2.18,ALERT
474.167,0.2909,0.1957,-2.17,ALERT
474.2,0.3369,0.1227,0.25,ALERT
474.233,0.3295,0.194,2.31,ALERT
474.267,0.3375,0.1674,0.52,ALERT
474.3,0.324,0.1417,-3.58,ALERT
474.333,0.3353,0.171,0.34,ALERT
474.367,0.326,0.1781,-2.02,ALERT
474.4,0.2969,0.1737,-1.45,ALERT
474.433,0.3198,0.1941,2.08,ALERT
474.467,0.3171,0.1621,-1.04,ALERT
474.5,0.3144,0.0835,3.61,ALERT
474.533,0.335,0.1686,-1.51,ALERT
474.567,0.288,0.109,-1.78,ALERT
474.6,0.3291,0.1717,0.63,ALERT
474.633,0.2971,0.1971,-2.12,ALERT
474.667,0.2895,0.121,-2.35,ALERT
474.7,0.3283,0.1417,-2.3,ALERT
474.733,0.3131,0.1236,3.15,ALERT
474.767,0.3081,0.1326,0.52,ALERT
474.8,0.3382,0.1245,0.55,ALERT
474.833,0.3097,0.1676,-0.09,ALERT
474.867,0.3066,0.2071,2.81,ALERT
474.9,0.3283,0.1221,-2.03,ALERT
474.933,0.3143,0.1459,-3.49,ALERT
474.967,0.3255,0.1434,-1.21,ALERT
475.0,0.319,0.1294,-0.64,ALERT
475.033,0.2876,0.1069,-2.6,ALERT
475.067,0.2803,0.113,-1.82,ALERT
475.1,0.2814,0.1484,-0.28,ALERT
475.133,0.3061,0.1839,-0.25,ALERT
475.167,0.3206,0.1274,-1.44,ALERT
475.2,0.3046,0.1518,-1.94,ALERT
475.233,0.3333,0.1636,3.35,ALERT
475.267,0.3249,0.0981,3.4,ALERT
475.3,0.3279,0.1981,2.71,ALERT
475.333,0.3368,0.1894,3.63,ALERT
475.367,0.3225,0.0916,1.74,ALERT
475.4,0.3159,0.2045,-3.01,ALERT
475.433,0.3006,0.1049,1.91,ALERT
475.467,0.3313,0.0818,-3.41,ALERT
475.5,0.3382,0.1666,0.08,ALERT
475.533,0.3058,0.0841,1.81,ALERT
475.567,0.3138,0.1734,2.58,ALERT
475.6,0.2817,0.1827,-3.35,ALERT
475.633,0.3379,0.1908,0.49,ALERT
475.667,0.2921,0.1928,3.65,ALERT
475.7,0.3308,0.0961,-1.35,ALERT
475.733,0.3183,0.14,-2.66,ALERT
475.767,0.2869,0.135,-2.36,ALERT
475.8,0.319,0.1473,-0.32,ALERT
475.833,0.3228,0.1443,-2.95,ALERT
475.867,0.2976,0.2111,-2.27,ALERT
475.9,0.2956,0.1209,-3.71,ALERT
475.933,0.326,0.0919,3.15,ALERT
475.967,0.3132,0.1082,-0.43,ALERT
476.0,0.3284,0.108,-3.35,ALERT
476.033,0.3254,0.1713,2.12,ALERT
476.067,0.2866,0.1176,1.43,ALERT
476.1,0.3374,0.1792,1.7,ALERT
476.133,0.3058,0.1409,-2.1,ALERT
476.167,0.2817,0.2139,0.27,ALERT
476.2,0.316,0.1414,-0.83,ALERT
476.233,0.3351,0.1112,2.11,ALERT
476.267,0.294,0.0961,2.04,ALERT
476.3,0.2973,0.2125,-0.44,ALERT
476.333,0.2882,0.1128,0.69,ALERT
476.367,0.1518,0.1632,3.91,ALERT
476.4,0.3202,0.2018,1.56,ALERT
476.433,0.2917,0.1231,1.53,ALERT
476.467,0.3202,0.1059,-1.17,ALERT
476.5,0.3272,0.0838,-0.11,ALERT
476.533,0.2966,0.1054,-2.3,ALERT
476.567,0.3386,0.1887,2.47,ALERT
476.6,0.3057,0.118,3.64,ALERT
476.633,0.3085,0.0964,-3.87,ALERT
476.667,0.2954,0.1901,-1.93,ALERT
476.7,0.2888,0.0871,-0.15,ALERT
476.733,0.301,0.1106,2.08,ALERT
476.767,0.1426,0.1014,-3.93,ALERT
476.8,0.2943,0.0992,0.96,ALERT
476.833,0.3048,0.0926,-0.86,ALERT
476.867,0.289,0.1237,2.85,ALERT
476.9,0.3131,0.16,-2.9,ALERT
476.933,0.2968,0.1178,2.66,ALERT
476.967,0.3147,0.1734,-2.72,ALERT
477.0,0.3214,0.1704,3.52,ALERT
477.033,0.2958,0.1367,-0.87,ALERT
477.067,0.2975,0.1435,1.31,ALERT
477.1,0.2986,0.1947,0.54,ALERT
477.133,0.3051,0.0927,-2.25,ALERT
477.167,0.3074,0.2156,1.7,ALERT
477.2,0.3215,0.2198,-3.0,ALERT
477.233,0.3138,0.1664,-3.49,ALERT
477.267,0.3159,0.0942,1.57,ALERT
477.3,0.2844,0.187,-1.88,ALERT
477.333,0.3143,0.0901,2.61,ALERT
477.367,0.3193,0.1271,-2.44,ALERT
477.4,0.2984,0.1446,-0.24,ALERT
477.433,0.3398,0.0888,-1.95,ALERT
477.467,0.3309,0.1366,0.18,ALERT
477.5,0.3218,0.1749,2.7,ALERT
477.533,0.2815,0.0909,1.3,ALERT
477.567,0.299,0.0918,2.04,ALERT
477.6,0.2833,0.2039,0.35,ALERT
477.633,0.3228,0.1683,-2.52,ALERT
477.667,0.3104,0.156,-2.75,ALERT
477.7,0.3386,0.1128,2.62,ALERT
477.733,0.2886,0.1948,-0.59,ALERT
477.767,0.3298,0.1823,-2.55,ALERT
477.8,0.3174,0.1227,-2.17,ALERT
477.833,0.2841,0.0945,-2.19,ALERT
477.867,0.2925,0.0834,-3.97,ALERT
477.9,0.3284,0.2033,-1.72,ALERT
477.933,0.2993,0.1153,3.66,ALERT
477.967,0.3021,0.0894,-0.11,ALERT
478.0,0.3166,0.218,-3.45,ALERT
478.033,0.3066,0.114,0.48,ALERT
478.067,0.2999,0.1327,0.72,ALERT
478.1,0.3061,0.1752,-2.72,ALERT
478.133,0.2832,0.105,-2.89,ALERT
478.167,0.2922,0.1285,-2.61,ALERT
478.2,0.3195,0.1941,-3.67,ALERT
478.233,0.3246,0.1823,-2.0,ALERT
478.267,0.2845,0.1977,3.67,ALERT
478.3,0.2918,0.1222,-0.14,ALERT
478.333,0.3214,0.2129,-2.88,ALERT
478.367,0.2946,0.1304,0.58,ALERT
478.4,0.3031,0.1904,-3.87,ALERT
478.433,0.2975,0.2133,1.1,ALERT
478.467,0.3295,0.081,1.07,ALERT
478.5,0.3012,0.1797,-2.51,ALERT
478.533,0.2831,0.1575,-3.95,ALERT
478.567,0.3193,0.2085,-3.5,ALERT
478.6,0.3362,0.1468,-2.96,ALERT
478.633,0.2917,0.0972,-3.05,ALERT
478.667,0.3022,0.1862,2.53,ALERT
478.7,0.3051,0.1446,-3.28,ALERT
478.733,0.3377,0.1288,-2.38,ALERT
478.767,0.3289,0.2015,-2.55,ALERT
478.8,0.3224,0.087,-3.2,ALERT
478.833,0.2831,0.1729,-0.93,ALERT
478.867,0.2934,0.2115,2.2,ALERT
478.9,0.3261,0.0912,3.93,ALERT
478.933,0.3121,0.1426,2.59,ALERT
478.967,0.2861,0.1404,-1.18,ALERT
479.0,0.286,0.1713,2.24,ALERT
479.033,0.3209,0.1868,2.55,ALERT
479.067,0.2827,0.2187,1.55,ALERT
479.1,0.3277,0.1949,-1.95,ALERT
479.133,0.3031,0.1017,1.22,ALERT
479.167,0.2993,0.167,-2.33,ALERT
479.2,0.2907,0.1008,1.63,ALERT
479.233,0.3052,0.105,-0.08,ALERT
479.267,0.3154,0.2069,2.89,ALERT
479.3,0.3131,0.2191,2.68,ALERT
479.333,0.2977,0.1031,1.68,ALERT
479.367,0.3034,0.0851,-3.05,ALERT
479.4,0.3102,0.1446,-0.1,ALERT
479.433,0.2942,0.1122,-0.09,ALERT
479.467,0.2867,0.0861,3.81,ALERT
479.5,0.1558,0.1616,0.74,ALERT
479.533,0.3125,0.106,-2.59,ALERT
479.567,0.2919,0.1189,-3.15,ALERT
479.6,0.3143,0.1075,0.91,ALERT
479.633,0.3081,0.0951,3.13,ALERT
479.667,0.3351,0.1508,-2.32,ALERT
479.7,0.3066,0.1313,2.44,ALERT
479.733,0.3089,0.09,3.01,ALERT
479.767,0.33,0.1086,2.35,ALERT
479.8,0.3131,0.0909,-3.43,ALERT
479.833,0.3274,0.0944,-2.15,ALERT
479.867,0.3387,0.1514,-0.51,ALERT
479.9,0.3291,0.1052,1.1,ALERT
479.933,0.2825,0.1957,-0.72,ALERT
479.967,0.3039,0.1415,2.81,ALERT
480.0,0.3141,0.1141,2.7,ALERT
480.033,0.2986,0.1304,3.63,ALERT
480.067,0.3039,0.0855,0.41,ALERT
480.1,0.286,0.206,-0.61,ALERT
480.133,0.3043,0.0854,1.4,ALERT
480.167,0.2998,0.096,-0.27,ALERT
480.2,0.2935,0.1719,-1.52,ALERT
480.233,0.3275,0.0893,3.28,ALERT
480.267,0.321,0.1695,1.67,ALERT
480.3,0.3071,0.1327,2.73,ALERT
480.333,0.3089,0.1421,3.87,ALERT
480.367,0.3372,0.1813,2.89,ALERT
480.4,0.3344,0.1493,1.61,ALERT
480.433,0.2845,0.1835,-3.08,ALERT
480.467,0.3307,0.2086,-0.82,ALERT
480.5,0.3346,0.1443,-0.16,ALERT
480.533,0.3012,0.1881,-2.7,ALERT
480.567,0.3119,0.0944,0.79,ALERT
480.6,0.2879,0.1844,-2.04,ALERT
480.633,0.2939,0.0922,-2.5,ALERT
480.667,0.3139,0.1139,3.83,ALERT
480.7,0.3361,0.1395,0.02,ALERT
480.733,0.3238,0.0999,2.26,ALERT
480.767,0.337,0.1679,3.36,ALERT
480.8,0.3285,0.1194,-0.52,ALERT
480.833,0.2956,0.1526,-1.33,ALERT
480.867,0.3074,0.2076,-3.68,ALERT
480.9,0.3292,0.2159,0.49,ALERT
480.933,0.2863,0.1951,2.09,ALERT
480.967,0.3105,0.2042,3.26,ALERT
481.0,0.331,0.2176,2.16,ALERT
481.033,0.309,0.1234,-1.39,ALERT
481.067,0.32,0.1687,3.05,ALERT
481.1,0.3004,0.0914,2.63,ALERT
481.133,0.3136,0.2134,-1.56,ALERT
481.167,0.3166,0.2171,3.79,ALERT
481.2,0.3029,0.1769,2.22,ALERT
481.233,0.2921,0.204,-3.31,ALERT
481.267,0.3146,0.1533,-0.77,ALERT
481.3,0.3186,0.1303,-3.34,ALERT
481.333,0.3023,0.0922,3.02,ALERT
481.367,0.3004,0.1639,3.32,ALERT
481.4,0.2882,0.0874,-2.4,ALERT
481.433,0.3009,0.1166,-1.02,ALERT
481.467,0.3097,0.1823,1.12,ALERT
481.5,0.2937,0.1788,3.79,ALERT
481.533,0.3296,0.1583,-0.25,ALERT
481.567,0.3239,0.1566,1.41,ALERT
481.6,0.3137,0.1299,-3.87,ALERT
481.633,0.2947,0.1933,-0.98,ALERT
481.667,0.3058,0.0833,-0.47,ALERT
481.7,0.3069,0.1496,2.39,ALERT
481.733,0.2826,0.1087,2.61,ALERT
481.767,0.3191,0.1143,-0.97,ALERT
481.8,0.281,0.0903,2.19,ALERT
481.833,0.2898,0.1686,0.42,ALERT
481.867,0.3179,0.1161,-3.14,ALERT
481.9,0.3279,0.1896,3.19,ALERT
481.933,0.3164,0.0804,-2.71,ALERT
481.967,0.3207,0.1131,3.68,ALERT
482.0,0.2882,0.1108,-3.99,ALERT
482.033,0.2938,0.1203,3.87,ALERT
482.067,0.2958,0.2155,-2.53,ALERT
482.1,0.34,0.2089,1.12,ALERT
482.133,0.3359,0.1465,1.09,ALERT
482.167,0.2974,0.1383,-1.64,ALERT
482.2,0.2862,0.1564,-1.25,ALERT
482.233,0.3295,0.2074,2.25,ALERT
482.267,0.333,0.0973,-1.37,ALERT
482.3,0.2951,0.1252,-2.71,ALERT
482.333,0.3369,0.2,-1.93,ALERT
482.367,0.2824,0.1021,-0.86,ALERT
482.4,0.3382,0.0907,-2.9,ALERT
482.433,0.3068,0.1516,-3.61,ALERT
482.467,0.299,0.2068,-1.65,ALERT
482.5,0.3227,0.1239,0.73,ALERT
482.533,0.3125,0.106,2.66,ALERT
482.567,0.3341,0.1071,-1.29,ALERT
482.6,0.3087,0.0902,-1.57,ALERT
482.633,0.3099,0.2054,-0.09,ALERT
482.667,0.2972,0.1774,-0.01,ALERT
482.7,0.3112,0.1661,-3.06,ALERT
482.733,0.2804,0.0928,2.19,ALERT
482.767,0.3188,0.0821,2.8,ALERT
482.8,0.2943,0.1283,-3.62,ALERT
482.833,0.3019,0.0815,3.94,ALERT
482.867,0.3207,0.2001,2.03,ALERT
482.9,0.2911,0.1233,0.57,ALERT
482.933,0.3395,0.0825,-1.01,ALERT
482.967,0.314,0.1239,-0.23,ALERT
483.0,0.3316,0.1261,-3.72,ALERT
483.033,0.3232,0.1755,0.12,ALERT
483.067,0.3092,0.1764,-0.32,ALERT
483.1,0.1483,0.1234,2.03,ALERT
483.133,0.3214,0.1982,0.58,ALERT
483.167,0.3284,0.1297,0.36,ALERT
483.2,0.3072,0.2067,3.0,ALERT
483.233,0.314,0.191,1.32,ALERT
483.267,0.3326,0.1453,2.06,ALERT
483.3,0.3145,0.0842,0.3,ALERT
483.333,0.3388,0.1778,-0.28,ALERT
483.367,0.3162,0.1578,-3.27,ALERT
483.4,0.284,0.1985,2.47,ALERT
483.433,0.3058,0.2028,-3.93,ALERT
483.467,0.3277,0.1536,3.77,ALERT
483.5,0.3306,0.0869,-2.4,ALERT
483.533,0.3272,0.1248,0.31,ALERT
483.567,0.2819,0.1905,-3.25,ALERT
483.6,0.2818,0.1837,0.32,ALERT
483.633,0.3226,0.1566,-3.03,ALERT
483.667,0.3352,0.1752,3.82,ALERT
483.7,0.3398,0.1587,0.47,ALERT
483.733,0.3255,0.1218,2.93,ALERT
483.767,0.3029,0.1449,-1.24,ALERT
483.8,0.3344,0.137,-2.19,ALERT
483.833,0.2822,0.1555,2.52,ALERT
483.867,0.3241,0.1532,0.85,ALERT
483.9,0.3262,0.0854,-1.96,ALERT
483.933,0.3081,0.0973,2.66,ALERT
483.967,0.2975,0.0948,1.08,ALERT
484.0,0.3347,0.1028,2.73,ALERT
484.033,0.1656,0.1314,-0.74,ALERT
484.067,0.3223,0.1532,2.01,ALERT
484.1,0.2907,0.1788,-1.71,ALERT
484.133,0.2837,0.1705,-1.87,ALERT
484.167,0.298,0.141,2.15,ALERT
484.2,0.3339,0.1755,-2.38,ALERT
484.233,0.2844,0.129,-2.39,ALERT
484.267,0.3371,0.1314,1.69,ALERT
484.3,0.2934,0.1941,0.46,ALERT
484.333,0.2979,0.099,-2.73,ALERT
484.367,0.2924,0.1356,3.24,ALERT
484.4,0.2918,0.2003,-0.9,ALERT
484.433,0.3331,0.2135,-2.82,ALERT
484.467,0.1217,0.1158,-3.65,ALERT
484.5,0.3351,0.0984,-2.51,ALERT
484.533,0.2838,0.1361,-2.57,ALERT
484.567,0.2816,0.1978,-0.73,ALERT
484.6,0.3347,0.1878,3.3,ALERT
484.633,0.3139,0.1761,2.43,ALERT
484.667,0.3242,0.0902,-1.5,ALERT
484.7,0.3003,0.1599,0.53,ALERT
484.733,0.2815,0.2053,1.03,ALERT
484.767,0.2933,0.1381,1.41,ALERT
484.8,0.3058,0.1592,2.9,ALERT
484.833,0.2817,0.127,0.5,ALERT
484.867,0.3088,0.1365,2.82,ALERT
484.9,0.3259,0.1514,-3.99,ALERT
484.933,0.3137,0.1231,-0.72,ALERT
484.967,0.3118,0.0963,2.77,ALERT
485.0,0.3202,0.1668,-3.03,ALERT
485.033,0.3056,0.1406,1.97,ALERT
485.067,0.3091,0.0968,3.58,ALERT
485.1,0.1664,0.091,-0.45,ALERT
485.133,0.3364,0.1432,-3.0,ALERT
485.167,0.2879,0.1396,1.39,ALERT
485.2,0.3124,0.0917,-3.8,ALERT
485.233,0.319,0.2102,-1.25,ALERT
485.267,0.3153,0.1535,-1.19,ALERT
485.3,0.3271,0.2099,3.03,ALERT
485.333,0.2837,0.218,0.63,ALERT
485.367,0.3332,0.1018,-1.03,ALERT
485.4,0.2864,0.1818,-1.61,ALERT
485.433,0.3084,0.1247,0.75,ALERT
485.467,0.288,0.1021,2.16,ALERT
485.5,0.2843,0.1056,1.81,ALERT
485.533,0.3128,0.2043,-2.58,ALERT
485.567,0.3025,0.1415,-3.69,ALERT
485.6,0.326,0.1971,3.67,ALERT
485.633,0.305,0.1521,2.15,ALERT
485.667,0.3176,0.1174,-0.42,ALERT
485.7,0.3384,0.085,-2.71,ALERT
485.733,0.3072,0.1088,-1.71,ALERT
485.767,0.3187,0.1618,0.85,ALERT
485.8,0.2881,0.1406,0.82,ALERT
485.833,0.3232,0.092,2.88,ALERT
485.867,0.1322,0.1694,1.1,ALERT
485.9,0.2968,0.1246,-0.45,ALERT
485.933,0.3119,0.1857,-0.79,ALERT
485.967,0.3115,0.1801,2.13,ALERT
486.0,0.2925,0.0977,2.02,ALERT
486.033,0.2922,0.1611,3.16,ALERT
486.067,0.2867,0.1441,0.32,ALERT
486.1,0.1711,0.1984,-1.06,ALERT
486.133,0.3012,0.2093,3.4,ALERT
486.167,0.3304,0.0853,-1.45,ALERT
486.2,0.3184,0.198,2.41,ALERT
486.233,0.3149,0.1727,0.99,ALERT
486.267,0.3035,0.095,3.11,ALERT
486.3,0.3179,0.2078,-2.82,ALERT
486.333,0.3119,0.1935,-2.84,ALERT
486.367,0.3031,0.1815,2.53,ALERT
486.4,0.3247,0.0809,2.5,ALERT
486.433,0.3044,0.1233,0.93,ALERT
486.467,0.3233,0.154,-2.98,ALERT
486.5,0.3021,0.0963,1.22,ALERT
486.533,0.3285,0.2016,2.86,ALERT
486.567,0.3254,0.1118,3.62,ALERT
486.6,0.3328,0.1477,-2.95,ALERT
486.633,0.3351,0.0803,0.48,ALERT
486.667,0.2931,0.0869,0.96,ALERT
486.7,0.3126,0.0853,3.3,ALERT
486.733,0.3094,0.133,-0.2,ALERT
486.767,0.2954,0.1335,-3.62,ALERT
486.8,0.295,0.1022,-2.76,ALERT
486.833,0.2956,0.1154,2.28,ALERT
486.867,0.3379,0.1743,2.64,ALERT
486.9,0.3352,0.1545,2.83,ALERT
486.933,0.3349,0.1838,-1.14,ALERT
486.967,0.1298,0.0947,-1.78,ALERT
487.0,0.3079,0.1488,-0.18,ALERT
487.033,0.2816,0.123,0.44,ALERT
487.067,0.3139,0.2,-1.66,ALERT
487.1,0.2827,0.2168,-3.84,ALERT
487.133,0.2955,0.1288,1.92,ALERT
487.167,0.2923,0.081,0.31,ALERT
487.2,0.1212,0.0813,0.53,ALERT
487.233,0.2992,0.0897,0.4,ALERT
487.267,0.2933,0.1092,3.99,ALERT
487.3,0.3038,0.1084,-1.15,ALERT
487.333,0.3379,0.1888,-3.55,ALERT
487.367,0.2958,0.1204,0.36,ALERT
487.4,0.3301,0.0881,1.51,ALERT
487.433,0.2917,0.081,-1.6,ALERT
487.467,0.3003,0.2176,-3.64,ALERT
487.5,0.3054,0.161,0.26,ALERT
487.533,0.3295,0.152,3.77,ALERT
487.567,0.3368,0.1492,1.98,ALERT
487.6,0.3025,0.1434,-3.19,ALERT
487.633,0.2949,0.1961,2.06,ALERT
487.667,0.2931,0.1369,-1.49,ALERT
487.7,0.3211,0.1783,-3.12,ALERT
487.733,0.3146,0.1534,1.24,ALERT
487.767,0.3233,0.1196,-2.42,ALERT
487.8,0.3194,0.158,-1.25,ALERT
487.833,0.2888,0.0882,-0.97,ALERT
487.867,0.3241,0.0842,0.26,ALERT
487.9,0.2873,0.113,-0.1,ALERT
487.933,0.3249,0.1652,-3.88,ALERT
487.967,0.3203,0.2006,1.99,ALERT
488.0,0.3182,0.1551,-1.33,ALERT
488.033,0.32,0.1959,1.4,ALERT
488.067,0.3055,0.098,2.15,ALERT
488.1,0.3378,0.1989,2.04,ALERT
488.133,0.3052,0.1846,-3.07,ALERT
488.167,0.3386,0.143,2.41,ALERT
488.2,0.3129,0.0887,3.72,ALERT
488.233,0.3301,0.0855,0.73,ALERT
488.267,0.3186,0.1916,3.71,ALERT
488.3,0.3311,0.0834,3.3,ALERT
488.333,0.3233,0.1405,-1.48,ALERT
488.367,0.2902,0.0803,-0.77,ALERT
488.4,0.304,0.115,2.78,ALERT
488.433,0.3026,0.1734,-2.57,ALERT
488.467,0.3118,0.1297,3.43,ALERT
488.5,0.2936,0.1744,-1.58,ALERT
488.533,0.3367,0.1075,1.76,ALERT
488.567,0.338,0.1703,1.75,ALERT
488.6,0.3024,0.1995,1.41,ALERT
488.633,0.3286,0.2159,3.16,ALERT
488.667,0.3297,0.1106,3.12,ALERT
488.7,0.2874,0.1144,-2.97,ALERT
488.733,0.3232,0.1337,1.69,ALERT
488.767,0.3166,0.1973,-2.31,ALERT
488.8,0.2963,0.1653,3.49,ALERT
488.833,0.2958,0.1132,-2.43,ALERT
488.867,0.3094,0.187,-2.58,ALERT
488.9,0.2999,0.1545,-2.86,ALERT
488.933,0.3149,0.0837,1.53,ALERT
488.967,0.3152,0.1618,-0.65,ALERT
489.0,0.3124,0.2028,-3.16,ALERT
489.033,0.3395,0.1791,0.91,ALERT
489.067,0.3038,0.1863,0.57,ALERT
489.1,0.2836,0.1402,-3.51,ALERT
489.133,0.3014,0.1781,0.67,ALERT
489.167,0.2995,0.1029,3.45,ALERT
489.2,0.2862,0.1872,-3.09,ALERT
489.233,0.2869,0.0952,-3.22,ALERT
489.267,0.3328,0.1577,-2.54,ALERT
489.3,0.2833,0.1258,-2.53,ALERT
489.333,0.3168,0.2054,-3.3,ALERT
489.367,0.3224,0.1374,0.57,ALERT
489.4,0.1513,0.1569,-0.84,ALERT
489.433,0.3355,0.1347,3.85,ALERT
489.467,0.3242,0.109,3.9,ALERT
489.5,0.3032,0.2039,1.64,ALERT
489.533,0.3227,0.1534,-3.78,ALERT
489.567,0.3047,0.1044,-1.99,ALERT
489.6,0.3202,0.0834,0.16,ALERT
489.633,0.3251,0.0914,2.02,ALERT
489.667,0.3071,0.0939,0.84,ALERT
489.7,0.3118,0.0947,0.97,ALERT
489.733,0.314,0.1698,-1.01,ALERT
489.767,0.3391,0.0884,3.85,ALERT
489.8,0.3241,0.1453,1.31,ALERT
489.833,0.2824,0.0831,-2.94,ALERT
489.867,0.2929,0.1907,-3.35,ALERT
489.9,0.295,0.141,-3.0,ALERT
489.933,0.3302,0.2184,-3.78,ALERT
489.967,0.2846,0.1981,-1.61,ALERT
490.0,0.3141,0.1834,-3.47,ALERT
490.033,0.3221,0.0849,-1.51,ALERT
490.067,0.3299,0.2102,-3.41,ALERT
490.1,0.286,0.152,0.62,ALERT
490.133,0.3085,0.1105,-0.51,ALERT
490.167,0.2986,0.0834,2.22,ALERT
490.2,0.3279,0.1793,-0.74,ALERT
490.233,0.2984,0.1773,3.31,ALERT
490.267,0.3248,0.1276,2.37,ALERT
490.3,0.2985,0.1141,-3.57,ALERT
490.333,0.2929,0.1555,0.31,ALERT
490.367,0.3059,0.1635,2.14,ALERT
490.4,0.3145,0.1385,0.5,ALERT
490.433,0.3136,0.1924,-3.25,ALERT
490.467,0.3325,0.1698,-2.16,ALERT
490.5,0.2877,0.1856,-0.23,ALERT
490.533,0.299,0.1649,-1.94,ALERT
490.567,0.3041,0.1578,3.03,ALERT
490.6,0.3153,0.1125,-1.31,ALERT
490.633,0.304,0.1224,3.36,ALERT
490.667,0.3346,0.1924,-3.15,ALERT
490.7,0.3365,0.1339,1.51,ALERT
490.733,0.2855,0.1758,0.54,ALERT
490.767,0.3099,0.121,-2.67,ALERT
490.8,0.2963,0.2188,-3.87,ALERT
490.833,0.3084,0.0811,3.45,ALERT
490.867,0.3014,0.1426,-0.16,ALERT
490.9,0.3395,0.1952,-0.86,ALERT
490.933,0.3285,0.1803,0.64,ALERT
490.967,0.3364,0.1574,-0.59,ALERT
491.0,0.3299,0.1841,3.34,ALERT
491.033,0.2966,0.114,2.06,ALERT
491.067,0.2817,0.1315,2.56,ALERT
491.1,0.2878,0.0823,3.84,ALERT
491.133,0.3256,0.0847,1.26,ALERT
491.167,0.3268,0.1585,3.68,ALERT
491.2,0.3234,0.1756,2.12,ALERT
491.233,0.2925,0.1324,3.16,ALERT
491.267,0.3261,0.1481,-3.69,ALERT
491.3,0.2852,0.1345,-0.74,ALERT
491.333,0.3144,0.2059,1.41,ALERT
491.367,0.3104,0.1518,-2.32,ALERT
491.4,0.2976,0.1868,2.78,ALERT
491.433,0.3024,0.2015,-2.95,ALERT
491.467,0.3292,0.125,3.19,ALERT
491.5,0.1477,0.2116,1.3,ALERT
491.533,0.2978,0.1489,-2.16,ALERT
491.567,0.3065,0.2147,-2.52,ALERT
491.6,0.3162,0.13,2.89,ALERT
491.633,0.3343,0.2082,-1.85,ALERT
491.667,0.2893,0.1769,-3.4,ALERT
491.7,0.3167,0.21,1.9,ALERT
491.733,0.3196,0.0991,-3.53,ALERT
491.767,0.2977,0.2172,3.23,ALERT
491.8,0.2895,0.1399,0.28,ALERT
491.833,0.3122,0.149,-3.26,ALERT
491.867,0.3073,0.1414,-0.61,ALERT
491.9,0.2814,0.1273,-2.99,ALERT
491.933,0.3034,0.1549,-3.38,ALERT
491.967,0.3193,0.1686,-0.73,ALERT
492.0,0.3006,0.1553,3.23,ALERT
492.033,0.2811,0.0962,0.11,ALERT
492.067,0.2816,0.1833,-1.05,ALERT
492.1,0.3036,0.1172,-1.47,ALERT
492.133,0.3103,0.138,-2.58,ALERT
492.167,0.3007,0.1744,1.17,ALERT
492.2,0.2934,0.0882,1.0,ALERT
492.233,0.2836,0.2059,1.99,ALERT
492.267,0.3082,0.1885,-3.93,ALERT
492.3,0.335,0.1648,-2.71,ALERT
492.333,0.288,0.1902,3.76,ALERT
492.367,0.3159,0.1226,-3.79,ALERT
492.4,0.3293,0.2146,1.18,ALERT
492.433,0.2859,0.164,-2.54,ALERT
492.467,0.292,0.1679,-2.25,ALERT
492.5,0.3154,0.1558,-2.43,ALERT
492.533,0.1756,0.2028,0.42,ALERT
492.567,0.3199,0.1956,-2.93,ALERT
492.6,0.3091,0.1742,-3.18,ALERT
492.633,0.2801,0.1308,3.64,ALERT
492.667,0.3183,0.2198,-0.79,ALERT
492.7,0.2919,0.1343,-2.04,ALERT
492.733,0.2836,0.1628,3.67,ALERT
492.767,0.3008,0.1352,1.04,ALERT
492.8,0.3198,0.21,-3.93,ALERT
492.833,0.3042,0.082,-1.01,ALERT
492.867,0.2847,0.1551,2.87,ALERT
492.9,0.3074,0.0913,1.97,ALERT
492.933,0.2894,0.2035,1.18,ALERT
492.967,0.2849,0.2006,-1.72,ALERT
493.0,0.3205,0.1856,3.24,ALERT
493.033,0.3288,0.1865,-1.37,ALERT
493.067,0.286,0.0815,3.41,ALERT
493.1,0.2883,0.1973,3.56,ALERT
493.133,0.329,0.178,2.25,ALERT
493.167,0.3355,0.1111,1.56,ALERT
493.2,0.296,0.2191,-1.31,ALERT
493.233,0.3197,0.196,-2.9,ALERT
493.267,0.2837,0.0832,1.0,ALERT
493.3,0.285,0.1766,3.88,ALERT
493.333,0.297,0.0976,-3.28,ALERT
493.367,0.2869,0.1601,-3.56,ALERT
493.4,0.2879,0.1314,3.37,ALERT
493.433,0.3152,0.12,1.23,ALERT
493.467,0.3398,0.1661,0.02,ALERT
493.5,0.3342,0.1957,2.93,ALERT
493.533,0.2807,0.131,-2.28,ALERT
493.567,0.3335,0.0994,-3.28,ALERT
493.6,0.2998,0.2112,-2.79,ALERT
493.633,0.3035,0.1263,0.08,ALERT
493.667,0.2948,0.1686,-0.64,ALERT
493.7,0.3391,0.1455,1.65,ALERT
493.733,0.295,0.1734,-1.91,ALERT
493.767,0.3224,0.0945,-2.62,ALERT
493.8,0.3133,0.1439,3.7,ALERT
493.833,0.3015,0.184,2.04,ALERT
493.867,0.287,0.2125,3.21,ALERT
493.9,0.2854,0.1635,-2.89,ALERT
493.933,0.3336,0.1968,3.01,ALERT
493.967,0.3054,0.1651,-2.98,ALERT
494.0,0.3226,0.1224,-1.39,ALERT
494.033,0.3167,0.1043,-3.81,ALERT
494.067,0.1722,0.1681,-1.45,ALERT
494.1,0.3032,0.1738,1.39,ALERT
494.133,0.3121,0.1546,2.42,ALERT
494.167,0.3268,0.1017,-1.12,ALERT
494.2,0.2961,0.1357,-1.5,ALERT
494.233,0.3069,0.118,-0.81,ALERT
494.267,0.318,0.1856,3.48,ALERT
494.3,0.2866,0.1681,-1.19,ALERT
494.333,0.3295,0.158,-2.05,ALERT
494.367,0.3131,0.1227,2.58,ALERT
494.4,0.306,0.0925,3.91,ALERT
494.433,0.2997,0.2129,1.75,ALERT
494.467,0.2861,0.1547,-3.85,ALERT
494.5,0.3398,0.172,-1.59,ALERT
494.533,0.3071,0.1666,-1.55,ALERT
494.567,0.281,0.1517,-2.21,ALERT
494.6,0.3281,0.2188,-2.12,ALERT
494.633,0.3093,0.1018,2.68,ALERT
494.667,0.32,0.0982,0.48,ALERT
494.7,0.2904,0.1882,1.78,ALERT
494.733,0.2911,0.0866,0.78,ALERT
494.767,0.3234,0.1854,-0.51,ALERT
494.8,0.3182,0.1408,-1.72,ALERT
494.833,0.3087,0.1891,0.63,ALERT
494.867,0.3055,0.1152,-0.4,ALERT
494.9,0.3365,0.1534,-1.2,ALERT
494.933,0.3285,0.1102,-0.87,ALERT
494.967,0.2916,0.1239,0.94,ALERT
495.0,0.3263,0.1554,-0.04,ALERT
495.033,0.2814,0.2021,2.45,ALERT
495.067,0.2895,0.2196,3.18,ALERT
495.1,0.1478,0.1993,-1.26,ALERT
495.133,0.3207,0.116,3.79,ALERT
495.167,0.3009,0.1048,-3.23,ALERT
495.2,0.3129,0.0804,1.45,ALERT
495.233,0.1533,0.186,-3.01,ALERT
495.267,0.3276,0.1859,-3.63,ALERT
495.3,0.2996,0.1402,-2.82,ALERT
495.333,0.3171,0.1768,0.04,ALERT
495.367,0.3273,0.2161,-2.15,ALERT
495.4,0.3274,0.1886,-2.04,ALERT
495.433,0.3326,0.0979,-0.82,ALERT
495.467,0.2815,0.1965,-0.29,ALERT
495.5,0.338,0.1337,2.17,ALERT
495.533,0.3214,0.137,-1.12,ALERT
495.567,0.3133,0.1659,2.34,ALERT
495.6,0.285,0.1622,2.25,ALERT
495.633,0.3133,0.1175,-3.99,ALERT
495.667,0.3093,0.1186,0.75,ALERT
495.7,0.1235,0.1789,-3.53,ALERT
495.733,0.3257,0.092,0.68,ALERT
495.767,0.3045,0.1422,-1.71,ALERT
495.8,0.3135,0.1442,-0.21,ALERT
495.833,0.2922,0.1503,-2.29,ALERT
495.867,0.2899,0.1335,-1.71,ALERT
495.9,0.2949,0.1626,2.36,ALERT
495.933,0.3385,0.082,3.05,ALERT
495.967,0.3194,0.0878,-0.19,ALERT
496.0,0.3214,0.1765,3.63,ALERT
496.033,0.3345,0.1,-3.38,ALERT
496.067,0.3044,0.0854,3.32,ALERT
496.1,0.3125,0.1753,-1.88,ALERT
496.133,0.292,0.1123,3.94,ALERT
496.167,0.322,0.1518,-1.37,ALERT
496.2,0.2882,0.1225,1.28,ALERT
496.233,0.2829,0.1094,3.23,ALERT
496.267,0.3304,0.1226,0.47,ALERT
496.3,0.3172,0.1537,1.15,ALERT
496.333,0.2921,0.082,3.43,ALERT
496.367,0.3298,0.1172,3.49,ALERT
496.4,0.3354,0.1319,1.3,ALERT
496.433,0.2871,0.1591,-1.11,ALERT
496.467,0.3049,0.1835,-1.23,ALERT
496.5,0.3023,0.1757,-1.09,ALERT
496.533,0.2965,0.1648,2.44,ALERT
496.567,0.3265,0.2169,0.22,ALERT
496.6,0.2898,0.2148,-0.65,ALERT
496.633,0.3217,0.1102,2.02,ALERT
496.667,0.2991,0.1041,-3.67,ALERT
496.7,0.3386,0.1346,-0.5,ALERT
496.733,0.3304,0.1469,2.91,ALERT
496.767,0.3031,0.1768,-3.27,ALERT
496.8,0.2818,0.1921,2.42,ALERT
496.833,0.3248,0.1329,1.69,ALERT
496.867,0.3335,0.0941,2.27,ALERT
496.9,0.2829,0.2194,-3.18,ALERT
496.933,0.3269,0.1863,-0.24,ALERT
496.967,0.2902,0.108,-1.91,ALERT
497.0,0.3082,0.1695,3.22,ALERT
497.033,0.2911,0.1247,-0.43,ALERT
497.067,0.3322,0.1271,1.59,ALERT
497.1,0.3239,0.1067,-2.56,ALERT
497.133,0.3077,0.2038,-1.49,ALERT
497.167,0.3162,0.2,2.63,ALERT
497.2,0.3382,0.1583,1.1,ALERT
497.233,0.1537,0.2047,-1.29,ALERT
497.267,0.3379,0.193,0.5,ALERT
497.3,0.304,0.161,1.17,ALERT
497.333,0.3282,0.1232,-1.97,ALERT
497.367,0.335,0.1368,-0.58,ALERT
497.4,0.3049,0.1302,3.86,ALERT
497.433,0.3306,0.1773,-2.63,ALERT
497.467,0.2958,0.2107,2.12,ALERT
497.5,0.2889,0.2178,0.63,ALERT
497.533,0.3206,0.2117,-0.42,ALERT
497.567,0.2978,0.1577,1.0,ALERT
497.6,0.2815,0.2003,1.41,ALERT
497.633,0.2994,0.1074,2.43,ALERT
497.667,0.2819,0.1655,3.75,ALERT
497.7,0.3301,0.1801,1.15,ALERT
497.733,0.2982,0.085,0.05,ALERT
497.767,0.3106,0.1877,-3.05,ALERT
497.8,0.3118,0.2188,2.44,ALERT
497.833,0.295,0.172,2.04,ALERT
497.867,0.3293,0.108,-0.81,ALERT
497.9,0.1759,0.0877,1.04,ALERT
497.933,0.3284,0.1839,-3.5,ALERT
497.967,0.3346,0.1299,1.44,ALERT
498.0,0.2975,0.1858,3.98,ALERT
498.033,0.2874,0.1369,1.86,ALERT
498.067,0.3054,0.105,2.24,ALERT
498.1,0.3135,0.1124,-3.68,ALERT
498.133,0.311,0.1928,-0.44,ALERT
498.167,0.3217,0.1232,-3.14,ALERT
498.2,0.309,0.1004,-1.34,ALERT
498.233,0.3136,0.1376,-2.85,ALERT
498.267,0.293,0.1967,-2.08,ALERT
498.3,0.2809,0.1602,2.5,ALERT
498.333,0.3367,0.1183,0.81,ALERT
498.367,0.3193,0.2174,-3.81,ALERT
498.4,0.3072,0.0915,-3.49,ALERT
498.433,0.3245,0.0933,-3.84,ALERT
498.467,0.2829,0.1828,-0.18,ALERT
498.5,0.3315,0.1981,1.9,ALERT
498.533,0.31,0.1849,1.97,ALERT
498.567,0.3025,0.0961,0.72,ALERT
498.6,0.3258,0.2097,-1.1,ALERT
498.633,0.2844,0.161,-1.63,ALERT
498.667,0.2939,0.1123,1.07,ALERT
498.7,0.3243,0.145,-2.96,ALERT
498.733,0.3177,0.1778,-1.75,ALERT
498.767,0.3341,0.1609,3.77,ALERT
498.8,0.293,0.1342,-0.39,ALERT
498.833,0.3394,0.0837,1.54,ALERT
498.867,0.3321,0.2027,-1.2,ALERT
498.9,0.2871,0.1252,3.78,ALERT
498.933,0.318,0.2075,-3.63,ALERT
498.967,0.3174,0.0972,-2.28,ALERT
499.0,0.2895,0.1165,1.34,ALERT
499.033,0.3174,0.1697,-1.06,ALERT
499.067,0.2855,0.1986,-2.74,ALERT
499.1,0.3216,0.117,-2.79,ALERT
499.133,0.3034,0.1013,1.1,ALERT
499.167,0.3369,0.1723,-2.74,ALERT
499.2,0.3254,0.0802,-0.7,ALERT
499.233,0.3367,0.1058,3.66,ALERT
499.267,0.3144,0.1756,2.52,ALERT
499.3,0.3109,0.1949,-1.4,ALERT
499.333,0.329,0.1409,3.61,ALERT
499.367,0.3049,0.1269,-1.62,ALERT
499.4,0.2863,0.1303,1.49,ALERT
499.433,0.3016,0.0913,3.98,ALERT
499.467,0.3048,0.1062,2.84,ALERT
499.5,0.299,0.1472,-0.68,ALERT
499.533,0.2844,0.1085,-1.27,ALERT
499.567,0.3273,0.1608,-2.05,ALERT
499.6,0.3263,0.1737,2.33,ALERT
499.633,0.2972,0.168,-0.91,ALERT
499.667,0.2959,0.119,0.56,ALERT
499.7,0.3156,0.1108,1.21,ALERT
499.733,0.3355,0.2112,-3.64,ALERT
499.767,0.3197,0.1589,3.12,ALERT
499.8,0.2976,0.1992,-3.13,ALERT
499.833,0.2929,0.1764,-3.88,ALERT
499.867,0.3284,0.1204,-2.73,ALERT
499.9,0.3038,0.095,-3.13,ALERT
499.933,0.2995,0.0957,0.8,ALERT
499.967,0.3074,0.1323,-0.26,ALERT
500.0,0.2836,0.1128,-3.03,ALERT
500.033,0.3019,0.2032,-1.74,ALERT
500.067,0.3199,0.175,-2.74,ALERT
500.1,0.311,0.1889,-3.08,ALERT
500.133,0.3388,0.1237,-0.23,ALERT
500.167,0.3388,0.1189,1.95,ALERT
500.2,0.3208,0.1872,1.05,ALERT
500.233,0.3206,0.2134,0.69,ALERT
500.267,0.2994,0.1067,-1.39,ALERT
500.3,0.2997,0.102,0.91,ALERT
500.333,0.2909,0.1233,-0.31,ALERT
500.367,0.2901,0.1374,-2.19,ALERT
500.4,0.3191,0.1198,3.42,ALERT
500.433,0.121,0.1205,-0.43,ALERT
500.467,0.3288,0.1763,3.77,ALERT
500.5,0.3249,0.2011,1.36,ALERT
500.533,0.3222,0.208,1.1,ALERT
500.567,0.3297,0.1276,1.7,ALERT
500.6,0.2946,0.1689,2.78,ALERT
500.633,0.281,0.2058,-3.94,ALERT
500.667,0.3038,0.1989,-1.03,ALERT
500.7,0.2991,0.1366,-1.95,ALERT
500.733,0.3203,0.1439,-2.99,ALERT
500.767,0.2967,0.1654,2.99,ALERT
500.8,0.283,0.121,-0.48,ALERT
500.833,0.3292,0.0865,1.44,ALERT
500.867,0.3187,0.1292,3.5,ALERT
500.9,0.2986,0.2173,-0.39,ALERT
500.933,0.3122,0.15,3.62,ALERT
500.967,0.319,0.1739,2.86,ALERT
501.0,0.303,0.1744,2.93,ALERT
501.033,0.3173,0.2159,3.69,ALERT
501.067,0.3393,0.1663,2.43,ALERT
501.1,0.2933,0.0994,0.96,ALERT
501.133,0.2956,0.1967,-1.0,ALERT
501.167,0.3242,0.1409,3.47,ALERT
501.2,0.3375,0.0812,3.69,ALERT
501.233,0.328,0.1032,0.14,ALERT
501.267,0.2848,0.2039,3.75,ALERT
501.3,0.3112,0.0949,3.62,ALERT
501.333,0.3015,0.194,-0.48,ALERT
501.367,0.3045,0.1971,2.24,ALERT
501.4,0.2955,0.1815,0.18,ALERT
501.433,0.2813,0.2053,3.21,ALERT
501.467,0.313,0.2071,-3.69,ALERT
501.5,0.2878,0.2,2.24,ALERT
501.533,0.285,0.2136,-3.62,ALERT
501.567,0.336,0.1219,-2.33,ALERT
501.6,0.3074,0.1317,-1.67,ALERT
501.633,0.3012,0.088,3.07,ALERT
501.667,0.2856,0.1984,-3.19,ALERT
501.7,0.3068,0.1569,-3.16,ALERT
501.733,0.2811,0.1128,-0.11,ALERT
501.767,0.3392,0.1734,2.5,ALERT
501.8,0.2932,0.1682,-2.48,ALERT
501.833,0.2895,0.1114,3.27,ALERT
501.867,0.2982,0.0955,-3.26,ALERT
501.9,0.3053,0.0831,-2.19,ALERT
501.933,0.2814,0.2199,-2.26,ALERT
501.967,0.3395,0.141,-3.32,ALERT
502.0,0.2918,0.217,-0.29,ALERT
502.033,0.2967,0.1102,-0.3,ALERT
502.067,0.309,0.1086,0.12,ALERT
502.1,0.3283,0.2102,-3.7,ALERT
502.133,0.3368,0.1672,1.22,ALERT
502.167,0.3093,0.1869,3.53,ALERT
502.2,0.3384,0.1191,0.14,ALERT
502.233,0.3156,0.126,-1.11,ALERT
502.267,0.2889,0.1494,3.47,ALERT
502.3,0.291,0.1451,3.38,ALERT
502.333,0.329,0.1655,1.33,ALERT
502.367,0.328,0.1657,-1.78,ALERT
502.4,0.2887,0.1687,0.47,ALERT
502.433,0.3278,0.2091,-0.84,ALERT
502.467,0.3197,0.0853,-0.95,ALERT
502.5,0.3312,0.1104,-0.22,ALERT
502.533,0.3102,0.1907,0.62,ALERT
502.567,0.305,0.1974,-0.31,ALERT
502.6,0.3286,0.1344,-3.26,ALERT
502.633,0.3391,0.1811,0.67,ALERT
502.667,0.2916,0.1876,-3.45,ALERT
502.7,0.3213,0.1101,2.04,ALERT
502.733,0.3161,0.0919,2.81,ALERT
502.767,0.3063,0.1045,3.19,ALERT
502.8,0.3017,0.0917,0.94,ALERT
502.833,0.2936,0.1414,2.36,ALERT
502.867,0.3375,0.1755,3.81,ALERT
502.9,0.3152,0.1564,0.31,ALERT
502.933,0.2826,0.1923,-0.76,ALERT
502.967,0.2999,0.1551,2.81,ALERT
503.0,0.3126,0.1349,0.6,ALERT
503.033,0.2877,0.2143,0.43,ALERT
503.067,0.2907,0.1688,2.42,ALERT
503.1,0.2803,0.1875,-3.4,ALERT
503.133,0.2893,0.0884,1.23,ALERT
503.167,0.2937,0.164,3.5,ALERT
503.2,0.3099,0.2188,-1.42,ALERT
503.233,0.3262,0.1697,0.11,ALERT
503.267,0.3325,0.1066,-3.63,ALERT
503.3,0.3059,0.1836,1.29,ALERT
503.333,0.3071,0.0806,0.56,ALERT
503.367,0.3383,0.1294,-2.56,ALERT
503.4,0.3234,0.1073,1.95,ALERT
503.433,0.3314,0.1197,-3.78,ALERT
503.467,0.3396,0.1981,-0.19,ALERT
503.5,0.2984,0.2139,-0.83,ALERT
503.533,0.3188,0.1474,-2.98,ALERT
503.567,0.3333,0.1926,-3.16,ALERT
503.6,0.33,0.1819,0.22,ALERT
503.633,0.3106,0.2089,2.27,ALERT
503.667,0.3062,0.0847,3.76,ALERT
503.7,0.3002,0.1715,-3.32,ALERT
503.733,0.3351,0.1806,2.41,ALERT
503.767,0.3285,0.0944,0.6,ALERT
503.8,0.3375,0.1395,-0.14,ALERT
503.833,0.3199,0.1146,2.11,ALERT
503.867,0.2911,0.1876,-3.76,ALERT
503.9,0.3238,0.1998,-2.0,ALERT
503.933,0.2884,0.1408,1.1,ALERT
503.967,0.3136,0.1224,-3.01,ALERT
504.0,0.3203,0.1087,0.48,ALERT
504.033,0.2905,0.1453,1.19,ALERT
504.067,0.307,0.2123,3.01,ALERT
504.1,0.2901,0.1959,0.26,ALERT
504.133,0.283,0.2189,-2.28,ALERT
504.167,0.282,0.1129,3.59,ALERT
504.2,0.3382,0.0923,-3.52,ALERT
504.233,0.3124,0.153,-1.33,ALERT
504.267,0.287,0.2084,1.79,ALERT
504.3,0.317,0.135,-3.23,ALERT
504.333,0.336,0.1466,-2.26,ALERT
504.367,0.3319,0.218,0.59,ALERT
504.4,0.3184,0.2094,-0.73,ALERT
504.433,0.3185,0.1262,-1.32,ALERT
504.467,0.3365,0.1812,-1.86,ALERT
504.5,0.321,0.1363,-2.58,ALERT
504.533,0.2939,0.1941,0.86,ALERT
504.567,0.3348,0.1069,1.32,ALERT
504.6,0.3108,0.1683,2.91,ALERT
504.633,0.3259,0.112,-1.04,ALERT
504.667,0.2859,0.158,-0.21,ALERT
504.7,0.3344,0.1054,-0.59,ALERT
504.733,0.3243,0.1383,3.04,ALERT
504.767,0.297,0.1936,-2.3,ALERT
504.8,0.281,0.1188,0.57,ALERT
504.833,0.3259,0.1996,-3.87,ALERT
504.867,0.3337,0.1049,-0.78,ALERT
504.9,0.33,0.2003,-1.09,ALERT
504.933,0.3372,0.1128,1.36,ALERT
504.967,0.3296,0.1473,2.29,ALERT
505.0,0.3187,0.1706,-1.23,ALERT
505.033,0.324,0.0999,-0.07,ALERT
505.067,0.3119,0.1054,-2.98,ALERT
505.1,0.3252,0.2017,3.93,ALERT
505.133,0.3385,0.2055,3.96,ALERT
505.167,0.2888,0.1286,-2.09,ALERT
505.2,0.3106,0.1294,-3.6,ALERT
505.233,0.3376,0.111,-3.32,ALERT
505.267,0.3277,0.16,2.11,ALERT
505.3,0.3208,0.1449,2.34,ALERT
505.333,0.301,0.1219,-3.25,ALERT
505.367,0.2834,0.2077,0.66,ALERT
505.4,0.2808,0.0969,1.57,ALERT
505.433,0.3317,0.1503,0.42,ALERT
505.467,0.2985,0.1077,1.96,ALERT
505.5,0.2962,0.1852,0.12,ALERT
505.533,0.3316,0.143,-1.0,ALERT
505.567,0.2873,0.1995,0.01,ALERT
505.6,0.3231,0.1445,2.44,ALERT
505.633,0.3162,0.1033,-3.46,ALERT
505.667,0.3005,0.1972,-1.87,ALERT
505.7,0.2839,0.12,0.26,ALERT
505.733,0.2985,0.1219,-2.91,ALERT
505.767,0.3139,0.1443,3.09,ALERT
505.8,0.2886,0.1146,2.41,ALERT
505.833,0.308,0.1974,-3.05,ALERT
505.867,0.2916,0.0838,-3.69,ALERT
505.9,0.3068,0.1657,0.27,ALERT
505.933,0.2878,0.1876,-0.85,ALERT
505.967,0.3377,0.1465,1.3,ALERT
506.0,0.305,0.1212,-1.38,ALERT
506.033,0.3173,0.1385,2.45,ALERT
506.067,0.3035,0.1618,-0.38,ALERT
506.1,0.3367,0.1506,0.69,ALERT
506.133,0.294,0.2042,3.73,ALERT
506.167,0.3287,0.2151,1.97,ALERT
506.2,0.2848,0.1482,-3.87,ALERT
506.233,0.2999,0.101,1.89,ALERT
506.267,0.2969,0.0895,-2.84,ALERT
506.3,0.3093,0.0822,3.0,ALERT
506.333,0.3126,0.1101,-3.7,ALERT
506.367,0.2812,0.113,3.37,ALERT
506.4,0.3254,0.1521,-1.23,ALERT
506.433,0.3249,0.1076,-0.51,ALERT
506.467,0.3063,0.1537,0.96,ALERT
506.5,0.3181,0.0978,3.76,ALERT
506.533,0.1412,0.1413,0.63,ALERT
506.567,0.3268,0.0919,-2.32,ALERT
506.6,0.3214,0.1296,-2.07,ALERT
506.633,0.3273,0.208,-0.47,ALERT
506.667,0.3345,0.1615,-2.27,ALERT
506.7,0.3121,0.1841,-0.49,ALERT
506.733,0.3004,0.1824,-2.17,ALERT
506.767,0.3105,0.2185,-1.65,ALERT
506.8,0.3087,0.0842,3.18,ALERT
506.833,0.3001,0.1708,1.37,ALERT
506.867,0.3118,0.1493,0.27,ALERT
506.9,0.2966,0.0968,2.9,ALERT
506.933,0.3269,0.2007,-3.32,ALERT
506.967,0.324,0.1088,-1.95,ALERT
507.0,0.2893,0.1165,-2.57,ALERT
507.033,0.3088,0.1561,2.11,ALERT
507.067,0.2828,0.1456,-1.47,ALERT
507.1,0.289,0.0913,1.06,ALERT
507.133,0.3072,0.1029,-3.4,ALERT
507.167,0.2811,0.1087,1.04,ALERT
507.2,0.2805,0.1712,0.74,ALERT
507.233,0.3256,0.1976,3.34,ALERT
507.267,0.284,0.1715,-0.32,ALERT
507.3,0.3326,0.144,1.37,ALERT
507.333,0.3277,0.1108,-2.64,ALERT
507.367,0.2811,0.0805,-1.47,ALERT
507.4,0.3186,0.1667,-0.54,ALERT
507.433,0.3039,0.1744,1.32,ALERT
507.467,0.3287,0.0996,3.16,ALERT
507.5,0.2975,0.1924,0.15,ALERT
507.533,0.3251,0.1056,2.74,ALERT
507.567,0.34,0.188,0.23,ALERT
507.6,0.3282,0.1556,-2.55,ALERT
507.633,0.3084,0.0922,1.44,ALERT
507.667,0.1751,0.1475,-3.81,ALERT
507.7,0.2807,0.1212,0.82,ALERT
507.733,0.3224,0.1557,0.71,ALERT
507.767,0.301,0.195,-1.47,ALERT
507.8,0.3035,0.1815,-1.98,ALERT
507.833,0.3239,0.2154,2.39,ALERT
507.867,0.3095,0.1665,2.89,ALERT
507.9,0.2927,0.128,1.22,ALERT
507.933,0.3237,0.1971,2.95,ALERT
507.967,0.3092,0.1572,0.35,ALERT
508.0,0.2981,0.0898,-3.7,ALERT
508.033,0.3262,0.1664,1.43,ALERT
508.067,0.3331,0.0896,3.91,ALERT
508.1,0.3345,0.0985,-3.94,ALERT
508.133,0.3398,0.1454,-0.12,ALERT
508.167,0.3333,0.1223,0.3,ALERT
508.2,0.3233,0.1676,3.36,ALERT
508.233,0.3006,0.2043,1.24,ALERT
508.267,0.2901,0.1863,-0.2,ALERT
508.3,0.3148,0.0834,-2.49,ALERT
508.333,0.2933,0.0948,-2.55,ALERT
508.367,0.3122,0.2035,-2.73,ALERT
508.4,0.2869,0.2119,0.96,ALERT
508.433,0.3053,0.2142,-0.04,ALERT
508.467,0.3369,0.1438,2.27,ALERT
508.5,0.3077,0.1564,-0.44,ALERT
508.533,0.3278,0.2065,2.09,ALERT
508.567,0.3273,0.0943,-0.35,ALERT
508.6,0.3201,0.158,-0.54,ALERT
508.633,0.3238,0.179,-1.53,ALERT
508.667,0.3167,0.1675,-2.5,ALERT
508.7,0.3303,0.122,-2.78,ALERT
508.733,0.3311,0.2165,2.81,ALERT
508.767,0.2816,0.1568,0.75,ALERT
508.8,0.3148,0.1355,-0.76,ALERT
508.833,0.3109,0.2053,0.19,ALERT
508.867,0.3301,0.1285,2.61,ALERT
508.9,0.308,0.0913,3.13,ALERT
508.933,0.2831,0.0978,3.75,ALERT
508.967,0.2801,0.1751,-0.09,ALERT
509.0,0.3333,0.1969,3.99,ALERT
509.033,0.3326,0.1823,0.51,ALERT
509.067,0.31,0.2015,1.4,ALERT
509.1,0.3389,0.1902,0.56,ALERT
509.133,0.3166,0.1749,-3.36,ALERT
509.167,0.313,0.1689,2.27,ALERT
509.2,0.3023,0.1947,-2.75,ALERT
509.233,0.3268,0.204,-2.22,ALERT
509.267,0.2822,0.1753,-2.76,ALERT
509.3,0.3082,0.1868,-0.54,ALERT
509.333,0.3035,0.0914,-3.86,ALERT
509.367,0.31,0.1329,-1.28,ALERT
509.4,0.297,0.2034,3.44,ALERT
509.433,0.2804,0.1724,-2.03,ALERT
509.467,0.3137,0.16,-1.07,ALERT
509.5,0.3072,0.0802,-2.0,ALERT
509.533,0.33,0.1259,-2.76,ALERT
509.567,0.3134,0.1271,1.28,ALERT
509.6,0.3086,0.1154,1.0,ALERT
509.633,0.2894,0.1261,2.41,ALERT
509.667,0.2886,0.2064,-1.54,ALERT
509.7,0.3291,0.1818,-2.93,ALERT
509.733,0.3022,0.1709,-2.64,ALERT
509.767,0.304,0.215,3.35,ALERT
509.8,0.3335,0.0991,1.08,ALERT
509.833,0.331,0.1289,2.06,ALERT
509.867,0.3169,0.1659,-1.65,ALERT
509.9,0.2922,0.1118,-1.48,ALERT
509.933,0.3293,0.1007,-2.46,ALERT
509.967,0.3034,0.1613,0.26,ALERT
510.0,0.3034,0.203,1.12,ALERT
510.033,0.3232,0.1963,0.33,ALERT
510.067,0.3097,0.1376,3.0,ALERT
510.1,0.322,0.1692,-1.38,ALERT
510.133,0.2972,0.1787,-0.6,ALERT
510.167,0.3324,0.1995,-1.44,ALERT
510.2,0.3,0.1256,3.2,ALERT
510.233,0.3055,0.2114,0.85,ALERT
510.267,0.3376,0.0983,-2.62,ALERT
510.3,0.3358,0.0881,3.52,ALERT
510.333,0.2822,0.0921,-3.53,ALERT
510.367,0.3065,0.0816,-1.56,ALERT
510.4,0.2987,0.1226,0.32,ALERT
510.433,0.3231,0.1767,0.27,ALERT
510.467,0.3176,0.1578,1.47,ALERT
510.5,0.3027,0.2167,0.05,ALERT
510.533,0.3368,0.1049,2.96,ALERT
510.567,0.3119,0.147,3.04,ALERT
510.6,0.3161,0.0949,-2.62,ALERT
510.633,0.2969,0.1362,-1.85,ALERT
510.667,0.2912,0.1898,-0.86,ALERT
510.7,0.2941,0.203,2.53,ALERT
510.733,0.2926,0.1634,-1.62,ALERT
510.767,0.2907,0.191,3.19,ALERT
510.8,0.3295,0.1401,-3.03,ALERT
510.833,0.3355,0.1052,1.47,ALERT
510.867,0.3032,0.1696,1.48,ALERT
510.9,0.2987,0.1657,-2.29,ALERT
510.933,0.2999,0.1404,-1.15,ALERT
510.967,0.2914,0.102,0.14,ALERT
511.0,0.307,0.1542,0.18,ALERT
511.033,0.3052,0.2129,-1.36,ALERT
511.067,0.2849,0.1961,0.63,ALERT
511.1,0.2936,0.2125,-2.05,ALERT
511.133,0.3365,0.2051,-2.76,ALERT
511.167,0.3358,0.1658,-0.33,ALERT
511.2,0.3158,0.1341,-1.09,ALERT
511.233,0.294,0.1738,-2.94,ALERT
511.267,0.3044,0.2147,-0.73,ALERT
511.3,0.1399,0.1678,1.26,ALERT
511.333,0.3221,0.1,-3.08,ALERT
511.367,0.3136,0.2047,3.61,ALERT
511.4,0.293,0.0878,0.72,ALERT
511.433,0.3108,0.0906,-1.99,ALERT
511.467,0.3104,0.1758,-0.22,ALERT
511.5,0.3116,0.0953,-2.85,ALERT
511.533,0.3041,0.196,-3.84,ALERT
511.567,0.3055,0.1959,2.81,ALERT
511.6,0.3051,0.1648,1.45,ALERT
511.633,0.3022,0.1485,-0.74,ALERT
511.667,0.3174,0.0919,-3.67,ALERT
511.7,0.3372,0.0982,-3.3,ALERT
511.733,0.2981,0.192,-0.85,ALERT
511.767,0.2862,0.1499,-1.81,ALERT
511.8,0.2827,0.2068,-2.2,ALERT
511.833,0.3295,0.1724,-1.02,ALERT
511.867,0.2981,0.1106,-3.52,ALERT
511.9,0.2936,0.187,3.91,ALERT
511.933,0.3278,0.1242,3.19,ALERT
511.967,0.2852,0.2189,0.2,ALERT
512.0,0.1232,0.1871,-3.33,ALERT
512.033,0.2976,0.0906,2.7,ALERT
512.067,0.2812,0.0894,2.45,ALERT
512.1,0.3034,0.1909,2.62,ALERT
512.133,0.3061,0.1465,-1.12,ALERT
512.167,0.3016,0.218,0.66,ALERT
512.2,0.3305,0.0999,-0.01,ALERT
512.233,0.331,0.2115,-2.88,ALERT
512.267,0.3059,0.1224,-0.33,ALERT
512.3,0.31,0.1889,-3.99,ALERT
512.333,0.284,0.1968,-3.46,ALERT
512.367,0.3134,0.1434,-0.13,ALERT
512.4,0.3129,0.0832,-3.21,ALERT
512.433,0.3283,0.1777,-3.33,ALERT
512.467,0.2999,0.1068,1.64,ALERT
512.5,0.2848,0.2066,1.24,ALERT
512.533,0.3234,0.1486,-0.82,ALERT
512.567,0.1618,0.1893,2.88,ALERT
512.6,0.3383,0.1285,3.15,ALERT
512.633,0.3283,0.0967,-0.02,ALERT
512.667,0.2807,0.1017,4.0,ALERT
512.7,0.2978,0.1034,2.49,ALERT
512.733,0.3208,0.0924,-0.11,ALERT
512.767,0.339,0.0965,2.57,ALERT
512.8,0.3117,0.0813,-0.71,ALERT
512.833,0.3323,0.1046,-0.33,ALERT
512.867,0.2805,0.2154,-3.61,ALERT
512.9,0.2915,0.1451,1.95,ALERT
512.933,0.3186,0.1907,-0.84,ALERT
512.967,0.331,0.186,3.66,ALERT
513.0,0.3363,0.1315,-1.08,ALERT
513.033,0.3036,0.1462,-2.58,ALERT
513.067,0.3088,0.0994,-1.32,ALERT
513.1,0.1767,0.1023,-3.85,ALERT
513.133,0.3212,0.1185,-0.41,ALERT
513.167,0.3189,0.2009,1.09,ALERT
513.2,0.3011,0.1477,2.18,ALERT
513.233,0.3109,0.1144,-0.18,ALERT
513.267,0.3073,0.2141,1.79,ALERT
513.3,0.2866,0.2024,-1.69,ALERT
513.333,0.2808,0.146,-2.93,ALERT
513.367,0.2991,0.1959,-3.68,ALERT
513.4,0.3188,0.1758,0.44,ALERT
513.433,0.2856,0.2179,3.42,ALERT
513.467,0.3239,0.1758,0.25,ALERT
513.5,0.2947,0.1095,2.4,ALERT
513.533,0.3363,0.1566,-3.75,ALERT
513.567,0.1402,0.1903,-0.57,ALERT
513.6,0.3043,0.0834,-0.68,ALERT
513.633,0.3114,0.1917,1.2,ALERT
513.667,0.3121,0.1573,1.11,ALERT
513.7,0.2942,0.2115,-0.21,ALERT
513.733,0.303,0.1531,0.7,ALERT
513.767,0.2927,0.0999,3.24,ALERT
513.8,0.3343,0.1228,2.33,ALERT
513.833,0.3274,0.1326,-2.07,ALERT
513.867,0.3341,0.1972,3.78,ALERT
513.9,0.3125,0.1381,-3.41,ALERT
513.933,0.3101,0.187,1.41,ALERT
513.967,0.3075,0.1946,-3.55,ALERT
514.0,0.2806,0.1083,1.86,ALERT
514.033,0.3381,0.1188,-1.07,ALERT
514.067,0.3164,0.158,-3.54,ALERT
514.1,0.3151,0.0842,-0.8,ALERT
514.133,0.3055,0.108,-3.6,ALERT
514.167,0.2823,0.0832,2.06,ALERT
514.2,0.3194,0.1959,3.73,ALERT
514.233,0.2908,0.1182,0.85,ALERT
514.267,0.3155,0.0814,-3.67,ALERT
514.3,0.3245,0.1338,-0.78,ALERT
514.333,0.3288,0.1636,2.15,ALERT
514.367,0.2835,0.1239,3.4,ALERT
514.4,0.2825,0.1663,-2.11,ALERT
514.433,0.1344,0.1111,0.56,ALERT
514.467,0.3039,0.0805,2.18,ALERT
514.5,0.3165,0.1417,-0.77,ALERT
514.533,0.3022,0.1463,-1.28,ALERT
514.567,0.1719,0.0981,-2.25,ALERT
514.6,0.3136,0.1331,3.67,ALERT
514.633,0.2933,0.1667,0.58,ALERT
514.667,0.3004,0.1184,2.89,ALERT
514.7,0.3122,0.2021,2.66,ALERT
514.733,0.3255,0.0965,-2.73,ALERT
514.767,0.2928,0.1461,2.37,ALERT
514.8,0.3032,0.1776,-1.27,ALERT
514.833,0.3355,0.1679,0.9,ALERT
514.867,0.3326,0.1693,-2.14,ALERT
514.9,0.3285,0.1669,-2.04,ALERT
514.933,0.2815,0.146,-2.33,ALERT
514.967,0.333,0.1261,-1.49,ALERT
515.0,0.3087,0.2022,2.38,ALERT
515.033,0.3237,0.1724,-3.21,ALERT
515.067,0.3274,0.091,-0.37,ALERT
515.1,0.2987,0.0974,1.03,ALERT
515.133,0.3243,0.1176,-1.18,ALERT
515.167,0.3373,0.1563,2.49,ALERT
515.2,0.3132,0.2064,0.99,ALERT
515.233,0.3142,0.1859,1.02,ALERT
515.267,0.2998,0.1759,1.68,ALERT
515.3,0.2847,0.2171,3.83,ALERT
515.333,0.3251,0.2157,-2.16,ALERT
515.367,0.3216,0.1062,-1.33,ALERT
515.4,0.2922,0.184,-0.22,ALERT
515.433,0.3177,0.1606,-3.15,ALERT
515.467,0.3067,0.1567,1.28,ALERT
515.5,0.3131,0.1998,-2.54,ALERT
515.533,0.3167,0.1294,-1.09,ALERT
515.567,0.2834,0.1204,0.33,ALERT
515.6,0.3022,0.0995,1.85,ALERT
515.633,0.2832,0.1121,1.5,ALERT
515.667,0.3313,0.1266,-0.35,ALERT
515.7,0.3252,0.1345,-2.41,ALERT
515.733,0.3029,0.0972,1.05,ALERT
515.767,0.3203,0.0951,3.95,ALERT
515.8,0.2837,0.096,-0.89,ALERT
515.833,0.2868,0.1028,3.21,ALERT
515.867,0.3335,0.0853,3.98,ALERT
515.9,0.3081,0.1704,-2.22,ALERT
515.933,0.2983,0.1856,2.46,ALERT
515.967,0.3191,0.1057,1.71,ALERT
516.0,0.3168,0.1447,-1.11,ALERT
516.033,0.3248,0.0919,-2.75,ALERT
516.067,0.2868,0.1873,-2.06,ALERT
516.1,0.3106,0.19,2.71,ALERT
516.133,0.3201,0.0982,-3.04,ALERT
516.167,0.3328,0.1946,0.02,ALERT
516.2,0.3306,0.1331,3.47,ALERT
516.233,0.3299,0.1517,-2.82,ALERT
516.267,0.3256,0.2005,-2.48,ALERT
516.3,0.3377,0.1762,-0.52,ALERT
516.333,0.3245,0.1351,-1.88,ALERT
516.367,0.3145,0.1785,1.62,ALERT
516.4,0.2954,0.2115,-3.87,ALERT
516.433,0.3028,0.1501,3.38,ALERT
516.467,0.3234,0.16,2.76,ALERT
516.5,0.3233,0.1082,0.44,ALERT
516.533,0.2824,0.1741,-3.48,ALERT
516.567,0.2823,0.1417,-3.7,ALERT
516.6,0.3337,0.1031,2.5,ALERT
516.633,0.3061,0.0991,0.93,ALERT
516.667,0.2946,0.1268,-1.89,ALERT
516.7,0.292,0.1159,-0.82,ALERT
516.733,0.3336,0.1509,-0.03,ALERT
516.767,0.3233,0.1808,3.97,ALERT
516.8,0.3315,0.1051,-2.57,ALERT
516.833,0.3012,0.0982,-3.99,ALERT
516.867,0.3114,0.1945,-3.51,ALERT
516.9,0.2993,0.1997,-2.98,ALERT
516.933,0.2814,0.1145,-3.39,ALERT
516.967,0.2967,0.1324,3.3,ALERT
517.0,0.2856,0.2162,0.41,ALERT
517.033,0.2869,0.1132,2.3,ALERT
517.067,0.2969,0.1947,-2.02,ALERT
517.1,0.2916,0.1824,1.72,ALERT
517.133,0.3218,0.1524,-2.02,ALERT
517.167,0.3279,0.1885,-3.01,ALERT
517.2,0.3335,0.2019,2.21,ALERT
517.233,0.2892,0.1535,0.32,ALERT
517.267,0.2894,0.1484,0.07,ALERT
517.3,0.2987,0.1382,1.96,ALERT
517.333,0.3364,0.1124,0.04,ALERT
517.367,0.2951,0.0876,-3.24,ALERT
517.4,0.3349,0.1529,-1.42,ALERT
517.433,0.3251,0.0864,1.79,ALERT
517.467,0.288,0.2159,-2.54,ALERT
517.5,0.3293,0.139,-1.46,ALERT
517.533,0.3093,0.1142,0.44,ALERT
517.567,0.3165,0.1085,1.93,ALERT
517.6,0.2969,0.2029,-1.69,ALERT
517.633,0.2882,0.1012,-3.93,ALERT
517.667,0.3219,0.1437,3.33,ALERT
517.7,0.3223,0.2191,-0.31,ALERT
517.733,0.3012,0.134,-0.66,ALERT
517.767,0.2967,0.1815,0.93,ALERT
517.8,0.2896,0.1311,-1.81,ALERT
517.833,0.2888,0.132,-2.33,ALERT
517.867,0.3344,0.2082,1.08,ALERT
517.9,0.2856,0.1575,-2.8,ALERT
517.933,0.2957,0.1081,-2.91,ALERT
517.967,0.3066,0.2062,-1.06,ALERT
518.0,0.2819,0.2054,-0.02,ALERT
518.033,0.3261,0.1482,3.78,ALERT
518.067,0.2896,0.0897,-2.94,ALERT
518.1,0.3051,0.0994,3.73,ALERT
518.133,0.3219,0.0828,0.89,ALERT
518.167,0.2993,0.0982,-0.82,ALERT
518.2,0.3067,0.0818,3.87,ALERT
518.233,0.3266,0.1806,-3.29,ALERT
518.267,0.3293,0.2003,-0.4,ALERT
518.3,0.3187,0.1114,-3.56,ALERT
518.333,0.3068,0.1356,1.73,ALERT
518.367,0.2972,0.179,-0.37,ALERT
518.4,0.3051,0.2137,0.25,ALERT
518.433,0.3354,0.1233,1.99,ALERT
518.467,0.2843,0.0814,3.13,ALERT
518.5,0.2855,0.1957,1.82,ALERT
518.533,0.3321,0.0906,0.16,ALERT
518.567,0.3029,0.098,-0.29,ALERT
518.6,0.3345,0.2016,1.16,ALERT
518.633,0.3213,0.0989,-1.53,ALERT
518.667,0.1704,0.1943,2.96,ALERT
518.7,0.2921,0.1005,1.32,ALERT
518.733,0.3274,0.1907,-3.41,ALERT
518.767,0.2841,0.1514,-2.62,ALERT
518.8,0.3317,0.1407,2.75,ALERT
518.833,0.303,0.196,-2.91,ALERT
518.867,0.3373,0.0886,-3.03,ALERT
518.9,0.2948,0.1606,-1.37,ALERT
518.933,0.3315,0.1207,0.01,ALERT
518.967,0.3024,0.0923,-0.08,ALERT
519.0,0.3218,0.2181,1.98,ALERT
519.033,0.3351,0.2032,3.2,ALERT
519.067,0.2831,0.1327,-1.81,ALERT
519.1,0.2846,0.1205,-1.55,ALERT
519.133,0.3261,0.1327,-2.87,ALERT
519.167,0.3152,0.1807,0.97,ALERT
519.2,0.2951,0.1209,-2.6,ALERT
519.233,0.3015,0.081,3.85,ALERT
519.267,0.3033,0.1744,-3.67,ALERT
519.3,0.3025,0.144,3.36,ALERT
519.333,0.1712,0.1091,2.93,ALERT
519.367,0.292,0.117,3.2,ALERT
519.4,0.2841,0.2027,1.41,ALERT
519.433,0.3352,0.1897,-2.83,ALERT
519.467,0.2942,0.1649,0.03,ALERT
519.5,0.3251,0.1013,2.71,ALERT
519.533,0.2921,0.0823,-0.59,ALERT
519.567,0.3299,0.1358,3.7,ALERT
519.6,0.3352,0.1173,-2.46,ALERT
519.633,0.3306,0.1048,-0.11,ALERT
519.667,0.2939,0.1498,-1.36,ALERT
519.7,0.3274,0.1043,-0.78,ALERT
519.733,0.3348,0.1422,3.83,ALERT
519.767,0.3063,0.1065,-1.01,ALERT
519.8,0.3196,0.1223,-3.66,ALERT
519.833,0.3205,0.0916,3.51,ALERT
519.867,0.3176,0.0971,-0.49,ALERT
519.9,0.3231,0.0849,3.29,ALERT
519.933,0.2971,0.1241,-3.88,ALERT
519.967,0.2841,0.1299,2.35,ALERT
520.0,0.3001,0.2149,2.87,ALERT
520.033,0.2985,0.1164,-0.29,ALERT
520.067,0.2808,0.0836,-2.46,ALERT
520.1,0.2942,0.1447,-3.9,ALERT
520.133,0.285,0.1422,-2.01,ALERT
520.167,0.3094,0.1651,-0.98,ALERT
520.2,0.3135,0.1495,-0.49,ALERT
520.233,0.2915,0.0928,1.86,ALERT
520.267,0.317,0.1309,3.88,ALERT
520.3,0.2856,0.1771,-1.44,ALERT
520.333,0.3315,0.1291,-3.49,ALERT
520.367,0.3398,0.1237,3.68,ALERT
520.4,0.2911,0.1974,1.85,ALERT
520.433,0.307,0.1426,2.24,ALERT
520.467,0.3074,0.1027,-2.48,ALERT
520.5,0.2876,0.1155,0.26,ALERT
520.533,0.3371,0.1529,-0.42,ALERT
520.567,0.295,0.151,-0.19,ALERT
520.6,0.292,0.2093,-0.95,ALERT
520.633,0.2951,0.2024,2.27,ALERT
520.667,0.3147,0.1631,-1.56,ALERT
520.7,0.3059,0.1479,-1.28,ALERT
520.733,0.2958,0.1814,-1.71,ALERT
520.767,0.3389,0.2187,2.17,ALERT
520.8,0.3017,0.2161,-2.16,ALERT
520.833,0.3176,0.1114,1.75,ALERT
520.867,0.3134,0.1122,-1.39,ALERT
520.9,0.3366,0.1026,-1.88,ALERT
520.933,0.3184,0.1749,1.08,ALERT
520.967,0.2918,0.1064,-3.68,ALERT
521.0,0.3267,0.2049,3.77,ALERT
521.033,0.3342,0.1352,-1.21,ALERT
521.067,0.3221,0.1574,-0.34,ALERT
521.1,0.3155,0.1825,-0.91,ALERT
521.133,0.1556,0.095,2.88,ALERT
521.167,0.3093,0.1442,-2.65,ALERT
521.2,0.1267,0.1926,-2.67,ALERT
521.233,0.2866,0.0844,-2.64,ALERT
521.267,0.3192,0.1938,-1.71,ALERT
521.3,0.2874,0.1279,-3.14,ALERT
521.333,0.3194,0.2143,-0.5,ALERT
521.367,0.2837,0.1437,-1.32,ALERT
521.4,0.3147,0.1627,1.44,ALERT
521.433,0.1758,0.189,0.4,ALERT
521.467,0.3183,0.105,0.52,ALERT
521.5,0.3227,0.1276,-2.92,ALERT
521.533,0.3063,0.2187,3.65,ALERT
521.567,0.2804,0.09,-3.98,ALERT
521.6,0.1509,0.0981,2.6,ALERT
521.633,0.2924,0.1872,-0.48,ALERT
521.667,0.317,0.1056,-2.38,ALERT
521.7,0.3186,0.1333,-1.87,ALERT
521.733,0.3317,0.1049,0.58,ALERT
521.767,0.3205,0.1979,0.33,ALERT
521.8,0.3391,0.1709,-0.99,ALERT
521.833,0.3112,0.1099,-0.36,ALERT
521.867,0.3148,0.1253,-3.8,ALERT
521.9,0.3099,0.1506,3.68,ALERT
521.933,0.3156,0.1575,0.9,ALERT
521.967,0.3256,0.1668,3.21,ALERT
522.0,0.3057,0.1217,2.68,ALERT
522.033,0.2912,0.2054,1.97,ALERT
522.067,0.3187,0.0859,3.92,ALERT
522.1,0.2813,0.1179,0.9,ALERT
522.133,0.3258,0.1105,0.74,ALERT
522.167,0.1462,0.1252,0.09,ALERT
522.2,0.2851,0.1883,-0.59,ALERT
522.233,0.3208,0.1924,-1.53,ALERT
522.267,0.3077,0.1763,-3.88,ALERT
522.3,0.2855,0.1393,-1.13,ALERT
522.333,0.327,0.1253,-2.95,ALERT
522.367,0.2837,0.1162,-1.49,ALERT
522.4,0.307,0.1519,0.82,ALERT
522.433,0.3222,0.171,0.22,ALERT
522.467,0.3131,0.1719,3.33,ALERT
522.5,0.2966,0.1802,3.45,ALERT
522.533,0.3293,0.1773,-0.66,ALERT
522.567,0.316,0.2128,3.95,ALERT
522.6,0.2867,0.1675,-2.89,ALERT
522.633,0.2858,0.1792,2.67,ALERT
522.667,0.2913,0.1398,0.2,ALERT
522.7,0.3075,0.178,-0.55,ALERT
522.733,0.3085,0.0838,0.3,ALERT
522.767,0.3075,0.1011,3.38,ALERT
522.8,0.1432,0.1503,-2.61,ALERT
522.833,0.2938,0.1122,-1.28,ALERT
522.867,0.1308,0.1795,2.61,ALERT
522.9,0.339,0.204,-3.2,ALERT
522.933,0.3122,0.1651,1.4,ALERT
522.967,0.2869,0.1942,1.35,ALERT
523.0,0.3393,0.2016,-2.41,ALERT
523.033,0.2822,0.2144,-1.91,ALERT
523.067,0.134,0.1629,-3.63,ALERT
523.1,0.3279,0.1589,-0.62,ALERT
523.133,0.3037,0.1487,-1.95,ALERT
523.167,0.2883,0.0857,0.86,ALERT
523.2,0.1737,0.142,2.61,ALERT
523.233,0.3031,0.2094,-1.92,ALERT
523.267,0.2943,0.2171,1.53,ALERT
523.3,0.3263,0.1501,2.57,ALERT
523.333,0.3355,0.1504,0.51,ALERT
523.367,0.3059,0.1095,-2.56,ALERT
523.4,0.3172,0.1188,2.31,ALERT
523.433,0.3072,0.1841,-1.23,ALERT
523.467,0.3144,0.1148,2.58,ALERT
523.5,0.3123,0.146,2.22,ALERT
523.533,0.3016,0.1725,2.85,ALERT
523.567,0.1514,0.1957,1.83,ALERT
523.6,0.2928,0.1802,-0.44,ALERT
523.633,0.3008,0.1559,0.3,ALERT
523.667,0.3013,0.1873,-1.07,ALERT
523.7,0.3363,0.2064,1.72,ALERT
523.733,0.2872,0.0905,3.63,ALERT
523.767,0.3321,0.1509,0.94,ALERT
523.8,0.3129,0.0932,-0.18,ALERT
523.833,0.3248,0.0956,0.13,ALERT
523.867,0.1224,0.0831,3.57,ALERT
523.9,0.2878,0.1492,3.87,ALERT
523.933,0.2966,0.1662,1.68,ALERT
523.967,0.3254,0.1006,2.35,ALERT
524.0,0.3338,0.1885,2.16,ALERT
524.033,0.3271,0.177,-2.62,ALERT
524.067,0.2982,0.1024,-2.85,ALERT
524.1,0.3023,0.1513,-0.18,ALERT
524.133,0.2978,0.1406,2.04,ALERT
524.167,0.3032,0.094,-3.62,ALERT
524.2,0.2839,0.1302,-0.92,ALERT
524.233,0.3199,0.1166,-2.34,ALERT
524.267,0.3345,0.1983,1.48,ALERT
524.3,0.2935,0.1826,2.15,ALERT
524.333,0.3324,0.1145,-2.52,ALERT
524.367,0.3388,0.0853,2.26,ALERT
524.4,0.3392,0.1,-2.63,ALERT
524.433,0.3151,0.1778,-0.93,ALERT
524.467,0.3051,0.2163,0.19,ALERT
524.5,0.2933,0.1943,0.27,ALERT
524.533,0.2832,0.1985,1.13,ALERT
524.567,0.3243,0.1385,3.83,ALERT
524.6,0.3047,0.1457,-3.82,ALERT
524.633,0.2955,0.1349,1.32,ALERT
524.667,0.2878,0.1144,2.16,ALERT
524.7,0.3259,0.1405,-1.38,ALERT
524.733,0.3017,0.2113,-0.23,ALERT
524.767,0.303,0.1582,3.09,ALERT
524.8,0.2923,0.1975,-1.61,ALERT
524.833,0.3392,0.1454,-1.68,ALERT
524.867,0.3099,0.1221,3.39,ALERT
524.9,0.3006,0.1988,-1.39,ALERT
524.933,0.3218,0.0984,-3.97,ALERT
524.967,0.3276,0.1371,3.64,ALERT
525.0,0.3182,0.1138,2.28,ALERT
525.033,0.3394,0.1939,-1.18,ALERT
525.067,0.3234,0.197,-0.73,ALERT
525.1,0.2825,0.0894,-2.47,ALERT
525.133,0.339,0.0942,1.26,ALERT
525.167,0.3383,0.1998,1.44,ALERT
525.2,0.2839,0.1827,0.04,ALERT
525.233,0.2844,0.1014,0.27,ALERT
525.267,0.2844,0.1364,-2.53,ALERT
525.3,0.3259,0.0884,2.08,ALERT
525.333,0.2901,0.2037,-3.69,ALERT
525.367,0.3286,0.0806,-2.63,ALERT
525.4,0.3274,0.2145,-0.08,ALERT
525.433,0.3015,0.2198,-2.28,ALERT
525.467,0.3283,0.124,3.93,ALERT
525.5,0.2865,0.0875,1.63,ALERT
525.533,0.3345,0.0805,-0.05,ALERT
525.567,0.2976,0.1683,-1.39,ALERT
525.6,0.3115,0.176,1.87,ALERT
525.633,0.287,0.0905,-3.35,ALERT
525.667,0.2943,0.0858,-0.78,ALERT
525.7,0.3067,0.1587,2.72,ALERT
525.733,0.2904,0.1664,-3.58,ALERT
525.767,0.3151,0.2192,-0.5,ALERT
525.8,0.2879,0.0829,3.18,ALERT
525.833,0.3367,0.1477,0.53,ALERT
525.867,0.3114,0.1745,3.09,ALERT
525.9,0.2882,0.1934,-1.99,ALERT
525.933,0.309,0.1121,-2.61,ALERT
525.967,0.2947,0.1712,-3.64,ALERT
526.0,0.3169,0.1554,3.16,ALERT
526.033,0.2937,0.137,-1.48,ALERT
526.067,0.2921,0.2031,0.16,ALERT
526.1,0.3256,0.0869,0.1,ALERT
526.133,0.2909,0.1875,0.82,ALERT
526.167,0.3287,0.1173,-1.89,ALERT
526.2,0.3107,0.0862,0.29,ALERT
526.233,0.3329,0.0952,-3.72,ALERT
526.267,0.318,0.1902,-3.77,ALERT
526.3,0.3068,0.0993,-2.73,ALERT
526.333,0.2953,0.1543,-1.62,ALERT
526.367,0.3201,0.1495,-3.93,ALERT
526.4,0.2983,0.2081,-3.46,ALERT
526.433,0.2912,0.151,0.01,ALERT
526.467,0.3196,0.2057,-0.13,ALERT
526.5,0.3162,0.1344,-0.73,ALERT
526.533,0.3232,0.1548,-1.22,ALERT
526.567,0.3054,0.1177,-3.29,ALERT
526.6,0.2818,0.2138,0.61,ALERT
526.633,0.3218,0.1908,-3.11,ALERT
526.667,0.2969,0.1242,-1.98,ALERT
526.7,0.3338,0.1982,2.56,ALERT
526.733,0.2806,0.1882,-3.9,ALERT
526.767,0.2955,0.1975,-3.06,ALERT
526.8,0.3042,0.1045,-1.84,ALERT
526.833,0.1777,0.1074,-3.92,ALERT
526.867,0.3125,0.1367,-2.61,ALERT
526.9,0.2826,0.2054,3.72,ALERT
526.933,0.3104,0.0864,-3.21,ALERT
526.967,0.2949,0.1175,2.35,ALERT
527.0,0.3247,0.1011,3.45,ALERT
527.033,0.2907,0.141,3.23,ALERT
527.067,0.3121,0.1728,0.81,ALERT
527.1,0.3011,0.1759,-2.21,ALERT
527.133,0.2965,0.1795,-2.49,ALERT
527.167,0.3316,0.1882,-0.98,ALERT
527.2,0.2993,0.2041,-1.48,ALERT
527.233,0.3031,0.0946,0.59,ALERT
527.267,0.2869,0.1436,3.94,ALERT
527.3,0.3116,0.1877,-2.89,ALERT
527.333,0.3239,0.0876,1.97,ALERT
527.367,0.3015,0.2005,-0.17,ALERT
527.4,0.2978,0.2132,1.89,ALERT
527.433,0.3183,0.1411,3.51,ALERT
527.467,0.2809,0.1933,-3.22,ALERT
527.5,0.3084,0.1684,-2.75,ALERT
527.533,0.1518,0.1838,1.5,ALERT
527.567,0.3351,0.162,-3.55,ALERT
527.6,0.3153,0.2014,2.5,ALERT
527.633,0.3197,0.0866,-3.07,ALERT
527.667,0.2915,0.1991,0.1,ALERT
527.7,0.3259,0.1472,3.28,ALERT
527.733,0.3343,0.1676,0.04,ALERT
527.767,0.3133,0.1397,-1.68,ALERT
527.8,0.3388,0.2129,-1.93,ALERT
527.833,0.3333,0.1541,-3.17,ALERT
527.867,0.3391,0.1975,3.82,ALERT
527.9,0.3076,0.1066,1.96,ALERT
527.933,0.3013,0.1908,-2.35,ALERT
527.967,0.3271,0.2112,-2.37,ALERT
528.0,0.3337,0.1713,0.19,ALERT
528.033,0.2899,0.1271,-2.18,ALERT
528.067,0.3381,0.1613,-2.22,ALERT
528.1,0.298,0.2041,1.37,ALERT
528.133,0.3376,0.1061,1.2,ALERT
528.167,0.338,0.0806,-0.06,ALERT
528.2,0.2869,0.1001,-3.98,ALERT
528.233,0.3238,0.1182,-3.02,ALERT
528.267,0.3009,0.1824,2.76,ALERT
528.3,0.177,0.153,3.73,ALERT
528.333,0.2941,0.1407,-3.82,ALERT
528.367,0.3126,0.1996,1.02,ALERT
528.4,0.2937,0.1954,0.86,ALERT
528.433,0.3096,0.1542,1.07,ALERT
528.467,0.3347,0.1723,-2.29,ALERT
528.5,0.3351,0.1547,2.79,ALERT
528.533,0.3039,0.0977,-0.78,ALERT
528.567,0.2852,0.1353,-3.52,ALERT
528.6,0.3326,0.1301,2.19,ALERT
528.633,0.3328,0.1999,-0.32,ALERT
528.667,0.3204,0.1273,0.65,ALERT
528.7,0.326,0.1749,-1.97,ALERT
528.733,0.3159,0.0927,1.92,ALERT
528.767,0.3094,0.129,-3.99,ALERT
528.8,0.3066,0.0968,3.47,ALERT
528.833,0.3191,0.0947,-0.78,ALERT
528.867,0.3397,0.1567,3.29,ALERT
528.9,0.3056,0.1353,-2.94,ALERT
528.933,0.304,0.0963,-2.6,ALERT
528.967,0.323,0.1825,1.04,ALERT
529.0,0.3047,0.1753,2.9,ALERT
529.033,0.3282,0.1956,0.33,ALERT
529.067,0.3351,0.1106,-1.96,ALERT
529.1,0.2886,0.1369,3.9,ALERT
529.133,0.2974,0.0869,2.37,ALERT
529.167,0.2877,0.1005,-1.97,ALERT
529.2,0.32,0.0932,-2.41,ALERT
529.233,0.3067,0.0952,-0.89,ALERT
529.267,0.3128,0.2102,-2.0,ALERT
529.3,0.3071,0.0925,-2.55,ALERT
529.333,0.3075,0.1555,2.43,ALERT
529.367,0.3195,0.1561,-3.78,ALERT
529.4,0.3138,0.1116,-0.8,ALERT
529.433,0.2854,0.2143,3.74,ALERT
529.467,0.2932,0.1411,2.36,ALERT
529.5,0.3131,0.1156,0.1,ALERT
529.533,0.3093,0.1974,2.29,ALERT
529.567,0.31,0.2119,3.98,ALERT
529.6,0.3063,0.1118,3.38,ALERT
529.633,0.3163,0.1048,1.56,ALERT
529.667,0.3252,0.2124,-2.66,ALERT
529.7,0.2889,0.195,-0.55,ALERT
529.733,0.3205,0.1313,2.0,ALERT
529.767,0.329,0.137,0.17,ALERT
529.8,0.3179,0.2142,-0.79,ALERT
529.833,0.2922,0.1983,-2.97,ALERT
529.867,0.2818,0.2199,3.2,ALERT
529.9,0.3145,0.1588,-2.6,ALERT
529.933,0.329,0.1892,-3.75,ALERT
529.967,0.2995,0.1143,-0.47,ALERT
530.0,0.3181,0.1931,-1.66,ALERT
530.033,0.335,0.1559,3.53,ALERT
530.067,0.2891,0.0882,-2.03,ALERT
530.1,0.3362,0.0832,1.0,ALERT
530.133,0.2839,0.1826,-3.24,ALERT
530.167,0.3326,0.1594,-2.97,ALERT
530.2,0.2937,0.2189,3.47,ALERT
530.233,0.1517,0.1606,1.9,ALERT
530.267,0.3198,0.1513,0.8,ALERT
530.3,0.3141,0.0816,-3.49,ALERT
530.333,0.3071,0.1294,0.63,ALERT
530.367,0.2895,0.1205,-2.02,ALERT
530.4,0.3225,0.1942,-1.09,ALERT
530.433,0.3236,0.1056,1.12,ALERT
530.467,0.2914,0.1844,-0.52,ALERT
530.5,0.2917,0.1997,-3.73,ALERT
530.533,0.28,0.1734,3.43,ALERT
530.567,0.3296,0.184,-0.78,ALERT
530.6,0.2852,0.2142,1.97,ALERT
530.633,0.2815,0.1891,3.33,ALERT
530.667,0.3168,0.1121,-0.9,ALERT
530.7,0.3037,0.1944,-3.94,ALERT
530.733,0.3113,0.1806,-2.29,ALERT
530.767,0.3122,0.1105,2.7,ALERT
530.8,0.2875,0.1271,0.8,ALERT
530.833,0.3049,0.1836,-2.65,ALERT
530.867,0.2923,0.138,-2.32,ALERT
530.9,0.3395,0.0883,-0.54,ALERT
530.933,0.336,0.1035,-1.91,ALERT
530.967,0.284,0.1956,3.55,ALERT
531.0,0.3088,0.1519,3.72,ALERT
531.033,0.3115,0.2006,-0.14,ALERT
531.067,0.3341,0.2139,-1.76,ALERT
531.1,0.2951,0.1011,0.01,ALERT
531.133,0.2919,0.2099,3.5,ALERT
531.167,0.2974,0.1278,1.64,ALERT
531.2,0.2962,0.1057,-1.31,ALERT
531.233,0.3058,0.1605,2.32,ALERT
531.267,0.3316,0.1174,2.77,ALERT
531.3,0.333,0.1169,-3.51,ALERT
531.333,0.2841,0.1659,0.54,ALERT
531.367,0.3256,0.0983,2.69,ALERT
531.4,0.3255,0.1978,0.39,ALERT
531.433,0.3164,0.1593,-0.69,ALERT
531.467,0.2953,0.2113,0.09,ALERT
531.5,0.304,0.2012,-3.24,ALERT
531.533,0.2981,0.1929,-2.52,ALERT
531.567,0.334,0.1842,3.87,ALERT
531.6,0.2857,0.1724,-3.88,ALERT
531.633,0.3046,0.1119,2.11,ALERT
531.667,0.3195,0.1762,0.01,ALERT
531.7,0.292,0.1778,-1.08,ALERT
531.733,0.3274,0.1218,1.6,ALERT
531.767,0.3142,0.1213,-1.85,ALERT
531.8,0.3387,0.1696,1.87,ALERT
531.833,0.3231,0.1621,-3.39,ALERT
531.867,0.303,0.1519,2.56,ALERT
531.9,0.3252,0.1751,3.13,ALERT
531.933,0.2911,0.2073,-1.79,ALERT
531.967,0.3378,0.107,2.64,ALERT
532.0,0.3341,0.1332,0.09,ALERT
532.033,0.2891,0.1578,1.22,ALERT
532.067,0.3314,0.196,0.49,ALERT
532.1,0.3372,0.0841,-1.03,ALERT
532.133,0.2897,0.1339,1.07,ALERT
532.167,0.284,0.137,-1.37,ALERT
532.2,0.3235,0.1046,-3.54,ALERT
532.233,0.3342,0.2082,0.23,ALERT
532.267,0.3393,0.1353,-0.86,ALERT
532.3,0.2839,0.1337,-2.63,ALERT
532.333,0.3273,0.2102,3.99,ALERT
532.367,0.3042,0.2155,-3.7,ALERT
532.4,0.3308,0.1539,-1.23,ALERT
532.433,0.3102,0.1361,-1.29,ALERT
532.467,0.161,0.1427,1.83,ALERT
532.5,0.2848,0.0938,-1.38,ALERT
532.533,0.3111,0.1308,-1.06,ALERT
532.567,0.3191,0.1676,-2.0,ALERT
532.6,0.3333,0.1957,3.14,ALERT
532.633,0.3179,0.0846,1.21,ALERT
532.667,0.3164,0.1132,2.25,ALERT
532.7,0.3086,0.0977,3.81,ALERT
532.733,0.3261,0.2055,-0.59,ALERT
532.767,0.3042,0.1834,1.04,ALERT
532.8,0.3013,0.1979,2.59,ALERT
532.833,0.3052,0.1884,-2.07,ALERT
532.867,0.2992,0.1635,-2.82,ALERT
532.9,0.2916,0.1438,3.88,ALERT
532.933,0.2878,0.1165,-1.89,ALERT
532.967,0.3221,0.1169,0.8,ALERT
533.0,0.3318,0.158,3.91,ALERT
533.033,0.3389,0.0806,3.21,ALERT
533.067,0.2858,0.1604,3.59,ALERT
533.1,0.3349,0.0994,-3.24,ALERT
533.133,0.3211,0.082,2.41,ALERT
533.167,0.2983,0.1728,2.55,ALERT
533.2,0.2938,0.1458,-1.35,ALERT
533.233,0.294,0.1119,-2.69,ALERT
533.267,0.3394,0.1054,-3.04,ALERT
533.3,0.3003,0.185,-3.42,ALERT
533.333,0.3112,0.126,-1.62,ALERT
533.367,0.3064,0.1613,0.92,ALERT
533.4,0.3183,0.1552,-0.46,ALERT
533.433,0.2806,0.1892,-0.5,ALERT
533.467,0.3145,0.1206,-1.93,ALERT
533.5,0.1638,0.0838,-0.82,ALERT
533.533,0.3291,0.1947,-1.85,ALERT
533.567,0.337,0.0902,-0.18,ALERT
533.6,0.3099,0.2118,3.03,ALERT
533.633,0.2975,0.1773,0.01,ALERT
533.667,0.3303,0.16,0.79,ALERT
533.7,0.3308,0.0959,-2.97,ALERT
533.733,0.2981,0.2181,-3.74,ALERT
533.767,0.3275,0.1259,-2.74,ALERT
533.8,0.2993,0.109,-3.13,ALERT
533.833,0.2851,0.0864,1.68,ALERT
533.867,0.2811,0.0887,0.95,ALERT
533.9,0.2948,0.1861,1.86,ALERT
533.933,0.31,0.1634,2.94,ALERT
533.967,0.3149,0.1696,2.78,ALERT
534.0,0.2886,0.1759,2.81,ALERT
534.033,0.3219,0.1046,-1.81,ALERT
534.067,0.2934,0.1212,2.09,ALERT
534.1,0.3388,0.1105,2.19,ALERT
534.133,0.3373,0.1664,-1.06,ALERT
534.167,0.3112,0.1834,2.37,ALERT
534.2,0.3254,0.0985,0.87,ALERT
534.233,0.3241,0.1112,-0.08,ALERT
534.267,0.3388,0.1475,-1.71,ALERT
534.3,0.2903,0.1923,-1.66,ALERT
534.333,0.322,0.0923,3.93,ALERT
534.367,0.3253,0.1932,-1.13,ALERT
534.4,0.3144,0.1197,-2.67,ALERT
534.433,0.3131,0.1941,3.77,ALERT
534.467,0.2883,0.1589,-3.78,ALERT
534.5,0.3264,0.1082,1.96,ALERT
534.533,0.293,0.1618,0.89,ALERT
534.567,0.2958,0.1952,2.54,ALERT
534.6,0.3195,0.14,-2.12,ALERT
534.633,0.315,0.1257,-3.49,ALERT
534.667,0.2965,0.1116,-0.63,ALERT
534.7,0.281,0.1857,0.25,ALERT
534.733,0.2817,0.1777,-1.41,ALERT
534.767,0.2824,0.1291,0.97,ALERT
534.8,0.3359,0.1365,0.82,ALERT
534.833,0.3194,0.0943,-0.53,ALERT
534.867,0.1241,0.0951,-2.22,ALERT
534.9,0.3282,0.1456,2.53,ALERT
534.933,0.2983,0.1798,1.9,ALERT
534.967,0.3208,0.1028,-3.42,ALERT
535.0,0.2958,0.1014,-3.75,ALERT
535.033,0.2919,0.1534,3.17,ALERT
535.067,0.3287,0.1817,-2.9,ALERT
535.1,0.3394,0.1018,-2.65,ALERT
535.133,0.2842,0.1882,-0.2,ALERT
535.167,0.2986,0.1323,0.24,ALERT
535.2,0.3277,0.191,1.24,ALERT
535.233,0.3159,0.1874,-0.03,ALERT
535.267,0.3395,0.1188,-0.75,ALERT
535.3,0.3366,0.1363,1.53,ALERT
535.333,0.3223,0.1202,0.6,ALERT
535.367,0.2893,0.1099,1.16,ALERT
535.4,0.3104,0.1098,0.58,ALERT
535.433,0.2971,0.0895,0.03,ALERT
535.467,0.3248,0.1493,3.46,ALERT
535.5,0.3081,0.1419,-2.71,ALERT
535.533,0.3137,0.1082,1.02,ALERT
535.567,0.2847,0.1991,-2.91,ALERT
535.6,0.2817,0.1442,-0.17,ALERT
535.633,0.3221,0.0844,3.59,ALERT
535.667,0.3135,0.1693,2.2,ALERT
535.7,0.1203,0.1745,0.92,ALERT
535.733,0.3125,0.173,-0.95,ALERT
535.767,0.3389,0.1557,-0.97,ALERT
535.8,0.3048,0.144,-3.18,ALERT
535.833,0.2878,0.1417,1.32,ALERT
535.867,0.3146,0.1887,-2.07,ALERT
535.9,0.3367,0.144,1.81,ALERT
535.933,0.3303,0.0872,-1.62,ALERT
535.967,0.3031,0.1577,3.44,ALERT
536.0,0.3329,0.117,1.44,ALERT
536.033,0.335,0.194,2.58,ALERT
536.067,0.3132,0.1738,2.76,ALERT
536.1,0.3143,0.1553,0.84,ALERT
536.133,0.3154,0.1747,3.7,ALERT
536.167,0.2915,0.1109,-1.41,ALERT
536.2,0.3357,0.1066,-1.87,ALERT
536.233,0.1355,0.1697,-0.69,ALERT
536.267,0.2865,0.1053,-3.06,ALERT
536.3,0.3074,0.1777,3.2,ALERT
536.333,0.3203,0.2061,0.44,ALERT
536.367,0.2824,0.1692,-0.72,ALERT
536.4,0.2889,0.1063,-1.05,ALERT
536.433,0.2928,0.1668,-3.66,ALERT
536.467,0.3141,0.2097,0.47,ALERT
536.5,0.2899,0.1633,3.99,ALERT
536.533,0.3278,0.112,2.33,ALERT
536.567,0.3287,0.1206,3.3,ALERT
536.6,0.3312,0.0838,2.59,ALERT
536.633,0.2906,0.1773,-0.4,ALERT
536.667,0.3157,0.1594,2.3,ALERT
536.7,0.3109,0.1156,-3.0,ALERT
536.733,0.2827,0.0844,0.22,ALERT
536.767,0.1455,0.1499,-0.63,ALERT
536.8,0.333,0.1153,-2.01,ALERT
536.833,0.3206,0.1882,-2.75,ALERT
536.867,0.3002,0.1948,0.23,ALERT
536.9,0.3111,0.1172,0.95,ALERT
536.933,0.2828,0.084,-0.89,ALERT
536.967,0.3305,0.2131,1.35,ALERT
537.0,0.294,0.1336,2.26,ALERT
537.033,0.3351,0.0856,-1.58,ALERT
537.067,0.324,0.1542,2.97,ALERT
537.1,0.3055,0.2085,0.19,ALERT
537.133,0.3216,0.1027,-1.17,ALERT
537.167,0.2905,0.0899,-2.67,ALERT
537.2,0.3076,0.1419,0.79,ALERT
537.233,0.2843,0.1339,-3.95,ALERT
537.267,0.2941,0.1308,2.25,ALERT
537.3,0.3204,0.2107,2.45,ALERT
537.333,0.3196,0.1941,3.75,ALERT
537.367,0.3228,0.1802,0.88,ALERT
537.4,0.3201,0.1121,2.57,ALERT
537.433,0.3088,0.1722,2.92,ALERT
537.467,0.2872,0.1326,-0.76,ALERT
537.5,0.2848,0.1657,-0.6,ALERT
537.533,0.2873,0.1973,-1.24,ALERT
537.567,0.3318,0.1901,2.68,ALERT
537.6,0.3246,0.2159,3.11,ALERT
537.633,0.3352,0.1826,2.54,ALERT
537.667,0.2998,0.1641,-3.38,ALERT
537.7,0.3303,0.1526,-0.11,ALERT
537.733,0.3041,0.1376,2.22,ALERT
537.767,0.3322,0.116,-1.64,ALERT
537.8,0.3367,0.1428,-1.29,ALERT
537.833,0.2885,0.2185,3.83,ALERT
537.867,0.3343,0.1421,2.4,ALERT
537.9,0.3396,0.1241,-1.12,ALERT
537.933,0.2946,0.0984,-3.69,ALERT
537.967,0.2816,0.1374,3.38,ALERT
538.0,0.3068,0.2156,-1.37,ALERT
538.033,0.2961,0.1421,3.55,ALERT
538.067,0.2865,0.2173,-0.64,ALERT
538.1,0.3359,0.2072,2.55,ALERT
538.133,0.2868,0.101,-0.44,ALERT
538.167,0.2875,0.1142,-2.86,ALERT
538.2,0.3022,0.1262,-2.9,ALERT
538.233,0.3275,0.1099,3.77,ALERT
538.267,0.2804,0.0906,-2.46,ALERT
538.3,0.2958,0.1309,-2.4,ALERT
538.333,0.3204,0.1143,3.89,ALERT
538.367,0.2801,0.1577,-3.91,ALERT
538.4,0.333,0.1139,1.58,ALERT
538.433,0.2927,0.0802,-0.56,ALERT
538.467,0.3126,0.1006,-0.92,ALERT
538.5,0.3199,0.1344,-1.41,ALERT
538.533,0.323,0.1226,-1.14,ALERT
538.567,0.3042,0.1452,-2.47,ALERT
538.6,0.2806,0.1679,-1.74,ALERT
538.633,0.3083,0.1476,2.73,ALERT
538.667,0.2887,0.1729,-0.95,ALERT
538.7,0.3209,0.2053,2.5,ALERT
538.733,0.3332,0.1997,-1.9,ALERT
538.767,0.33,0.2102,-0.26,ALERT
538.8,0.3242,0.1943,-3.82,ALERT
538.833,0.2954,0.1403,3.1,ALERT
538.867,0.3039,0.1063,3.78,ALERT
538.9,0.3295,0.0925,-0.7,ALERT
538.933,0.3276,0.1605,0.99,ALERT
538.967,0.3342,0.142,-3.54,ALERT
539.0,0.3031,0.1771,-0.35,ALERT
539.033,0.3101,0.0863,3.57,ALERT
539.067,0.298,0.2111,-3.82,ALERT
539.1,0.3138,0.2165,-2.78,ALERT
539.133,0.3267,0.1764,-2.35,ALERT
539.167,0.2969,0.1442,-2.75,ALERT
539.2,0.3366,0.2185,1.84,ALERT
539.233,0.294,0.1793,-0.78,ALERT
539.267,0.3372,0.1681,-1.33,ALERT
539.3,0.3171,0.195,2.91,ALERT
539.333,0.3023,0.1344,3.26,ALERT
539.367,0.2819,0.1102,-1.31,ALERT
539.4,0.3042,0.2042,-0.01,ALERT
539.433,0.3313,0.1475,-0.17,ALERT
539.467,0.289,0.1015,2.33,ALERT
539.5,0.2967,0.1975,-0.08,ALERT
539.533,0.3098,0.1176,1.03,ALERT
539.567,0.3297,0.1511,-2.58,ALERT
539.6,0.3295,0.152,2.16,ALERT
539.633,0.2984,0.1671,1.03,ALERT
539.667,0.3021,0.0804,2.35,ALERT
539.7,0.2941,0.1697,3.59,ALERT
539.733,0.2886,0.2008,-2.97,ALERT
539.767,0.1779,0.0932,0.53,ALERT
539.8,0.3369,0.14,0.02,ALERT
539.833,0.2918,0.1723,1.49,ALERT
539.867,0.3051,0.1507,-2.46,ALERT
539.9,0.3106,0.208,-3.09,ALERT
539.933,0.2968,0.1827,0.56,ALERT
539.967,0.3257,0.1851,-2.97,ALERT
540.0,0.2895,0.1204,-0.8,ALERT
540.033,0.2805,0.2062,-3.16,ALERT
540.067,0.3359,0.0859,3.75,ALERT
540.1,0.3314,0.1719,3.49,ALERT
540.133,0.2923,0.1617,0.03,ALERT
540.167,0.3305,0.1659,2.3,ALERT
540.2,0.2962,0.1772,-1.7,ALERT
540.233,0.2813,0.1504,-2.55,ALERT
540.267,0.2828,0.2108,-0.96,ALERT
540.3,0.2945,0.1801,-2.04,ALERT
540.333,0.3024,0.1221,-3.65,ALERT
540.367,0.3363,0.1236,3.03,ALERT
540.4,0.2961,0.0989,2.6,ALERT
540.433,0.3178,0.1029,3.45,ALERT
540.467,0.3154,0.2069,2.45,ALERT
540.5,0.333,0.2149,1.66,ALERT
540.533,0.3132,0.1359,0.28,ALERT
540.567,0.2891,0.0801,-3.79,ALERT
540.6,0.3377,0.0834,0.22,ALERT
540.633,0.3101,0.1791,3.4,ALERT
540.667,0.3259,0.0957,3.85,ALERT
540.7,0.3035,0.1077,3.8,ALERT
540.733,0.3337,0.1907,-1.23,ALERT
540.767,0.3234,0.0801,-1.38,ALERT
540.8,0.3372,0.1815,-1.26,ALERT
540.833,0.3215,0.1942,-1.49,ALERT
540.867,0.3138,0.1191,-1.02,ALERT
540.9,0.2885,0.1419,2.31,ALERT
540.933,0.2979,0.09,2.52,ALERT
540.967,0.3161,0.1378,2.25,ALERT
541.0,0.3113,0.1541,0.11,ALERT
541.033,0.3273,0.216,3.96,ALERT
541.067,0.2803,0.1409,0.85,ALERT
541.1,0.3348,0.2136,0.94,ALERT
541.133,0.2802,0.1578,-0.41,ALERT
541.167,0.3078,0.166,-3.5,ALERT
541.2,0.3073,0.2148,0.48,ALERT
541.233,0.335,0.1416,2.72,ALERT
541.267,0.3178,0.1768,3.67,ALERT
541.3,0.2878,0.1946,2.78,ALERT
541.333,0.2914,0.1221,-0.63,ALERT
541.367,0.2934,0.119,-3.31,ALERT
541.4,0.3209,0.1342,1.29,ALERT
541.433,0.3393,0.1175,-3.98,ALERT
541.467,0.2902,0.0869,2.44,ALERT
541.5,0.2807,0.1352,0.93,ALERT
541.533,0.3045,0.1139,-1.88,ALERT
541.567,0.3383,0.168,-2.26,ALERT
541.6,0.3305,0.2084,-2.88,ALERT
541.633,0.3359,0.1198,-0.5,ALERT
541.667,0.2954,0.1571,2.5,ALERT
541.7,0.2888,0.1342,-2.84,ALERT
541.733,0.2985,0.2092,-3.39,ALERT
541.767,0.3144,0.1713,-3.21,ALERT
541.8,0.3385,0.1919,-2.74,ALERT
541.833,0.3022,0.1656,-1.59,ALERT
541.867,0.3049,0.196,-3.43,ALERT
541.9,0.2816,0.1132,-0.52,ALERT
541.933,0.3363,0.2155,-3.34,ALERT
541.967,0.2872,0.1435,0.68,ALERT
542.0,0.3296,0.164,0.78,ALERT
542.033,0.2956,0.1527,1.99,ALERT
542.067,0.2979,0.1486,2.91,ALERT
542.1,0.2851,0.0848,-2.71,ALERT
542.133,0.3272,0.1579,0.97,ALERT
542.167,0.3392,0.208,0.66,ALERT
542.2,0.3124,0.1877,-3.11,ALERT
542.233,0.3192,0.0811,-1.07,ALERT
542.267,0.3246,0.1562,-2.18,ALERT
542.3,0.2989,0.138,0.98,ALERT
542.333,0.3389,0.1651,0.68,ALERT
542.367,0.3226,0.1387,-2.17,ALERT
542.4,0.3193,0.1066,-0.82,ALERT
542.433,0.3134,0.1668,-1.96,ALERT
542.467,0.3056,0.0894,0.36,ALERT
542.5,0.3044,0.175,0.88,ALERT
542.533,0.3263,0.1817,3.22,ALERT
542.567,0.3261,0.1314,2.13,ALERT
542.6,0.2932,0.126,-1.82,ALERT
542.633,0.3213,0.0894,3.94,ALERT
542.667,0.2922,0.1182,0.85,ALERT
542.7,0.2933,0.138,-3.73,ALERT
542.733,0.3393,0.1614,-0.37,ALERT
542.767,0.2907,0.1553,-2.94,ALERT
542.8,0.2882,0.1995,1.94,ALERT
542.833,0.3023,0.2157,3.83,ALERT
542.867,0.3222,0.1402,1.65,ALERT
542.9,0.2955,0.1375,1.07,ALERT
542.933,0.2949,0.2075,-0.69,ALERT
542.967,0.3269,0.1077,1.09,ALERT
543.0,0.3143,0.1074,-3.3,ALERT
543.033,0.2834,0.1681,1.72,ALERT
543.067,0.3233,0.0826,-1.33,ALERT
543.1,0.2967,0.1637,2.34,ALERT
543.133,0.3115,0.1766,1.51,ALERT
543.167,0.3258,0.1652,-2.36,ALERT
543.2,0.3335,0.0834,0.85,ALERT
543.233,0.2896,0.1037,2.89,ALERT
543.267,0.3168,0.1318,-1.36,ALERT
543.3,0.3181,0.1636,-2.1,ALERT
543.333,0.2834,0.2093,-1.23,ALERT
543.367,0.2982,0.1684,0.19,ALERT
543.4,0.3367,0.1692,2.8,ALERT
543.433,0.3029,0.1782,-3.71,ALERT
543.467,0.33,0.2055,-1.95,ALERT
543.5,0.3319,0.1663,-2.46,ALERT
543.533,0.31,0.1853,1.41,ALERT
543.567,0.2926,0.1054,1.6,ALERT
543.6,0.3324,0.0909,-2.0,ALERT
543.633,0.306,0.1293,1.08,ALERT
543.667,0.2921,0.1285,-2.79,ALERT
543.7,0.3147,0.1405,-3.96,ALERT
543.733,0.2975,0.1302,-3.59,ALERT
543.767,0.3074,0.1369,3.1,ALERT
543.8,0.3241,0.1068,-0.31,ALERT
543.833,0.3218,0.121,1.67,ALERT
543.867,0.3116,0.1677,1.99,ALERT
543.9,0.1549,0.1509,-0.66,ALERT
543.933,0.3308,0.1251,-0.53,ALERT
543.967,0.3135,0.1461,-1.41,ALERT
544.0,0.3125,0.1926,0.21,ALERT
544.033,0.3321,0.116,2.7,ALERT
544.067,0.2817,0.1312,1.89,ALERT
544.1,0.3094,0.1807,2.08,ALERT
544.133,0.2888,0.0891,2.48,ALERT
544.167,0.3199,0.1163,2.87,ALERT
544.2,0.311,0.1706,-2.29,ALERT
544.233,0.3088,0.1609,-1.32,ALERT
544.267,0.3243,0.1865,-3.8,ALERT
544.3,0.3364,0.171,-3.99,ALERT
544.333,0.28,0.0945,-2.48,ALERT
544.367,0.3379,0.1571,-3.31,ALERT
544.4,0.309,0.1922,1.73,ALERT
544.433,0.3342,0.1887,3.98,ALERT
544.467,0.3264,0.2064,-1.9,ALERT
544.5,0.2957,0.1368,1.9,ALERT
544.533,0.2816,0.1648,-0.46,ALERT
544.567,0.3005,0.1645,0.03,ALERT
544.6,0.2839,0.2123,-0.07,ALERT
544.633,0.336,0.1112,1.59,ALERT
544.667,0.122,0.1211,1.31,ALERT
544.7,0.3212,0.1395,2.67,ALERT
544.733,0.3011,0.1701,-3.09,ALERT
544.767,0.2996,0.0874,3.92,ALERT
544.8,0.3129,0.1991,2.81,ALERT
544.833,0.3388,0.0831,0.59,ALERT
544.867,0.3189,0.1448,-2.93,ALERT
544.9,0.3377,0.1975,2.45,ALERT
544.933,0.3016,0.1082,-2.73,ALERT
544.967,0.2977,0.1136,-0.48,ALERT
545.0,0.3396,0.2191,3.13,ALERT
545.033,0.3337,0.1391,3.96,ALERT
545.067,0.3298,0.1853,1.98,ALERT
545.1,0.3246,0.1622,-3.2,ALERT
545.133,0.3307,0.1608,1.26,ALERT
545.167,0.2881,0.0897,0.46,ALERT
545.2,0.3015,0.1071,-1.8,ALERT
545.233,0.1404,0.142,-2.97,ALERT
545.267,0.2937,0.1581,-0.75,ALERT
545.3,0.3138,0.1478,-2.0,ALERT
545.333,0.3031,0.1315,-2.38,ALERT
545.367,0.1307,0.218,-0.47,ALERT
545.4,0.3085,0.0886,3.95,ALERT
545.433,0.3088,0.0805,-3.84,ALERT
545.467,0.3027,0.136,3.75,ALERT
545.5,0.3302,0.1945,0.12,ALERT
545.533,0.3353,0.0874,-3.55,ALERT
545.567,0.3093,0.2116,3.39,ALERT
545.6,0.3152,0.1847,3.79,ALERT
545.633,0.2995,0.1742,2.27,ALERT
545.667,0.3069,0.1974,-0.22,ALERT
545.7,0.2973,0.1267,2.97,ALERT
545.733,0.3314,0.1999,-0.93,ALERT
545.767,0.3297,0.1586,2.02,ALERT
545.8,0.2979,0.0908,1.15,ALERT
545.833,0.3283,0.2133,3.01,ALERT
545.867,0.3122,0.1915,0.53,ALERT
545.9,0.3134,0.1944,-1.58,ALERT
545.933,0.2916,0.1738,3.48,ALERT
545.967,0.2885,0.19,-1.31,ALERT
546.0,0.3259,0.0976,-2.14,ALERT
546.033,0.2816,0.0877,-0.62,ALERT
546.067,0.2906,0.2199,-2.63,ALERT
546.1,0.3279,0.1564,2.15,ALERT
546.133,0.1264,0.102,3.67,ALERT
546.167,0.3119,0.1513,-2.43,ALERT
546.2,0.3026,0.0898,2.32,ALERT
546.233,0.2926,0.195,2.7,ALERT
546.267,0.3346,0.2193,-1.43,ALERT
546.3,0.3224,0.1583,-0.51,ALERT
546.333,0.305,0.165,-1.2,ALERT
546.367,0.3374,0.173,-3.96,ALERT
546.4,0.3344,0.1892,-0.29,ALERT
546.433,0.316,0.1756,-0.23,ALERT
546.467,0.308,0.1026,-3.92,ALERT
546.5,0.3342,0.1565,1.96,ALERT
546.533,0.3314,0.1747,1.63,ALERT
546.567,0.3045,0.0971,-0.23,ALERT
546.6,0.3315,0.2199,-0.29,ALERT
546.633,0.2923,0.1721,0.73,ALERT
546.667,0.2922,0.1405,2.33,ALERT
546.7,0.2822,0.1798,-3.82,ALERT
546.733,0.2843,0.1369,0.95,ALERT
546.767,0.2858,0.1648,-3.65,ALERT
546.8,0.2804,0.2011,-1.03,ALERT
546.833,0.2967,0.1361,1.79,ALERT
546.867,0.3109,0.1785,-0.22,ALERT
546.9,0.2958,0.2178,1.3,ALERT
546.933,0.2896,0.1496,0.95,ALERT
546.967,0.3392,0.0968,0.44,ALERT
547.0,0.2879,0.154,-0.25,ALERT
547.033,0.2862,0.1329,-2.94,ALERT
547.067,0.2988,0.1367,1.4,ALERT
547.1,0.3005,0.2057,1.46,ALERT
547.133,0.3012,0.1432,3.87,ALERT
547.167,0.3191,0.1072,-0.59,ALERT
547.2,0.3162,0.1145,-1.44,ALERT
547.233,0.3147,0.0968,3.49,ALERT
547.267,0.2926,0.0926,-3.57,ALERT
547.3,0.3363,0.2053,2.87,ALERT
547.333,0.3336,0.1018,1.39,ALERT
547.367,0.3266,0.0827,1.42,ALERT
547.4,0.3126,0.1425,-1.69,ALERT
547.433,0.2952,0.132,1.16,ALERT
547.467,0.2897,0.148,0.17,ALERT
547.5,0.3229,0.2124,0.22,ALERT
547.533,0.331,0.1397,0.63,ALERT
547.567,0.2825,0.1195,2.95,ALERT
547.6,0.3029,0.1539,0.44,ALERT
547.633,0.3117,0.1549,-1.38,ALERT
547.667,0.336,0.1224,1.76,ALERT
547.7,0.3276,0.1496,-2.58,ALERT
547.733,0.3266,0.2144,-3.17,ALERT
547.767,0.3215,0.1922,3.8,ALERT
547.8,0.2879,0.1146,-2.08,ALERT
547.833,0.3316,0.2185,3.81,ALERT
547.867,0.3206,0.0992,-2.61,ALERT
547.9,0.3148,0.0853,1.75,ALERT
547.933,0.3058,0.1556,0.19,ALERT
547.967,0.3358,0.2069,2.66,ALERT
548.0,0.3219,0.1433,-3.03,ALERT
548.033,0.2812,0.0882,-1.57,ALERT
548.067,0.2995,0.1013,-3.01,ALERT
548.1,0.2973,0.1808,-3.8,ALERT
548.133,0.2893,0.1422,-2.3,ALERT
548.167,0.3206,0.088,3.39,ALERT
548.2,0.3159,0.0993,2.23,ALERT
548.233,0.3195,0.1223,3.98,ALERT
548.267,0.306,0.1892,1.56,ALERT
548.3,0.3332,0.1331,-3.63,ALERT
548.333,0.2829,0.2148,-2.63,ALERT
548.367,0.3206,0.2189,-1.54,ALERT
548.4,0.3327,0.1879,-0.5,ALERT
548.433,0.3201,0.1339,1.08,ALERT
548.467,0.339,0.0895,0.19,ALERT
548.5,0.333,0.1536,-2.46,ALERT
548.533,0.3046,0.1065,2.96,ALERT
548.567,0.301,0.1126,-2.38,ALERT
548.6,0.3003,0.1664,-2.44,ALERT
548.633,0.2865,0.0904,-0.22,ALERT
548.667,0.2894,0.1571,-3.76,ALERT
548.7,0.3388,0.0947,-3.17,ALERT
548.733,0.2901,0.0956,2.02,ALERT
548.767,0.328,0.1707,-0.98,ALERT
548.8,0.2807,0.0966,-3.98,ALERT
548.833,0.308,0.1025,-1.3,ALERT
548.867,0.2893,0.098,2.75,ALERT
548.9,0.3027,0.1755,-1.63,ALERT
548.933,0.2908,0.2144,3.94,ALERT
548.967,0.3322,0.1461,2.15,ALERT
549.0,0.2909,0.1121,-3.82,ALERT
549.033,0.3113,0.1376,3.18,ALERT
549.067,0.308,0.213,-3.19,ALERT
549.1,0.2972,0.2162,0.87,ALERT
549.133,0.3263,0.1405,-3.27,ALERT
549.167,0.3341,0.1369,0.04,ALERT
549.2,0.2914,0.2077,-1.96,ALERT
549.233,0.3087,0.2195,1.4,ALERT
549.267,0.3063,0.1262,-1.14,ALERT
549.3,0.3032,0.1763,1.37,ALERT
549.333,0.3274,0.1053,-1.14,ALERT
549.367,0.2854,0.1455,1.78,ALERT
549.4,0.3096,0.1838,4.0,ALERT
549.433,0.3054,0.2004,3.74,ALERT
549.467,0.3352,0.1037,-2.55,ALERT
549.5,0.3119,0.1999,-1.71,ALERT
549.533,0.2839,0.1073,0.53,ALERT
549.567,0.3191,0.1494,-3.94,ALERT
549.6,0.3235,0.1007,1.56,ALERT
549.633,0.3175,0.1475,0.81,ALERT
549.667,0.3103,0.1739,2.11,ALERT
549.7,0.3027,0.1607,-0.45,ALERT
549.733,0.3215,0.194,3.35,ALERT
549.767,0.3136,0.2007,-1.58,ALERT
549.8,0.3207,0.1478,0.32,ALERT
549.833,0.3336,0.1002,-2.24,ALERT
549.867,0.2882,0.1091,-2.96,ALERT
549.9,0.2867,0.1823,-0.02,ALERT
549.933,0.2908,0.1517,-1.8,ALERT
549.967,0.3291,0.1093,2.27,ALERT
550.0,0.329,0.0898,-3.99,ALERT
550.033,0.3128,0.1769,1.36,ALERT
550.067,0.3019,0.1274,2.36,ALERT
550.1,0.3303,0.2022,2.05,ALERT
550.133,0.3254,0.0892,-0.63,ALERT
550.167,0.2828,0.2024,2.64,ALERT
550.2,0.295,0.1579,0.69,ALERT
550.233,0.3342,0.1468,3.63,ALERT
550.267,0.3254,0.1461,-2.06,ALERT
550.3,0.3053,0.12,2.42,ALERT
550.333,0.3393,0.1941,-3.8,ALERT
550.367,0.2899,0.1183,-0.2,ALERT
550.4,0.3289,0.1333,-3.7,ALERT
550.433,0.2991,0.2188,-2.78,ALERT
550.467,0.2988,0.1864,-3.87,ALERT
550.5,0.1554,0.1449,1.17,ALERT
550.533,0.3323,0.2013,-2.38,ALERT
550.567,0.317,0.1755,-1.64,ALERT
550.6,0.3089,0.0915,-2.04,ALERT
550.633,0.3286,0.1339,2.41,ALERT
550.667,0.3156,0.2044,-3.61,ALERT
550.7,0.3091,0.0998,-1.74,ALERT
550.733,0.3037,0.1117,3.75,ALERT
550.767,0.3218,0.1216,-2.09,ALERT
550.8,0.2878,0.1687,-2.03,ALERT
550.833,0.3289,0.1007,-0.72,ALERT
550.867,0.3153,0.0873,2.17,ALERT
550.9,0.3108,0.124,2.15,ALERT
550.933,0.3336,0.1748,-1.18,ALERT
550.967,0.3151,0.1951,0.06,ALERT
551.0,0.3184,0.0909,0.2,ALERT
551.033,0.3397,0.191,0.19,ALERT
551.067,0.2933,0.0846,-1.59,ALERT
551.1,0.2947,0.0938,3.84,ALERT
551.133,0.145,0.1013,-1.58,ALERT
551.167,0.2861,0.1876,1.48,ALERT
551.2,0.314,0.165,3.98,ALERT
551.233,0.2959,0.1804,1.63,ALERT
551.267,0.2979,0.1839,-2.65,ALERT
551.3,0.3171,0.1821,3.53,ALERT
551.333,0.3057,0.1935,-3.35,ALERT
551.367,0.3277,0.1184,0.31,ALERT
551.4,0.2952,0.1884,3.55,ALERT
551.433,0.2993,0.1048,-1.08,ALERT
551.467,0.3082,0.0906,-1.23,ALERT
551.5,0.3322,0.1119,-1.74,ALERT
551.533,0.3283,0.1437,1.4,ALERT
551.567,0.3094,0.176,0.08,ALERT
551.6,0.3269,0.1919,2.01,ALERT
551.633,0.32,0.1161,2.33,ALERT
551.667,0.3321,0.1843,-3.69,ALERT
551.7,0.3172,0.1368,-1.4,ALERT
551.733,0.2895,0.1103,3.72,ALERT
551.767,0.3083,0.175,-2.52,ALERT
551.8,0.2888,0.2071,-2.74,ALERT
551.833,0.2968,0.179,-3.16,ALERT
551.867,0.3074,0.1654,-3.17,ALERT
551.9,0.2874,0.1069,-3.23,ALERT
551.933,0.3346,0.1806,-1.16,ALERT
551.967,0.3002,0.1787,0.95,ALERT
552.0,0.338,0.1627,-0.93,ALERT
552.033,0.2848,0.0825,2.28,ALERT
552.067,0.3295,0.0918,3.09,ALERT
552.1,0.2852,0.1173,3.66,ALERT
552.133,0.2987,0.2103,0.81,ALERT
552.167,0.2818,0.1452,-2.89,ALERT
552.2,0.3297,0.1296,3.13,ALERT
552.233,0.3067,0.1505,3.56,ALERT
552.267,0.2847,0.2035,-0.18,ALERT
552.3,0.2814,0.2049,-1.99,ALERT
552.333,0.3386,0.1178,3.26,ALERT
552.367,0.3393,0.2156,-3.32,ALERT
552.4,0.2863,0.1376,1.08,ALERT
552.433,0.327,0.1978,0.46,ALERT
552.467,0.3036,0.1569,-3.4,ALERT
552.5,0.3229,0.2127,1.17,ALERT
552.533,0.3173,0.2062,-1.55,ALERT
552.567,0.3323,0.0849,2.77,ALERT
552.6,0.312,0.1624,2.23,ALERT
552.633,0.3071,0.1417,-0.8,ALERT
552.667,0.3372,0.1597,2.77,ALERT
552.7,0.3363,0.1448,-1.57,ALERT
552.733,0.3171,0.1014,-0.53,ALERT
552.767,0.3271,0.165,0.44,ALERT
552.8,0.316,0.1271,2.54,ALERT
552.833,0.2933,0.0911,0.82,ALERT
552.867,0.3074,0.1965,-2.65,ALERT
552.9,0.3342,0.2051,0.2,ALERT
552.933,0.3112,0.1621,1.66,ALERT
552.967,0.1323,0.1181,3.64,ALERT
553.0,0.305,0.1867,1.11,ALERT
553.033,0.2833,0.1406,3.23,ALERT
553.067,0.2908,0.1775,3.78,ALERT
553.1,0.2863,0.1508,2.74,ALERT
553.133,0.2803,0.1626,-2.76,ALERT
553.167,0.3045,0.1702,-3.06,ALERT
553.2,0.2817,0.1283,3.53,ALERT
553.233,0.3335,0.1774,-2.04,ALERT
553.267,0.3023,0.1729,3.21,ALERT
553.3,0.3276,0.094,1.26,ALERT
553.333,0.3006,0.172,-2.96,ALERT
553.367,0.3154,0.1068,0.07,ALERT
553.4,0.3286,0.1391,2.66,ALERT
553.433,0.1769,0.1458,2.34,ALERT
553.467,0.3114,0.1919,-2.27,ALERT
553.5,0.1673,0.1017,3.57,ALERT
553.533,0.3228,0.1237,1.7,ALERT
553.567,0.3363,0.1826,-1.14,ALERT
553.6,0.3075,0.1356,-1.31,ALERT
553.633,0.2896,0.188,1.0,ALERT
553.667,0.293,0.1413,-2.03,ALERT
553.7,0.294,0.1238,2.7,ALERT
553.733,0.3399,0.1378,0.73,ALERT
553.767,0.2941,0.1103,2.63,ALERT
553.8,0.3357,0.1411,0.55,ALERT
553.833,0.3271,0.0969,3.94,ALERT
553.867,0.2813,0.1321,1.62,ALERT
553.9,0.2989,0.1503,0.5,ALERT
553.933,0.3056,0.1908,3.97,ALERT
553.967,0.3264,0.1772,1.97,ALERT
554.0,0.2825,0.1395,0.08,ALERT
554.033,0.312,0.1622,-3.89,ALERT
554.067,0.2831,0.119,3.65,ALERT
554.1,0.3039,0.1845,-1.47,ALERT
554.133,0.3084,0.1442,3.99,ALERT
554.167,0.2946,0.1793,-1.5,ALERT
554.2,0.3398,0.2097,3.14,ALERT
554.233,0.2806,0.0816,0.15,ALERT
554.267,0.3033,0.083,-3.78,ALERT
554.3,0.3353,0.1473,2.42,ALERT
554.333,0.3077,0.172,2.92,ALERT
554.367,0.3209,0.1991,0.03,ALERT
554.4,0.3057,0.1515,-2.45,ALERT
554.433,0.2947,0.1584,2.78,ALERT
554.467,0.2841,0.159,-3.9,ALERT
554.5,0.3299,0.1473,-1.47,ALERT
554.533,0.2869,0.1435,0.06,ALERT
554.567,0.3352,0.1726,0.26,ALERT
554.6,0.3336,0.1573,-2.57,ALERT
554.633,0.331,0.1719,-1.98,ALERT
554.667,0.3065,0.164,1.62,ALERT
554.7,0.3204,0.0914,1.13,ALERT
554.733,0.2938,0.2086,-2.33,ALERT
554.767,0.2999,0.2137,-3.2,ALERT
554.8,0.3382,0.2007,-0.6,ALERT
554.833,0.2919,0.1611,3.55,ALERT
554.867,0.3115,0.0812,-0.18,ALERT
554.9,0.2873,0.151,-1.91,ALERT
554.933,0.3343,0.1705,3.75,ALERT
554.967,0.3218,0.1783,-0.4,ALERT
555.0,0.2943,0.2026,3.62,ALERT
555.033,0.3322,0.0871,-1.59,ALERT
555.067,0.2988,0.1426,0.97,ALERT
555.1,0.2988,0.1378,2.82,ALERT
555.133,0.3389,0.15,3.45,ALERT
555.167,0.329,0.1876,1.61,ALERT
555.2,0.3385,0.1457,-0.4,ALERT
555.233,0.2906,0.1997,3.57,ALERT
555.267,0.282,0.1552,1.49,ALERT
555.3,0.3008,0.1747,-2.37,ALERT
555.333,0.322,0.1391,2.72,ALERT
555.367,0.3304,0.0862,3.2,ALERT
555.4,0.2981,0.1682,-3.83,ALERT
555.433,0.331,0.1628,1.34,ALERT
555.467,0.3305,0.2053,0.36,ALERT
555.5,0.3212,0.1693,3.95,ALERT
555.533,0.3167,0.1349,-1.17,ALERT
555.567,0.2845,0.2055,-0.14,ALERT
555.6,0.3353,0.0936,0.67,ALERT
555.633,0.3379,0.1672,-3.25,ALERT
555.667,0.32,0.1316,2.01,ALERT
555.7,0.2928,0.2181,2.03,ALERT
555.733,0.3338,0.1828,1.65,ALERT
555.767,0.3079,0.2089,3.82,ALERT
555.8,0.3218,0.0914,-2.76,ALERT
555.833,0.3152,0.0819,2.0,ALERT
555.867,0.3265,0.1698,1.11,ALERT
555.9,0.3268,0.122,1.5,ALERT
555.933,0.2933,0.0999,2.07,ALERT
555.967,0.3328,0.0998,1.21,ALERT
556.0,0.3261,0.2091,-3.36,ALERT
556.033,0.315,0.1475,-2.18,ALERT
556.067,0.3031,0.1414,-1.12,ALERT
556.1,0.3,0.1649,-0.8,ALERT
556.133,0.3104,0.2135,1.09,ALERT
556.167,0.3177,0.2026,-2.3,ALERT
556.2,0.3002,0.0804,3.13,ALERT
556.233,0.3396,0.1356,-2.1,ALERT
556.267,0.3047,0.1806,-0.54,ALERT
556.3,0.296,0.082,2.8,ALERT
556.333,0.3046,0.1495,3.74,ALERT
556.367,0.289,0.1005,-1.83,ALERT
556.4,0.2882,0.1807,1.69,ALERT
556.433,0.3055,0.1546,-1.8,ALERT
556.467,0.2938,0.0912,-3.21,ALERT
556.5,0.2893,0.1312,-1.66,ALERT
556.533,0.286,0.1832,0.85,ALERT
556.567,0.2806,0.2058,3.74,ALERT
556.6,0.3069,0.1746,2.38,ALERT
556.633,0.2947,0.1186,-1.82,ALERT
556.667,0.3398,0.1981,1.07,ALERT
556.7,0.335,0.2119,-0.75,ALERT
556.733,0.3049,0.1287,1.6,ALERT
556.767,0.1527,0.2111,-1.11,ALERT
556.8,0.3139,0.1788,-0.1,ALERT
556.833,0.326,0.1882,3.61,ALERT
556.867,0.2874,0.2008,2.74,ALERT
556.9,0.3025,0.1279,-1.25,ALERT
556.933,0.313,0.1103,3.2,ALERT
556.967,0.3054,0.2148,-1.65,ALERT
557.0,0.3281,0.0935,0.7,ALERT
557.033,0.2903,0.1331,0.08,ALERT
557.067,0.3345,0.1596,-1.46,ALERT
557.1,0.3214,0.2006,0.61,ALERT
557.133,0.3052,0.0833,3.97,ALERT
557.167,0.325,0.1002,-3.38,ALERT
557.2,0.336,0.1463,-0.95,ALERT
557.233,0.3012,0.1831,2.06,ALERT
557.267,0.3161,0.0988,2.02,ALERT
557.3,0.3282,0.1904,-0.99,ALERT
557.333,0.3314,0.1547,-0.86,ALERT
557.367,0.3389,0.1649,-0.44,ALERT
557.4,0.3222,0.1257,-1.61,ALERT
557.433,0.2847,0.1003,2.69,ALERT
557.467,0.3107,0.2199,2.16,ALERT
557.5,0.3268,0.0938,-1.17,ALERT
557.533,0.294,0.1914,-1.9,ALERT
557.567,0.2804,0.1474,-3.43,ALERT
557.6,0.1676,0.1737,0.01,ALERT
557.633,0.3215,0.177,-3.32,ALERT
557.667,0.3118,0.1254,0.06,ALERT
557.7,0.2848,0.1166,-3.36,ALERT
557.733,0.3064,0.2018,-3.96,ALERT
557.767,0.3233,0.1393,-2.42,ALERT
557.8,0.2965,0.1524,-0.53,ALERT
557.833,0.3234,0.2196,-3.01,ALERT
557.867,0.3029,0.1346,-1.89,ALERT
557.9,0.3184,0.2085,2.75,ALERT
557.933,0.3009,0.1253,3.38,ALERT
557.967,0.287,0.0932,2.79,ALERT
558.0,0.2968,0.171,0.38,ALERT
558.033,0.2927,0.1498,-2.15,ALERT
558.067,0.3258,0.1718,3.19,ALERT
558.1,0.2866,0.1138,-3.75,ALERT
558.133,0.3366,0.1914,-1.64,ALERT
558.167,0.3193,0.1941,-2.65,ALERT
558.2,0.3008,0.1074,1.19,ALERT
558.233,0.3223,0.1804,0.9,ALERT
558.267,0.2979,0.1395,-0.85,ALERT
558.3,0.2996,0.1441,0.77,ALERT
558.333,0.331,0.1735,-0.57,ALERT
558.367,0.328,0.1274,-2.92,ALERT
558.4,0.2893,0.1562,-0.19,ALERT
558.433,0.1771,0.097,1.88,ALERT
558.467,0.3291,0.0929,2.9,ALERT
558.5,0.3191,0.1108,0.37,ALERT
558.533,0.3318,0.1982,-0.22,ALERT
558.567,0.3175,0.1792,0.05,ALERT
558.6,0.3033,0.1087,-2.16,ALERT
558.633,0.3267,0.1582,3.81,ALERT
558.667,0.2915,0.1207,-0.54,ALERT
558.7,0.3396,0.1027,-3.47,ALERT
558.733,0.3323,0.2174,-0.12,ALERT
558.767,0.3026,0.1394,2.5,ALERT
558.8,0.2938,0.2035,-1.48,ALERT
558.833,0.3202,0.1284,1.25,ALERT
558.867,0.3186,0.1983,2.18,ALERT
558.9,0.3035,0.0958,0.7,ALERT
558.933,0.2943,0.1195,-3.05,ALERT
558.967,0.3168,0.0973,-1.73,ALERT
559.0,0.3344,0.1254,-1.12,ALERT
559.033,0.3399,0.1859,-2.64,ALERT
559.067,0.3202,0.1232,-0.3,ALERT
559.1,0.2971,0.21,1.22,ALERT
559.133,0.3294,0.1175,-0.23,ALERT
559.167,0.3006,0.1013,1.92,ALERT
559.2,0.299,0.1502,-2.39,ALERT
559.233,0.2817,0.1309,-3.06,ALERT
559.267,0.3338,0.1629,-1.03,ALERT
559.3,0.3252,0.1242,2.34,ALERT
559.333,0.3387,0.1595,3.39,ALERT
559.367,0.3052,0.2054,1.94,ALERT
559.4,0.3131,0.1026,-2.64,ALERT
559.433,0.305,0.0965,-2.36,ALERT
559.467,0.3359,0.0924,0.29,ALERT
559.5,0.3261,0.155,3.42,ALERT
559.533,0.2944,0.15,-3.3,ALERT
559.567,0.3044,0.1518,3.31,ALERT
559.6,0.2992,0.1433,3.75,ALERT
559.633,0.3205,0.2081,1.83,ALERT
559.667,0.3046,0.1984,3.79,ALERT
559.7,0.2947,0.13,-2.45,ALERT
559.733,0.3099,0.1992,-3.71,ALERT
559.767,0.2819,0.1677,3.21,ALERT
559.8,0.2873,0.0974,-2.67,ALERT
559.833,0.3024,0.0897,0.64,ALERT
559.867,0.2917,0.1045,0.4,ALERT
559.9,0.3211,0.1004,3.02,ALERT
559.933,0.3296,0.1871,-3.82,ALERT
559.967,0.2855,0.1343,0.23,ALERT
560.0,0.3282,0.1723,-0.9,ALERT
560.033,0.3251,0.1941,0.84,ALERT
560.067,0.3298,0.1708,2.13,ALERT
560.1,0.3372,0.1121,1.06,ALERT
560.133,0.3042,0.1511,-1.11,ALERT
560.167,0.3294,0.1952,2.24,ALERT
560.2,0.2916,0.0986,1.62,ALERT
560.233,0.2943,0.1644,-1.45,ALERT
560.267,0.3369,0.1243,-2.7,ALERT
560.3,0.2877,0.1962,-3.13,ALERT
560.333,0.2823,0.1418,-1.07,ALERT
560.367,0.3393,0.1386,2.6,ALERT
560.4,0.3255,0.1222,1.9,ALERT
560.433,0.288,0.2166,1.49,ALERT
560.467,0.2807,0.137,2.32,ALERT
560.5,0.2934,0.1838,3.39,ALERT
560.533,0.2861,0.096,-1.23,ALERT
560.567,0.3143,0.1256,-2.63,ALERT
560.6,0.2824,0.1302,2.92,ALERT
560.633,0.3144,0.1416,-0.33,ALERT
560.667,0.3206,0.2089,-0.12,ALERT
560.7,0.2889,0.1777,-1.9,ALERT
560.733,0.3302,0.1019,3.54,ALERT
560.767,0.2907,0.174,-2.5,ALERT
560.8,0.3217,0.16,0.25,ALERT
560.833,0.3264,0.1577,3.35,ALERT
560.867,0.3129,0.1698,-2.58,ALERT
560.9,0.3251,0.1962,2.27,ALERT
560.933,0.3259,0.1265,3.72,ALERT
560.967,0.3295,0.1962,2.36,ALERT
561.0,0.2879,0.153,1.27,ALERT
561.033,0.3028,0.2085,2.63,ALERT
561.067,0.2941,0.0851,-0.06,ALERT
561.1,0.3062,0.1138,-3.15,ALERT
561.133,0.2824,0.1291,2.74,ALERT
561.167,0.306,0.1454,1.87,ALERT
561.2,0.3116,0.216,3.57,ALERT
561.233,0.3368,0.1848,-1.2,ALERT
561.267,0.3336,0.1209,0.72,ALERT
561.3,0.2917,0.2078,-2.18,ALERT
561.333,0.3059,0.2133,3.72,ALERT
561.367,0.3087,0.1035,1.01,ALERT
561.4,0.3198,0.0804,-1.64,ALERT
561.433,0.3285,0.2095,1.0,ALERT
561.467,0.3172,0.1976,0.04,ALERT
561.5,0.2864,0.2013,1.74,ALERT
561.533,0.3196,0.1926,1.46,ALERT
561.567,0.3004,0.0994,-3.58,ALERT
561.6,0.3058,0.1884,-3.09,ALERT
561.633,0.3038,0.1822,3.55,ALERT
561.667,0.3134,0.1183,1.28,ALERT
561.7,0.3031,0.0838,-3.83,ALERT
561.733,0.3045,0.151,-3.69,ALERT
561.767,0.3277,0.1462,-0.26,ALERT
561.8,0.3375,0.2141,-1.54,ALERT
561.833,0.3074,0.1556,3.26,ALERT
561.867,0.324,0.1839,2.9,ALERT
561.9,0.3388,0.1888,-1.73,ALERT
561.933,0.2861,0.2112,2.79,ALERT
561.967,0.3018,0.1246,0.75,ALERT
562.0,0.2918,0.1911,3.23,ALERT
562.033,0.2908,0.0912,-2.77,ALERT
562.067,0.3299,0.1167,3.61,ALERT
562.1,0.2848,0.1654,-2.78,ALERT
562.133,0.2986,0.1041,-0.24,ALERT
562.167,0.318,0.1962,2.39,ALERT
562.2,0.3163,0.1614,-3.97,ALERT
562.233,0.2985,0.1636,-2.2,ALERT
562.267,0.3357,0.1228,-2.44,ALERT
562.3,0.2928,0.1827,3.01,ALERT
562.333,0.3387,0.1603,-1.4,ALERT
562.367,0.296,0.2001,0.84,ALERT
562.4,0.3395,0.127,3.22,ALERT
562.433,0.3241,0.1156,-3.18,ALERT
562.467,0.3235,0.154,0.32,ALERT
562.5,0.3312,0.1446,1.26,ALERT
562.533,0.2848,0.1932,-2.63,ALERT
562.567,0.2924,0.1819,1.69,ALERT
562.6,0.3169,0.1604,-0.19,ALERT
562.633,0.2908,0.1831,0.3,ALERT
562.667,0.3169,0.0839,2.16,ALERT
562.7,0.2904,0.1878,-0.66,ALERT
562.733,0.3273,0.189,-2.71,ALERT
562.767,0.3275,0.1139,0.14,ALERT
562.8,0.3163,0.1718,-1.92,ALERT
562.833,0.3042,0.125,-3.16,ALERT
562.867,0.2869,0.0996,2.34,ALERT
562.9,0.3282,0.1779,-3.01,ALERT
562.933,0.3298,0.1827,-1.43,ALERT
562.967,0.3051,0.1996,-0.82,ALERT
563.0,0.3337,0.2028,-3.11,ALERT
563.033,0.3377,0.1074,-0.04,ALERT
563.067,0.3346,0.1946,-1.82,ALERT
563.1,0.2919,0.1985,2.29,ALERT
563.133,0.3246,0.1599,1.81,ALERT
563.167,0.2977,0.2089,-2.36,ALERT
563.2,0.3192,0.1582,-0.64,ALERT
563.233,0.3298,0.1733,2.6,ALERT
563.267,0.2975,0.1745,-1.85,ALERT
563.3,0.3261,0.1509,-1.74,ALERT
563.333,0.3341,0.202,3.91,ALERT
563.367,0.3359,0.0948,-1.54,ALERT
563.4,0.3208,0.1092,-3.04,ALERT
563.433,0.3381,0.0908,3.86,ALERT
563.467,0.3061,0.1914,-2.54,ALERT
563.5,0.3251,0.1875,1.94,ALERT
563.533,0.2953,0.1969,3.09,ALERT
563.567,0.3248,0.1949,-3.61,ALERT
563.6,0.2964,0.1873,2.53,ALERT
563.633,0.2969,0.1097,0.66,ALERT
563.667,0.31,0.2133,-2.05,ALERT
563.7,0.3054,0.214,2.12,ALERT
563.733,0.31,0.2084,-0.17,ALERT
563.767,0.2889,0.1775,-1.07,ALERT
563.8,0.3003,0.2143,-3.13,ALERT
563.833,0.2919,0.2154,2.72,ALERT
563.867,0.3164,0.2154,0.59,ALERT
563.9,0.2945,0.1914,-1.31,ALERT
563.933,0.2874,0.0994,2.98,ALERT
563.967,0.2875,0.1324,-0.57,ALERT
564.0,0.3109,0.142,-2.2,ALERT
564.033,0.2924,0.1777,0.6,ALERT
564.067,0.281,0.1703,3.12,ALERT
564.1,0.2973,0.1481,1.74,ALERT
564.133,0.2889,0.158,-2.76,ALERT
564.167,0.3046,0.1455,1.81,ALERT
564.2,0.1265,0.1243,-2.72,ALERT
564.233,0.3396,0.2187,1.66,ALERT
564.267,0.2945,0.2068,-0.27,ALERT
564.3,0.2856,0.0814,1.21,ALERT
564.333,0.3234,0.2055,0.89,ALERT
564.367,0.3003,0.1527,3.74,ALERT
564.4,0.3377,0.209,-2.07,ALERT
564.433,0.3308,0.1599,-3.53,ALERT
564.467,0.3389,0.1283,1.6,ALERT
564.5,0.3212,0.1897,1.05,ALERT
564.533,0.3277,0.083,-3.26,ALERT
564.567,0.315,0.0919,0.59,ALERT
564.6,0.324,0.1308,-3.56,ALERT
564.633,0.3354,0.2044,-0.9,ALERT
564.667,0.3037,0.1662,-0.72,ALERT
564.7,0.2948,0.1577,2.25,ALERT
564.733,0.2928,0.0966,-1.37,ALERT
564.767,0.3123,0.1517,-2.8,ALERT
564.8,0.2969,0.1714,-2.74,ALERT
564.833,0.2858,0.2018,3.53,ALERT
564.867,0.3103,0.1557,1.47,ALERT
564.9,0.3132,0.1519,-2.33,ALERT
564.933,0.2822,0.1136,-3.87,ALERT
564.967,0.3254,0.1143,-2.09,ALERT
565.0,0.3158,0.1808,-1.96,ALERT
565.033,0.3101,0.2043,1.0,ALERT
565.067,0.2881,0.0909,3.81,ALERT
565.1,0.3012,0.1934,-0.83,ALERT
565.133,0.3341,0.1692,2.38,ALERT
565.167,0.1419,0.1056,3.79,ALERT
565.2,0.3034,0.1733,1.56,ALERT
565.233,0.3151,0.0917,-3.87,ALERT
565.267,0.3022,0.0997,2.92,ALERT
565.3,0.2887,0.0942,-0.15,ALERT
565.333,0.3227,0.1014,-3.98,ALERT
565.367,0.2808,0.1877,3.26,ALERT
565.4,0.3388,0.1587,3.01,ALERT
565.433,0.3042,0.1732,3.44,ALERT
565.467,0.316,0.0855,-1.88,ALERT
565.5,0.3049,0.1731,3.61,ALERT
565.533,0.3214,0.1799,-3.69,ALERT
565.567,0.2821,0.1603,-0.54,ALERT
565.6,0.3292,0.0804,-3.79,ALERT
565.633,0.306,0.1607,3.82,ALERT
565.667,0.3326,0.1954,3.71,ALERT
565.7,0.3277,0.1958,-1.09,ALERT
565.733,0.3303,0.0822,0.87,ALERT
565.767,0.3366,0.1818,-3.06,ALERT
565.8,0.335,0.127,3.03,ALERT
565.833,0.3062,0.1046,-1.66,ALERT
565.867,0.3088,0.0865,-2.02,ALERT
565.9,0.3162,0.1799,-2.66,ALERT
565.933,0.3297,0.1071,-2.21,ALERT
565.967,0.315,0.1557,3.92,ALERT
566.0,0.3123,0.2021,-2.73,ALERT
566.033,0.2863,0.1197,2.8,ALERT
566.067,0.3078,0.155,-3.38,ALERT
566.1,0.3167,0.1543,0.03,ALERT
566.133,0.3117,0.1838,-1.13,ALERT
566.167,0.3339,0.2167,0.29,ALERT
566.2,0.3069,0.1872,-0.17,ALERT
566.233,0.2905,0.1081,-0.82,ALERT
566.267,0.3383,0.1162,-1.34,ALERT
566.3,0.3054,0.2084,-0.8,ALERT
566.333,0.2888,0.0946,-3.72,ALERT
566.367,0.2931,0.0895,1.24,ALERT
566.4,0.3101,0.091,1.57,ALERT
566.433,0.3276,0.1458,-2.46,ALERT
566.467,0.3265,0.1496,0.5,ALERT
566.5,0.2803,0.2167,0.96,ALERT
566.533,0.2976,0.1891,-2.68,ALERT
566.567,0.3207,0.1314,-2.11,ALERT
566.6,0.3235,0.146,3.39,ALERT
566.633,0.3093,0.1061,1.1,ALERT
566.667,0.325,0.1314,2.2,ALERT
566.7,0.3107,0.0875,2.57,ALERT
566.733,0.3365,0.1137,0.53,ALERT
566.767,0.2999,0.1541,1.82,ALERT
566.8,0.2908,0.0882,0.79,ALERT
566.833,0.156,0.1404,1.19,ALERT
566.867,0.2818,0.1098,3.62,ALERT
566.9,0.3112,0.1993,1.03,ALERT
566.933,0.3201,0.1544,-1.75,ALERT
566.967,0.3198,0.093,-3.45,ALERT
567.0,0.3068,0.1191,-3.75,ALERT
567.033,0.3112,0.083,1.88,ALERT
567.067,0.2859,0.2075,3.05,ALERT
567.1,0.3188,0.146,0.92,ALERT
567.133,0.3311,0.0958,-0.87,ALERT
567.167,0.2965,0.1467,-1.46,ALERT
567.2,0.3262,0.0831,-3.16,ALERT
567.233,0.3038,0.0906,2.86,ALERT
567.267,0.2995,0.1331,-1.55,ALERT
567.3,0.3156,0.0995,1.09,ALERT
567.333,0.3004,0.1963,-0.39,ALERT
567.367,0.328,0.1337,0.87,ALERT
567.4,0.3291,0.2143,2.84,ALERT
567.433,0.3007,0.1546,-3.89,ALERT
567.467,0.3253,0.0894,2.62,ALERT
567.5,0.3079,0.0903,3.16,ALERT
567.533,0.2999,0.2034,-0.97,ALERT
567.567,0.334,0.2039,0.27,ALERT
567.6,0.3095,0.2088,-3.25,ALERT
567.633,0.2875,0.1109,2.47,ALERT
567.667,0.3174,0.0813,2.16,ALERT
567.7,0.3351,0.1514,1.35,ALERT
567.733,0.3279,0.1521,1.33,ALERT
567.767,0.325,0.1006,-2.77,ALERT
567.8,0.3071,0.1793,-0.13,ALERT
567.833,0.321,0.1499,-0.28,ALERT
567.867,0.2947,0.2116,-2.35,ALERT
567.9,0.3216,0.1454,2.43,ALERT
567.933,0.3095,0.1719,-3.77,ALERT
567.967,0.2942,0.1646,-1.54,ALERT
568.0,0.3075,0.0938,-1.73,ALERT
568.033,0.297,0.1279,1.46,ALERT
568.067,0.3383,0.0883,-3.44,ALERT
568.1,0.3234,0.164,-1.36,ALERT
568.133,0.2917,0.1754,2.48,ALERT
568.167,0.3128,0.0809,-2.97,ALERT
568.2,0.3201,0.0876,-2.11,ALERT
568.233,0.315,0.0868,-1.36,ALERT
568.267,0.2834,0.1555,-3.98,ALERT
568.3,0.3369,0.2168,0.58,ALERT
568.333,0.3036,0.1337,0.74,ALERT
568.367,0.337,0.1225,-2.11,ALERT
568.4,0.3028,0.1392,1.41,ALERT
568.433,0.3174,0.204,2.64,ALERT
568.467,0.2814,0.1514,-0.15,ALERT
568.5,0.2901,0.2099,-1.57,ALERT
568.533,0.2953,0.1494,-0.46,ALERT
568.567,0.2831,0.1652,1.68,ALERT
568.6,0.3122,0.1813,-0.1,ALERT
568.633,0.3097,0.1575,2.01,ALERT
568.667,0.2999,0.0907,0.29,ALERT
568.7,0.304,0.0861,-1.38,ALERT
568.733,0.3081,0.1172,-2.32,ALERT
568.767,0.3362,0.1824,-3.04,ALERT
568.8,0.2896,0.2007,2.2,ALERT
568.833,0.3272,0.0974,-1.57,ALERT
568.867,0.2814,0.1374,-1.83,ALERT
568.9,0.3218,0.2037,2.25,ALERT
568.933,0.3214,0.1872,-3.02,ALERT
568.967,0.3301,0.1673,3.59,ALERT
569.0,0.3264,0.1157,-3.03,ALERT
569.033,0.2889,0.1254,-1.0,ALERT
569.067,0.3024,0.1128,-3.99,ALERT
569.1,0.2856,0.1418,2.39,ALERT
569.133,0.2954,0.2006,-1.75,ALERT
569.167,0.3147,0.2025,0.06,ALERT
569.2,0.3391,0.1648,1.42,ALERT
569.233,0.3264,0.1454,-0.86,ALERT
569.267,0.3341,0.0836,-2.99,ALERT
569.3,0.3301,0.1997,-0.01,ALERT
569.333,0.2877,0.1721,-1.07,ALERT
569.367,0.2986,0.1731,-0.07,ALERT
569.4,0.2947,0.2126,2.73,ALERT
569.433,0.2943,0.1866,-1.82,ALERT
569.467,0.283,0.1642,-1.24,ALERT
569.5,0.2849,0.1566,1.21,ALERT
569.533,0.3186,0.1347,1.33,ALERT
569.567,0.3152,0.0913,0.76,ALERT
569.6,0.2846,0.0819,-3.5,ALERT
569.633,0.2947,0.1575,3.52,ALERT
569.667,0.3273,0.1542,3.72,ALERT
569.7,0.3161,0.1147,-3.79,ALERT
569.733,0.2822,0.1738,-0.77,ALERT
569.767,0.3259,0.1944,-3.31,ALERT
569.8,0.3354,0.1721,-1.28,ALERT
569.833,0.2942,0.1588,-0.14,ALERT
569.867,0.2892,0.1764,3.35,ALERT
569.9,0.3019,0.1228,3.26,ALERT
569.933,0.3283,0.1548,3.59,ALERT
569.967,0.3128,0.1043,-2.46,ALERT
570.0,0.3313,0.2004,2.71,ALERT
570.033,0.336,0.0977,3.59,ALERT
570.067,0.3171,0.1633,1.13,ALERT
570.1,0.327,0.1527,2.44,ALERT
570.133,0.294,0.1603,-0.79,ALERT
570.167,0.3073,0.2106,3.25,ALERT
570.2,0.289,0.1481,-2.56,ALERT
570.233,0.3085,0.0811,3.88,ALERT
570.267,0.3064,0.1136,-1.92,ALERT
570.3,0.3055,0.1092,2.88,ALERT
570.333,0.3048,0.147,-3.63,ALERT
570.367,0.3043,0.1874,0.01,ALERT
570.4,0.3269,0.1323,3.21,ALERT
570.433,0.2887,0.1342,-0.47,ALERT
570.467,0.2948,0.1671,-1.62,ALERT
570.5,0.3374,0.0934,2.51,ALERT
570.533,0.3352,0.1867,-3.18,ALERT
570.567,0.3169,0.177,3.01,ALERT
570.6,0.3225,0.0963,-3.17,ALERT
570.633,0.1763,0.2043,-2.31,ALERT
570.667,0.2976,0.0833,-2.1,ALERT
570.7,0.2852,0.2002,-2.8,ALERT
570.733,0.2966,0.1614,3.35,ALERT
570.767,0.3004,0.189,2.08,ALERT
570.8,0.3074,0.2197,2.57,ALERT
570.833,0.2818,0.1915,-1.27,ALERT
570.867,0.2872,0.1161,-0.21,ALERT
570.9,0.2868,0.2196,2.46,ALERT
570.933,0.3099,0.177,-2.08,ALERT
570.967,0.285,0.1009,-2.76,ALERT
571.0,0.1577,0.1847,2.38,ALERT
571.033,0.3296,0.2085,0.86,ALERT
571.067,0.2895,0.0812,3.68,ALERT
571.1,0.3111,0.1019,2.44,ALERT
571.133,0.3071,0.1809,-2.75,ALERT
571.167,0.3143,0.1055,-1.59,ALERT
571.2,0.3253,0.1488,-2.32,ALERT
571.233,0.3116,0.1252,-1.58,ALERT
571.267,0.2943,0.1717,-2.14,ALERT
571.3,0.3259,0.1187,-0.23,ALERT
571.333,0.3144,0.1009,1.96,ALERT
571.367,0.3399,0.0808,-2.26,ALERT
571.4,0.3014,0.1192,2.3,ALERT
571.433,0.2991,0.1345,0.07,ALERT
571.467,0.2922,0.212,-0.28,ALERT
571.5,0.3186,0.1745,-3.23,ALERT
571.533,0.3011,0.1341,2.66,ALERT
571.567,0.3027,0.1383,-3.01,ALERT
571.6,0.3353,0.1757,2.5,ALERT
571.633,0.2959,0.1231,-2.6,ALERT
571.667,0.3376,0.1835,2.54,ALERT
571.7,0.2865,0.145,2.87,ALERT
571.733,0.2891,0.0813,2.1,ALERT
571.767,0.3242,0.1166,-3.49,ALERT
571.8,0.2851,0.0989,-2.97,ALERT
571.833,0.3167,0.1933,-0.29,ALERT
571.867,0.3242,0.1488,2.49,ALERT
571.9,0.337,0.0849,-3.41,ALERT
571.933,0.3353,0.2033,-3.56,ALERT
571.967,0.3399,0.0904,1.17,ALERT
572.0,0.3187,0.128,1.83,ALERT
572.033,0.3359,0.1585,-1.65,ALERT
572.067,0.2922,0.1685,0.83,ALERT
572.1,0.2959,0.1315,2.85,ALERT
572.133,0.3374,0.1103,1.36,ALERT
572.167,0.2916,0.1706,1.29,ALERT
572.2,0.3122,0.2002,-0.25,ALERT
572.233,0.313,0.1019,-0.24,ALERT
572.267,0.2876,0.2178,-1.55,ALERT
572.3,0.3085,0.0921,-2.89,ALERT
572.333,0.2966,0.1199,0.32,ALERT
572.367,0.3187,0.1512,2.76,ALERT
572.4,0.297,0.1132,-0.29,ALERT
572.433,0.3081,0.1585,3.09,ALERT
572.467,0.3055,0.1589,-1.74,ALERT
572.5,0.28,0.158,-1.54,ALERT
572.533,0.2922,0.208,-0.21,ALERT
572.567,0.3094,0.1198,0.38,ALERT
572.6,0.3088,0.0971,-1.67,ALERT
572.633,0.1727,0.1978,0.73,ALERT
572.667,0.3371,0.1932,1.22,ALERT
572.7,0.2916,0.2067,-3.19,ALERT
572.733,0.3211,0.1583,3.45,ALERT
572.767,0.3021,0.1621,2.61,ALERT
572.8,0.3103,0.092,2.39,ALERT
572.833,0.3377,0.2141,2.16,ALERT
572.867,0.3005,0.1379,-0.38,ALERT
572.9,0.3385,0.1658,3.98,ALERT
572.933,0.2904,0.1752,-3.61,ALERT
572.967,0.302,0.1412,0.64,ALERT
573.0,0.3155,0.2153,0.66,ALERT
573.033,0.3397,0.1857,0.23,ALERT
573.067,0.3151,0.1379,-1.81,ALERT
573.1,0.3206,0.1955,-0.08,ALERT
573.133,0.2973,0.1309,-1.82,ALERT
573.167,0.2972,0.2173,0.95,ALERT
573.2,0.3299,0.0886,1.61,ALERT
573.233,0.3369,0.1894,3.65,ALERT
573.267,0.3217,0.205,3.15,ALERT
573.3,0.2867,0.1995,-1.24,ALERT
573.333,0.3003,0.2166,1.33,ALERT
573.367,0.3364,0.1939,1.99,ALERT
573.4,0.3268,0.1922,3.36,ALERT
573.433,0.2973,0.102,-1.23,ALERT
573.467,0.2856,0.2126,3.98,ALERT
573.5,0.3078,0.095,0.4,ALERT
573.533,0.303,0.1563,3.76,ALERT
573.567,0.3229,0.0882,-0.54,ALERT
573.6,0.3077,0.0892,-1.27,ALERT
573.633,0.3171,0.1938,2.47,ALERT
573.667,0.306,0.1122,2.61,ALERT
573.7,0.2934,0.168,1.52,ALERT
573.733,0.3385,0.1566,-1.5,ALERT
573.767,0.3095,0.1215,3.84,ALERT
573.8,0.2847,0.0965,-0.83,ALERT
573.833,0.3278,0.1629,-3.7,ALERT
573.867,0.3191,0.1695,-1.56,ALERT
573.9,0.336,0.216,3.32,ALERT
573.933,0.3156,0.1154,-3.76,ALERT
573.967,0.303,0.1612,0.73,ALERT
574.0,0.3311,0.1296,2.45,ALERT
574.033,0.3297,0.1345,-0.75,ALERT
574.067,0.3114,0.1715,-3.16,ALERT
574.1,0.3153,0.1307,1.75,ALERT
574.133,0.3212,0.1389,-3.43,ALERT
574.167,0.3378,0.1698,-3.73,ALERT
574.2,0.3172,0.1326,-2.93,ALERT
574.233,0.3068,0.1495,-0.43,ALERT
574.267,0.2846,0.1305,-0.04,ALERT
574.3,0.3025,0.1136,0.71,ALERT
574.333,0.3379,0.1995,1.58,ALERT
574.367,0.3025,0.2189,0.58,ALERT
574.4,0.2819,0.1132,1.67,ALERT
574.433,0.3219,0.1851,-0.54,ALERT
574.467,0.3149,0.0889,2.8,ALERT
574.5,0.2841,0.107,-1.59,ALERT
574.533,0.2825,0.0845,3.69,ALERT
574.567,0.3196,0.204,-3.4,ALERT
574.6,0.328,0.1842,-0.66,ALERT
574.633,0.3386,0.2001,-2.84,ALERT
574.667,0.3243,0.163,-2.97,ALERT
574.7,0.3368,0.1267,1.24,ALERT
574.733,0.328,0.197,2.82,ALERT
574.767,0.2864,0.0827,0.82,ALERT
574.8,0.2982,0.1141,-2.17,ALERT
574.833,0.2825,0.1746,2.69,ALERT
574.867,0.3183,0.0865,2.75,ALERT
574.9,0.3289,0.1035,0.62,ALERT
574.933,0.2935,0.2033,-3.74,ALERT
574.967,0.316,0.1663,1.58,ALERT
575.0,0.3009,0.1099,1.59,ALERT
575.033,0.3264,0.1048,2.79,ALERT
575.067,0.3354,0.1955,-0.92,ALERT
575.1,0.3001,0.1751,-3.96,ALERT
575.133,0.337,0.2148,-2.64,ALERT
575.167,0.3338,0.1752,-0.02,ALERT
575.2,0.2844,0.0921,-2.32,ALERT
575.233,0.3279,0.2017,0.72,ALERT
575.267,0.2823,0.1505,3.71,ALERT
575.3,0.3377,0.0968,-1.24,ALERT
575.333,0.3334,0.2128,3.37,ALERT
575.367,0.2895,0.1855,3.72,ALERT
575.4,0.3023,0.2163,-1.9,ALERT
575.433,0.2934,0.2027,-2.74,ALERT
575.467,0.3275,0.1357,-2.53,ALERT
575.5,0.3289,0.2009,-2.54,ALERT
575.533,0.2905,0.1871,-0.57,ALERT
575.567,0.2875,0.2119,-0.63,ALERT
575.6,0.3116,0.1627,-2.08,ALERT
575.633,0.2849,0.1959,-0.74,ALERT
575.667,0.2827,0.0947,0.89,ALERT
575.7,0.305,0.2189,-0.85,ALERT
575.733,0.2804,0.1578,2.53,ALERT
575.767,0.2966,0.1267,1.99,ALERT
575.8,0.3177,0.2174,-2.78,ALERT
575.833,0.3381,0.1121,-2.61,ALERT
575.867,0.298,0.095,0.09,ALERT
575.9,0.2848,0.1103,-0.86,ALERT
575.933,0.3337,0.1494,-0.91,ALERT
575.967,0.2874,0.0821,-2.72,ALERT
576.0,0.2879,0.0906,-3.45,ALERT
576.033,0.2826,0.2092,-0.58,ALERT
576.067,0.289,0.1523,-3.24,ALERT
576.1,0.3311,0.0824,-0.1,ALERT
576.133,0.2928,0.1198,-1.94,ALERT
576.167,0.2997,0.1432,3.03,ALERT
576.2,0.3301,0.1809,3.6,ALERT
576.233,0.3323,0.2175,-1.81,ALERT
576.267,0.3373,0.2026,1.33,ALERT
576.3,0.2837,0.1455,3.53,ALERT
576.333,0.3017,0.1455,1.01,ALERT
576.367,0.2874,0.0874,-3.14,ALERT
576.4,0.3186,0.0922,0.94,ALERT
576.433,0.3292,0.1189,-3.29,ALERT
576.467,0.326,0.1204,3.85,ALERT
576.5,0.3237,0.1836,-0.65,ALERT
576.533,0.2889,0.1803,3.26,ALERT
576.567,0.2849,0.1912,3.19,ALERT
576.6,0.2884,0.1014,2.76,ALERT
576.633,0.2827,0.1674,3.49,ALERT
576.667,0.3036,0.1273,0.46,ALERT
576.7,0.3142,0.0952,0.62,ALERT
576.733,0.3333,0.132,-0.66,ALERT
576.767,0.2901,0.1625,-2.73,ALERT
576.8,0.3083,0.1993,2.12,ALERT
576.833,0.3192,0.1364,2.34,ALERT
576.867,0.3031,0.1453,-2.35,ALERT
576.9,0.2845,0.0953,-0.35,ALERT
576.933,0.3328,0.1063,2.82,ALERT
576.967,0.2945,0.0972,0.67,ALERT
577.0,0.3205,0.2145,3.39,ALERT
577.033,0.3104,0.2192,-2.34,ALERT
577.067,0.2866,0.1457,2.64,ALERT
577.1,0.3074,0.1789,-0.75,ALERT
577.133,0.3347,0.1928,-2.17,ALERT
577.167,0.3228,0.0859,2.82,ALERT
577.2,0.3241,0.1416,0.77,ALERT
577.233,0.2891,0.2115,-1.63,ALERT
577.267,0.3259,0.1246,3.57,ALERT
577.3,0.3318,0.104,-0.29,ALERT
577.333,0.3016,0.1027,-1.51,ALERT
577.367,0.298,0.2016,-3.35,ALERT
577.4,0.3113,0.2019,-0.23,ALERT
577.433,0.3018,0.1999,0.4,ALERT
577.467,0.3373,0.18,1.97,ALERT
577.5,0.282,0.1366,-3.49,ALERT
577.533,0.3275,0.2127,-0.98,ALERT
577.567,0.2898,0.1479,1.06,ALERT
577.6,0.3023,0.2103,2.05,ALERT
577.633,0.2971,0.2147,0.25,ALERT
577.667,0.2912,0.1014,-0.46,ALERT
577.7,0.3314,0.21,-2.31,ALERT
577.733,0.333,0.129,-3.54,ALERT
577.767,0.3037,0.1621,-0.1,ALERT
577.8,0.3144,0.1583,-3.79,ALERT
577.833,0.2864,0.1692,0.87,ALERT
577.867,0.3019,0.1062,-2.89,ALERT
577.9,0.3212,0.1942,-2.1,ALERT
577.933,0.3008,0.1805,0.71,ALERT
577.967,0.2868,0.2054,-2.69,ALERT
578.0,0.3325,0.1551,3.58,ALERT
578.033,0.2984,0.0885,3.67,ALERT
578.067,0.3376,0.1194,-1.44,ALERT
578.1,0.3244,0.2026,-0.7,ALERT
578.133,0.3393,0.1653,3.91,ALERT
578.167,0.3258,0.1442,-1.0,ALERT
578.2,0.2988,0.1677,-1.86,ALERT
578.233,0.3001,0.1957,-3.4,ALERT
578.267,0.3002,0.1384,2.83,ALERT
578.3,0.3276,0.0926,2.2,ALERT
578.333,0.3216,0.1236,-0.06,ALERT
578.367,0.3114,0.1035,3.23,ALERT
578.4,0.3186,0.144,-3.51,ALERT
578.433,0.3304,0.1173,1.55,ALERT
578.467,0.3325,0.2189,-0.01,ALERT
578.5,0.3015,0.1051,-1.15,ALERT
578.533,0.3129,0.0828,3.04,ALERT
578.567,0.3094,0.2075,2.29,ALERT
578.6,0.2897,0.1323,1.22,ALERT
578.633,0.3009,0.1704,2.73,ALERT
578.667,0.3094,0.2007,2.45,ALERT
578.7,0.2997,0.188,0.04,ALERT
578.733,0.3207,0.2119,-0.66,ALERT
578.767,0.3378,0.1101,-1.07,ALERT
578.8,0.2991,0.1178,2.58,ALERT
578.833,0.3282,0.216,1.68,ALERT
578.867,0.3128,0.1339,0.67,ALERT
578.9,0.2925,0.1792,2.29,ALERT
578.933,0.3288,0.1678,2.32,ALERT
578.967,0.3354,0.0981,3.88,ALERT
579.0,0.2962,0.1597,2.12,ALERT
579.033,0.2965,0.09,1.51,ALERT
579.067,0.3136,0.1758,-3.21,ALERT
579.1,0.2972,0.213,2.7,ALERT
579.133,0.3067,0.0906,-2.67,ALERT
579.167,0.1248,0.1245,1.85,ALERT
579.2,0.3278,0.1407,3.37,ALERT
579.233,0.2997,0.0952,-1.89,ALERT
579.267,0.285,0.1627,2.85,ALERT
579.3,0.3397,0.2017,-0.24,ALERT
579.333,0.3296,0.0831,-0.49,ALERT
579.367,0.2893,0.1714,3.07,ALERT
579.4,0.2841,0.1939,-0.25,ALERT
579.433,0.3202,0.1397,-2.25,ALERT
579.467,0.2843,0.0905,-3.61,ALERT
579.5,0.2807,0.12,3.71,ALERT
579.533,0.2998,0.1164,-2.74,ALERT
579.567,0.3388,0.1608,1.51,ALERT
579.6,0.2883,0.1104,3.0,ALERT
579.633,0.316,0.1784,2.64,ALERT
579.667,0.2933,0.143,0.88,ALERT
579.7,0.3351,0.1254,-0.76,ALERT
579.733,0.3251,0.1602,-3.45,ALERT
579.767,0.3086,0.0843,-1.28,ALERT
579.8,0.2979,0.1859,3.64,ALERT
579.833,0.2881,0.0993,-2.31,ALERT
579.867,0.3007,0.1987,-1.36,ALERT
579.9,0.2874,0.195,1.07,ALERT
579.933,0.3301,0.1687,2.26,ALERT
579.967,0.2992,0.116,-2.79,ALERT
580.0,0.312,0.1116,-2.27,ALERT
580.033,0.3026,0.1646,3.94,ALERT
580.067,0.3264,0.1549,2.6,ALERT
580.1,0.3172,0.1245,2.39,ALERT
580.133,0.3386,0.0978,1.09,ALERT
580.167,0.3164,0.2137,-2.87,ALERT
580.2,0.325,0.1893,-0.55,ALERT
580.233,0.2868,0.2162,-3.87,ALERT
580.267,0.3049,0.1902,-1.27,ALERT
580.3,0.3179,0.188,-1.5,ALERT
580.333,0.1207,0.091,2.73,ALERT
580.367,0.3218,0.1381,-3.58,ALERT
580.4,0.2979,0.1073,-3.47,ALERT
580.433,0.301,0.0979,1.95,ALERT
580.467,0.3294,0.1964,-3.84,ALERT
580.5,0.3156,0.1592,-1.73,ALERT
580.533,0.3047,0.1083,2.59,ALERT
580.567,0.2981,0.1463,-3.82,ALERT
580.6,0.3326,0.1357,2.05,ALERT
580.633,0.3262,0.2196,-1.19,ALERT
580.667,0.3133,0.0906,-0.47,ALERT
580.7,0.3325,0.2033,-1.61,ALERT
580.733,0.3244,0.1304,-3.03,ALERT
580.767,0.299,0.1445,3.27,ALERT
580.8,0.3038,0.0801,-2.54,ALERT
580.833,0.2821,0.1511,1.24,ALERT
580.867,0.3116,0.1216,0.74,ALERT
580.9,0.3116,0.1025,-2.26,ALERT
580.933,0.2818,0.1827,-3.08,ALERT
580.967,0.3359,0.0984,1.4,ALERT
581.0,0.3222,0.1598,1.52,ALERT
581.033,0.3316,0.1348,-1.38,ALERT
581.067,0.2996,0.1783,2.14,ALERT
581.1,0.3318,0.1537,0.88,ALERT
581.133,0.297,0.0909,0.68,ALERT
581.167,0.3352,0.1342,-0.55,ALERT
581.2,0.323,0.1986,-2.95,ALERT
581.233,0.2827,0.193,0.04,ALERT
581.267,0.3068,0.1274,2.64,ALERT
581.3,0.2898,0.1522,0.69,ALERT
581.333,0.3293,0.1162,1.44,ALERT
581.367,0.3242,0.1483,-3.74,ALERT
581.4,0.3385,0.0908,1.4,ALERT
581.433,0.2885,0.1273,1.17,ALERT
581.467,0.3,0.1391,-1.02,ALERT
581.5,0.3318,0.1016,-1.0,ALERT
581.533,0.2914,0.1887,2.37,ALERT
581.567,0.3077,0.112,-2.19,ALERT
581.6,0.316,0.1251,1.79,ALERT
581.633,0.3056,0.1009,2.64,ALERT
581.667,0.3048,0.0975,-1.73,ALERT
581.7,0.2803,0.1664,-3.65,ALERT
581.733,0.3248,0.1603,-0.41,ALERT
581.767,0.297,0.149,3.04,ALERT
581.8,0.3126,0.1978,2.9,ALERT
581.833,0.2918,0.1434,3.64,ALERT
581.867,0.2988,0.1177,-3.81,ALERT
581.9,0.2828,0.1265,-1.09,ALERT
581.933,0.3126,0.0874,3.17,ALERT
581.967,0.3399,0.1636,0.5,ALERT
582.0,0.292,0.1547,3.28,ALERT
582.033,0.2929,0.1716,-2.28,ALERT
582.067,0.3089,0.1817,-0.69,ALERT
582.1,0.1273,0.2032,0.33,ALERT
582.133,0.3278,0.1871,-0.45,ALERT
582.167,0.3124,0.104,0.19,ALERT
582.2,0.2966,0.1431,-2.11,ALERT
582.233,0.3028,0.2175,-1.18,ALERT
582.267,0.2813,0.1424,-0.89,ALERT
582.3,0.3372,0.1178,3.93,ALERT
582.333,0.2995,0.0906,3.04,ALERT
582.367,0.3177,0.1893,3.37,ALERT
582.4,0.2852,0.1886,0.21,ALERT
582.433,0.2842,0.1582,3.75,ALERT
582.467,0.3096,0.1862,-2.69,ALERT
582.5,0.291,0.1189,2.93,ALERT
582.533,0.3216,0.0895,-2.79,ALERT
582.567,0.3263,0.1768,3.86,ALERT
582.6,0.2903,0.1554,3.29,ALERT
582.633,0.3027,0.1336,1.89,ALERT
582.667,0.2918,0.1125,-3.49,ALERT
582.7,0.325,0.1237,-3.72,ALERT
582.733,0.3092,0.1269,2.07,ALERT
582.767,0.3005,0.1151,-0.6,ALERT
582.8,0.3034,0.216,-1.47,ALERT
582.833,0.3191,0.1925,1.48,ALERT
582.867,0.2889,0.2047,3.3,ALERT
582.9,0.3109,0.1421,-3.41,ALERT
582.933,0.2965,0.108,1.04,ALERT
582.967,0.3028,0.1075,-0.07,ALERT
583.0,0.3057,0.1796,3.96,ALERT
583.033,0.3288,0.1093,-2.81,ALERT
583.067,0.2891,0.2086,2.14,ALERT
583.1,0.2913,0.0906,1.09,ALERT
583.133,0.3144,0.1642,-0.22,ALERT
583.167,0.3138,0.2128,3.71,ALERT
583.2,0.3217,0.1689,-0.07,ALERT
583.233,0.3039,0.1754,-3.96,ALERT
583.267,0.2858,0.1845,-3.95,ALERT
583.3,0.3188,0.2016,-0.35,ALERT
583.333,0.2902,0.1698,-3.42,ALERT
583.367,0.3017,0.1354,-1.0,ALERT
583.4,0.3058,0.1534,0.8,ALERT
583.433,0.2961,0.0847,2.64,ALERT
583.467,0.3325,0.1341,2.2,ALERT
583.5,0.3153,0.0839,1.39,ALERT
583.533,0.3357,0.147,3.44,ALERT
583.567,0.2869,0.1953,0.06,ALERT
583.6,0.2826,0.1252,3.82,ALERT
583.633,0.3066,0.0831,2.43,ALERT
583.667,0.3318,0.1924,0.98,ALERT
583.7,0.2821,0.1816,-4.0,ALERT
583.733,0.301,0.1901,-3.77,ALERT
583.767,0.3393,0.115,3.25,ALERT
583.8,0.3057,0.1661,-3.91,ALERT
583.833,0.3291,0.1457,3.21,ALERT
583.867,0.2946,0.2193,-2.06,ALERT
583.9,0.2906,0.2182,0.17,ALERT
583.933,0.2863,0.1506,2.46,ALERT
583.967,0.3122,0.1368,-1.62,ALERT
584.0,0.3295,0.1826,-1.8,ALERT
584.033,0.1602,0.1249,0.39,ALERT
584.067,0.3331,0.1755,-3.21,ALERT
584.1,0.328,0.0953,3.71,ALERT
584.133,0.282,0.201,0.28,ALERT
584.167,0.3264,0.127,-1.28,ALERT
584.2,0.2841,0.217,2.45,ALERT
584.233,0.3106,0.1983,-0.3,ALERT
584.267,0.2934,0.1337,3.33,ALERT
584.3,0.3243,0.1916,2.32,ALERT
584.333,0.321,0.2132,-1.21,ALERT
584.367,0.3217,0.1267,0.25,ALERT
584.4,0.2822,0.1912,2.93,ALERT
584.433,0.3097,0.1429,0.22,ALERT
584.467,0.3172,0.1312,1.23,ALERT
584.5,0.2862,0.0913,-3.55,ALERT
584.533,0.338,0.1485,-3.9,ALERT
584.567,0.3132,0.1071,-2.28,ALERT
584.6,0.2807,0.1527,-0.82,ALERT
584.633,0.3039,0.1847,-1.85,ALERT
584.667,0.3324,0.2195,-1.55,ALERT
584.7,0.3061,0.2033,1.24,ALERT
584.733,0.153,0.0974,-3.06,ALERT
584.767,0.3199,0.1691,-1.62,ALERT
584.8,0.2982,0.0895,-0.04,ALERT
584.833,0.3141,0.1626,-0.28,ALERT
584.867,0.2813,0.2059,2.3,ALERT
584.9,0.3327,0.087,-2.54,ALERT
584.933,0.34,0.0954,-1.2,ALERT
584.967,0.3125,0.1664,1.65,ALERT
585.0,0.0934,0.2712,-16.86,CRITICAL
585.033,0.0806,0.2458,-23.51,CRITICAL
585.067,0.1046,0.2377,-24.49,CRITICAL
585.1,0.1314,0.2269,-20.75,CRITICAL
585.133,0.1117,0.1569,-21.58,CRITICAL
585.167,0.1294,0.1722,-24.48,CRITICAL
585.2,0.0919,0.2294,-16.69,CRITICAL
585.233,0.1241,0.2386,-19.08,CRITICAL
585.267,0.1354,0.1292,-18.66,CRITICAL
585.3,0.0914,0.2135,-15.91,CRITICAL
585.333,0.1329,0.2408,-20.98,CRITICAL
585.367,0.1036,0.1995,-19.45,CRITICAL
585.4,0.1199,0.218,-20.8,CRITICAL
585.433,0.1032,0.2601,-22.12,CRITICAL
585.467,0.137,0.2437,-18.37,CRITICAL
585.5,0.1249,0.2241,-23.93,CRITICAL
585.533,0.0975,0.1456,-24.26,CRITICAL
585.567,0.1318,0.1856,-15.39,CRITICAL
585.6,0.1331,0.2442,-22.1,CRITICAL
585.633,0.1274,0.1806,-24.05,CRITICAL
585.667,0.1136,0.2019,-23.02,CRITICAL
585.7,0.0869,0.1337,-23.64,CRITICAL
585.733,0.0954,0.1444,-15.57,CRITICAL
585.767,0.1325,0.2523,-15.04,CRITICAL
585.8,0.109,0.2408,-18.81,CRITICAL
585.833,0.0806,0.1753,-24.02,CRITICAL
585.867,0.0886,0.266,-20.59,CRITICAL
585.9,0.1308,0.2712,-24.19,CRITICAL
585.933,0.1214,0.2885,-20.53,CRITICAL
585.967,0.1072,0.1915,-17.61,CRITICAL
586.0,0.1018,0.2363,-17.74,CRITICAL
586.033,0.1395,0.1283,-18.24,CRITICAL
586.067,0.0937,0.1842,-23.62,CRITICAL
586.1,0.1127,0.2641,-21.27,CRITICAL
586.133,0.129,0.2997,-18.06,CRITICAL
586.167,0.0942,0.2064,-18.01,CRITICAL
586.2,0.1292,0.2922,-24.97,CRITICAL
586.233,0.0931,0.1843,-18.55,CRITICAL
586.267,0.119,0.102,-16.08,CRITICAL
586.3,0.1333,0.1824,-19.55,CRITICAL
586.333,0.105,0.1676,-20.92,CRITICAL
586.367,0.1181,0.2344,-16.19,CRITICAL
586.4,0.094,0.1549,-16.4,CRITICAL
586.433,0.1011,0.2999,-22.28,CRITICAL
586.467,0.1071,0.2228,-17.34,CRITICAL
586.5,0.0947,0.1195,-15.98,CRITICAL
586.533,0.1306,0.2369,-20.0,CRITICAL
586.567,0.1319,0.2171,-19.19,CRITICAL
586.6,0.1229,0.2731,-20.27,CRITICAL
586.633,0.115,0.2006,-20.11,CRITICAL
586.667,0.1015,0.2742,-19.15,CRITICAL
586.7,0.1196,0.2169,-19.41,CRITICAL
586.733,0.109,0.2724,-20.21,CRITICAL
586.767,0.0929,0.1186,-15.83,CRITICAL
586.8,0.0825,0.2845,-18.43,CRITICAL
586.833,0.1026,0.2602,-15.55,CRITICAL
586.867,0.1168,0.2805,-24.5,CRITICAL
586.9,0.1331,0.2515,-19.52,CRITICAL
586.933,0.0815,0.2445,-17.89,CRITICAL
586.967,0.1154,0.2479,-22.4,CRITICAL
587.0,0.083,0.1012,-16.02,CRITICAL
587.033,0.1167,0.294,-20.85,CRITICAL
587.067,0.0808,0.2574,-21.22,CRITICAL
587.1,0.121,0.2692,-18.32,CRITICAL
587.133,0.1364,0.1767,-18.55,CRITICAL
587.167,0.1158,0.1924,-18.94,CRITICAL
587.2,0.1391,0.1497,-16.75,CRITICAL
587.233,0.0989,0.1707,-19.7,CRITICAL
587.267,0.1355,0.1085,-23.05,CRITICAL
587.3,0.0925,0.2951,-20.57,CRITICAL
587.333,0.1104,0.1673,-20.79,CRITICAL
587.367,0.1328,0.1905,-24.55,CRITICAL
587.4,0.1244,0.1047,-20.55,CRITICAL
587.433,0.1339,0.2351,-22.54,CRITICAL
587.467,0.1027,0.2516,-24.06,CRITICAL
587.5,0.1077,0.1705,-23.2,CRITICAL
587.533,0.127,0.1971,-19.92,CRITICAL
587.567,0.1102,0.1635,-18.23,CRITICAL
587.6,0.1265,0.1908,-20.37,CRITICAL
587.633,0.0929,0.2266,-22.45,CRITICAL
587.667,0.1065,0.182,-19.71,CRITICAL
587.7,0.1334,0.2343,-15.77,CRITICAL
587.733,0.1052,0.2499,-18.85,CRITICAL
587.767,0.0905,0.161,-18.17,CRITICAL
587.8,0.1188,0.2946,-20.98,CRITICAL
587.833,0.1104,0.2793,-24.33,CRITICAL
587.867,0.13,0.1881,-16.02,CRITICAL
587.9,0.1382,0.2182,-15.72,CRITICAL
587.933,0.0822,0.1098,-15.52,CRITICAL
587.967,0.1346,0.188,-22.97,CRITICAL
588.0,0.1031,0.253,-17.42,CRITICAL
588.033,0.1206,0.1517,-23.42,CRITICAL
588.067,0.1038,0.2492,-18.58,CRITICAL
588.1,0.1049,0.2472,-19.44,CRITICAL
588.133,0.1371,0.1483,-16.46,CRITICAL
588.167,0.0832,0.2877,-21.32,CRITICAL
588.2,0.1132,0.2925,-15.58,CRITICAL
588.233,0.1243,0.2133,-15.95,CRITICAL
588.267,0.1181,0.1835,-21.11,CRITICAL
588.3,0.0954,0.1818,-19.41,CRITICAL
588.333,0.1214,0.1595,-16.25,CRITICAL
588.367,0.1294,0.203,-16.34,CRITICAL
588.4,0.1011,0.1405,-17.65,CRITICAL
588.433,0.0851,0.2872,-20.62,CRITICAL
588.467,0.1019,0.1299,-17.64,CRITICAL
588.5,0.1032,0.2353,-18.5,CRITICAL
588.533,0.1203,0.1671,-18.37,CRITICAL
588.567,0.1196,0.1631,-16.08,CRITICAL
588.6,0.1155,0.1191,-24.98,CRITICAL
588.633,0.1214,0.1908,-18.69,CRITICAL
588.667,0.1044,0.1511,-22.99,CRITICAL
588.7,0.0919,0.2261,-15.69,CRITICAL
588.733,0.0894,0.2736,-23.56,CRITICAL
588.767,0.0894,0.2627,-15.25,CRITICAL
588.8,0.0915,0.1529,-19.46,CRITICAL
588.833,0.0946,0.2285,-22.73,CRITICAL
588.867,0.1027,0.1537,-19.35,CRITICAL
588.9,0.1076,0.1427,-22.93,CRITICAL
588.933,0.1079,0.1345,-18.0,CRITICAL
588.967,0.1323,0.1119,-19.79,CRITICAL
589.0,0.1049,0.1816,-18.03,CRITICAL
589.033,0.0851,0.1218,-23.13,CRITICAL
589.067,0.0821,0.1154,-15.6,CRITICAL
589.1,0.1241,0.2788,-17.71,CRITICAL
589.133,0.1275,0.1048,-22.26,CRITICAL
589.167,0.0845,0.1849,-22.81,CRITICAL
589.2,0.1165,0.2415,-17.52,CRITICAL
589.233,0.1118,0.2723,-24.68,CRITICAL
589.267,0.1069,0.272,-19.45,CRITICAL
589.3,0.0993,0.2361,-20.51,CRITICAL
589.333,0.0826,0.1995,-19.2,CRITICAL
589.367,0.3222,0.1107,3.37,ALERT
589.4,0.3051,0.1853,1.73,ALERT
589.433,0.3075,0.1732,2.62,ALERT
589.467,0.3134,0.1374,-2.31,ALERT
589.5,0.2913,0.1918,3.98,ALERT
589.533,0.2932,0.1858,0.78,ALERT
589.567,0.3006,0.1389,-2.75,ALERT
589.6,0.3012,0.1465,-2.13,ALERT
589.633,0.3294,0.0956,-2.82,ALERT
589.667,0.3357,0.1258,-3.29,ALERT
589.7,0.1391,0.1703,2.84,ALERT
589.733,0.2927,0.1561,-0.94,ALERT
589.767,0.3325,0.1242,1.65,ALERT
589.8,0.3212,0.1451,3.76,ALERT
589.833,0.338,0.1455,3.57,ALERT
589.867,0.3355,0.1165,2.29,ALERT
589.9,0.3072,0.1319,3.0,ALERT
589.933,0.2806,0.2199,1.5,ALERT
589.967,0.2937,0.1181,-0.99,ALERT
590.0,0.2963,0.0841,-1.48,ALERT
590.033,0.3281,0.0934,2.66,ALERT
590.067,0.2893,0.2108,1.71,ALERT
590.1,0.3223,0.1712,0.76,ALERT
590.133,0.3107,0.1093,-0.17,ALERT
590.167,0.2874,0.1937,-2.76,ALERT
590.2,0.3068,0.202,2.18,ALERT
590.233,0.3049,0.1685,-2.48,ALERT
590.267,0.2993,0.1292,-3.37,ALERT
590.3,0.3049,0.2,-0.67,ALERT
590.333,0.311,0.1829,1.67,ALERT
590.367,0.3142,0.1212,1.13,ALERT
590.4,0.2914,0.1044,1.11,ALERT
590.433,0.3218,0.1012,2.73,ALERT
590.467,0.3188,0.2042,-1.97,ALERT
590.5,0.3386,0.1457,-3.69,ALERT
590.533,0.3387,0.1242,-1.9,ALERT
590.567,0.3149,0.147,0.83,ALERT
590.6,0.3372,0.1873,-0.91,ALERT
590.633,0.2991,0.0853,0.27,ALERT
590.667,0.3391,0.1462,-1.89,ALERT
590.7,0.33,0.1212,-1.41,ALERT
590.733,0.3238,0.0974,2.74,ALERT
590.767,0.3127,0.1917,-0.35,ALERT
590.8,0.3155,0.2111,3.97,ALERT
590.833,0.3328,0.1365,-2.22,ALERT
590.867,0.3262,0.1803,0.81,ALERT
590.9,0.3106,0.1073,-0.86,ALERT
590.933,0.1466,0.1316,3.46,ALERT
590.967,0.2854,0.15,-1.18,ALERT
591.0,0.3156,0.1042,0.51,ALERT
591.033,0.3077,0.143,2.51,ALERT
591.067,0.3007,0.1542,2.83,ALERT
591.1,0.309,0.0928,2.05,ALERT
591.133,0.3025,0.1229,3.19,ALERT
591.167,0.2979,0.1718,0.78,ALERT
591.2,0.3033,0.2176,1.45,ALERT
591.233,0.3274,0.1141,-3.95,ALERT
591.267,0.2893,0.1139,0.64,ALERT
591.3,0.3046,0.1396,-3.32,ALERT
591.333,0.294,0.1437,-3.29,ALERT
591.367,0.2971,0.1578,-0.65,ALERT
591.4,0.3228,0.215,2.97,ALERT
591.433,0.3393,0.1014,-2.41,ALERT
591.467,0.3158,0.1705,-3.5,ALERT
591.5,0.2986,0.1821,0.64,ALERT
591.533,0.3349,0.1587,0.01,ALERT
591.567,0.1222,0.1706,-2.76,ALERT
591.6,0.3148,0.1095,-0.84,ALERT
591.633,0.2981,0.1929,2.74,ALERT
591.667,0.2919,0.2169,-3.62,ALERT
591.7,0.3169,0.1279,-0.08,ALERT
591.733,0.3361,0.2177,-3.18,ALERT
591.767,0.3246,0.1547,0.75,ALERT
591.8,0.3266,0.1415,-3.49,ALERT
591.833,0.2997,0.1945,-0.31,ALERT
591.867,0.2917,0.1941,1.94,ALERT
591.9,0.2979,0.0861,-1.74,ALERT
591.933,0.2854,0.1922,-2.52,ALERT
591.967,0.3327,0.1447,3.28,ALERT
592.0,0.3178,0.0863,1.21,ALERT
592.033,0.2929,0.1273,0.81,ALERT
592.067,0.3353,0.1723,-1.16,ALERT
592.1,0.3141,0.1286,-0.14,ALERT
592.133,0.2955,0.1448,-1.31,ALERT
592.167,0.3373,0.1726,-2.94,ALERT
592.2,0.3099,0.1091,0.5,ALERT
592.233,0.3338,0.1979,2.14,ALERT
592.267,0.306,0.0915,1.25,ALERT
592.3,0.3234,0.1799,-0.75,ALERT
592.333,0.3245,0.1852,-1.55,ALERT
592.367,0.3257,0.1766,2.76,ALERT
592.4,0.2971,0.1098,-3.18,ALERT
592.433,0.3107,0.1197,-1.46,ALERT
592.467,0.3222,0.0997,-2.1,ALERT
592.5,0.3028,0.2022,-2.73,ALERT
592.533,0.2828,0.1368,2.05,ALERT
592.567,0.3359,0.15,0.61,ALERT
592.6,0.2872,0.1465,-0.76,ALERT
592.633,0.3275,0.0857,-1.56,ALERT
592.667,0.34,0.0873,2.29,ALERT
592.7,0.2988,0.1939,2.94,ALERT
592.733,0.1218,0.1568,3.13,ALERT
592.767,0.3197,0.0873,-1.09,ALERT
592.8,0.2953,0.1054,-1.4,ALERT
592.833,0.3009,0.142,-2.3,ALERT
592.867,0.2912,0.0917,-0.28,ALERT
592.9,0.3181,0.1132,3.82,ALERT
592.933,0.3241,0.1492,-0.84,ALERT
592.967,0.3226,0.127,-1.91,ALERT
593.0,0.3094,0.2071,-3.71,ALERT
593.033,0.2873,0.1828,3.77,ALERT
593.067,0.329,0.1234,-0.06,ALERT
593.1,0.2825,0.129,-0.47,ALERT
593.133,0.3013,0.1079,-2.08,ALERT
593.167,0.2855,0.2161,1.86,ALERT
593.2,0.3347,0.1597,-2.54,ALERT
593.233,0.3288,0.2039,1.28,ALERT
593.267,0.3251,0.1694,-0.71,ALERT
593.3,0.3313,0.1729,-2.47,ALERT
593.333,0.3065,0.1936,3.92,ALERT
593.367,0.2997,0.1748,-1.99,ALERT
593.4,0.3057,0.1757,-2.71,ALERT
593.433,0.2871,0.0898,-2.98,ALERT
593.467,0.303,0.1189,0.52,ALERT
593.5,0.337,0.1056,-3.12,ALERT
593.533,0.3392,0.1643,-1.23,ALERT
593.567,0.2826,0.1607,-2.29,ALERT
593.6,0.2991,0.1412,1.03,ALERT
593.633,0.3396,0.0915,2.66,ALERT
593.667,0.3123,0.1382,0.0,ALERT
593.7,0.1211,0.0999,0.5,ALERT
593.733,0.3089,0.136,0.06,ALERT
593.767,0.3354,0.1225,-2.44,ALERT
593.8,0.1326,0.2177,-0.77,ALERT
593.833,0.2843,0.0991,-0.96,ALERT
593.867,0.312,0.1625,2.86,ALERT
593.9,0.3149,0.1376,-0.2,ALERT
593.933,0.3168,0.1006,3.43,ALERT
593.967,0.2933,0.091,0.39,ALERT
594.0,0.312,0.1413,4.0,ALERT
594.033,0.329,0.2093,-0.46,ALERT
594.067,0.3095,0.156,3.39,ALERT
594.1,0.2824,0.1379,2.46,ALERT
594.133,0.3143,0.0927,0.99,ALERT
594.167,0.2965,0.1425,3.46,ALERT
594.2,0.3115,0.1245,-1.14,ALERT
594.233,0.2969,0.2,1.13,ALERT
594.267,0.3239,0.22,0.87,ALERT
594.3,0.3139,0.1114,-3.13,ALERT
594.333,0.3345,0.1122,2.7,ALERT
594.367,0.2916,0.1789,1.51,ALERT
594.4,0.3224,0.092,-2.44,ALERT
594.433,0.3019,0.1907,2.67,ALERT
594.467,0.3058,0.2046,3.05,ALERT
594.5,0.3165,0.1251,-1.63,ALERT
594.533,0.3163,0.1852,-1.27,ALERT
594.567,0.3341,0.1025,0.13,ALERT
594.6,0.3286,0.1102,1.64,ALERT
594.633,0.3247,0.1645,1.15,ALERT
594.667,0.3104,0.1525,2.97,ALERT
594.7,0.2903,0.1433,-3.14,ALERT
594.733,0.3005,0.2128,3.15,ALERT
594.767,0.2959,0.0923,-1.98,ALERT
594.8,0.3236,0.102,3.64,ALERT
594.833,0.3206,0.1157,0.06,ALERT
594.867,0.2828,0.1764,-1.98,ALERT
594.9,0.2982,0.1072,-3.87,ALERT
594.933,0.3299,0.0801,2.09,ALERT
594.967,0.3265,0.1553,1.04,ALERT
595.0,0.3158,0.1358,3.68,ALERT
595.033,0.3241,0.1544,-3.9,ALERT
595.067,0.3232,0.143,-2.08,ALERT
595.1,0.287,0.1103,3.37,ALERT
595.133,0.3167,0.1825,-3.94,ALERT
595.167,0.3263,0.1397,-0.07,ALERT
595.2,0.2927,0.1028,-0.62,ALERT
595.233,0.2851,0.2007,0.49,ALERT
595.267,0.3234,0.2119,0.22,ALERT
595.3,0.2911,0.154,1.18,ALERT
595.333,0.2908,0.2171,1.26,ALERT
595.367,0.315,0.1257,-2.99,ALERT
595.4,0.2992,0.1038,1.14,ALERT
595.433,0.3014,0.1681,0.04,ALERT
595.467,0.3307,0.2162,1.47,ALERT
595.5,0.3048,0.1189,-1.85,ALERT
595.533,0.2923,0.1443,-2.69,ALERT
595.567,0.2883,0.19,2.52,ALERT
595.6,0.2916,0.0808,-1.45,ALERT
595.633,0.325,0.1186,2.36,ALERT
595.667,0.1771,0.1736,3.35,ALERT
595.7,0.3333,0.0895,-1.83,ALERT
595.733,0.3134,0.1793,1.97,ALERT
595.767,0.2941,0.0943,-0.96,ALERT
595.8,0.3086,0.1576,-3.39,ALERT
595.833,0.2998,0.1544,-2.79,ALERT
595.867,0.304,0.1692,0.85,ALERT
595.9,0.3077,0.097,-3.57,ALERT
595.933,0.3051,0.1925,-0.8,ALERT
595.967,0.3089,0.1669,2.97,ALERT
596.0,0.3355,0.1082,1.19,ALERT
596.033,0.3372,0.1494,-2.69,ALERT
596.067,0.3141,0.2173,-3.61,ALERT
596.1,0.2991,0.211,-0.37,ALERT
596.133,0.3318,0.1842,-3.28,ALERT
596.167,0.338,0.2063,3.88,ALERT
596.2,0.2958,0.0953,-1.8,ALERT
596.233,0.3308,0.1694,3.32,ALERT
596.267,0.3105,0.2146,-0.93,ALERT
596.3,0.2902,0.1219,1.79,ALERT
596.333,0.3144,0.095,-3.64,ALERT
596.367,0.2912,0.1423,2.74,ALERT
596.4,0.3276,0.0977,1.57,ALERT
596.433,0.3249,0.1872,-1.42,ALERT
596.467,0.3073,0.1153,3.87,ALERT
596.5,0.3151,0.1047,1.85,ALERT
596.533,0.3223,0.1931,-0.4,ALERT
596.567,0.2871,0.164,0.47,ALERT
596.6,0.3394,0.2106,3.43,ALERT
596.633,0.2849,0.1398,-0.61,ALERT
596.667,0.2935,0.1328,2.22,ALERT
596.7,0.3214,0.138,2.57,ALERT
596.733,0.3117,0.115,-1.21,ALERT
596.767,0.3239,0.0983,1.87,ALERT
596.8,0.3112,0.161,1.39,ALERT
596.833,0.3091,0.1212,3.59,ALERT
596.867,0.2917,0.1539,3.82,ALERT
596.9,0.2971,0.2088,-2.79,ALERT
596.933,0.323,0.1895,2.23,ALERT
596.967,0.3343,0.199,-3.41,ALERT
597.0,0.3026,0.1315,0.83,ALERT
597.033,0.332,0.1486,3.8,ALERT
597.067,0.2847,0.2114,-3.21,ALERT
597.1,0.3069,0.1194,1.38,ALERT
597.133,0.2882,0.2173,-2.81,ALERT
597.167,0.3039,0.1089,-3.84,ALERT
597.2,0.3326,0.1764,-3.29,ALERT
597.233,0.1785,0.0978,-0.55,ALERT
597.267,0.3387,0.1843,3.26,ALERT
597.3,0.2845,0.1179,-2.48,ALERT
597.333,0.3016,0.1908,3.57,ALERT
597.367,0.2979,0.088,1.6,ALERT
597.4,0.2908,0.2169,0.81,ALERT
597.433,0.3339,0.2115,-2.38,ALERT
597.467,0.3052,0.1292,-2.18,ALERT
597.5,0.3273,0.2136,-3.65,ALERT
597.533,0.3163,0.082,-3.61,ALERT
597.567,0.3099,0.1852,-2.49,ALERT
597.6,0.2807,0.1704,3.3,ALERT
597.633,0.2986,0.2104,-2.03,ALERT
597.667,0.3226,0.1682,1.96,ALERT
597.7,0.3206,0.104,-1.4,ALERT
597.733,0.3286,0.0945,3.92,ALERT
597.767,0.3345,0.1177,1.41,ALERT
597.8,0.2918,0.0951,2.52,ALERT
597.833,0.325,0.1766,-1.52,ALERT
597.867,0.335,0.1508,2.08,ALERT
597.9,0.338,0.1112,-1.38,ALERT
597.933,0.3131,0.2082,-0.22,ALERT
597.967,0.1708,0.1338,-0.38,ALERT
598.0,0.3067,0.1641,-0.32,ALERT
598.033,0.3157,0.1327,-1.09,ALERT
598.067,0.3321,0.1864,2.98,ALERT
598.1,0.2835,0.1993,0.1,ALERT
598.133,0.3301,0.2001,0.59,ALERT
598.167,0.3056,0.1194,0.21,ALERT
598.2,0.3064,0.1853,3.01,ALERT
598.233,0.289,0.1855,1.77,ALERT
598.267,0.3338,0.1764,1.5,ALERT
598.3,0.3162,0.1831,2.61,ALERT
598.333,0.3307,0.1271,2.85,ALERT
598.367,0.3117,0.0852,-2.62,ALERT
598.4,0.2994,0.1699,1.17,ALERT
598.433,0.2924,0.1656,2.06,ALERT
598.467,0.289,0.1225,-2.69,ALERT
598.5,0.3192,0.087,0.55,ALERT
598.533,0.2904,0.2028,3.08,ALERT
598.567,0.3213,0.1166,3.29,ALERT
598.6,0.3193,0.1758,1.58,ALERT
598.633,0.3012,0.1043,2.11,ALERT
598.667,0.2963,0.1167,3.41,ALERT
598.7,0.3397,0.1128,-1.64,ALERT
598.733,0.2856,0.1737,-3.08,ALERT
598.767,0.3345,0.2003,0.25,ALERT
598.8,0.3275,0.1033,-2.67,ALERT
598.833,0.3019,0.1469,1.7,ALERT
598.867,0.2934,0.1848,3.99,ALERT
598.9,0.2854,0.1416,-1.47,ALERT
598.933,0.2953,0.1677,3.38,ALERT
598.967,0.2854,0.2168,-1.74,ALERT
599.0,0.2913,0.1082,0.1,ALERT
599.033,0.331,0.1225,-0.63,ALERT
599.067,0.3186,0.1696,0.12,ALERT
599.1,0.3075,0.1567,-2.19,ALERT
599.133,0.3036,0.1477,0.27,ALERT
599.167,0.3009,0.2184,-2.63,ALERT
599.2,0.2925,0.2112,-1.26,ALERT
599.233,0.2926,0.086,3.57,ALERT
599.267,0.321,0.211,-1.14,ALERT
599.3,0.2882,0.1134,2.17,ALERT
599.333,0.2974,0.2015,-1.84,ALERT
599.367,0.2964,0.1485,-3.86,ALERT
599.4,0.2828,0.106,-3.79,ALERT
599.433,0.1632,0.1765,-0.51,ALERT
599.467,0.2824,0.2033,-0.25,ALERT
599.5,0.3275,0.1013,0.33,ALERT
599.533,0.316,0.1304,2.55,ALERT
599.567,0.3133,0.1111,2.01,ALERT
599.6,0.3332,0.1874,-3.46,ALERT
599.633,0.2917,0.1142,-0.31,ALERT
599.667,0.3396,0.1541,3.99,ALERT
599.7,0.2821,0.1414,0.29,ALERT
599.733,0.3014,0.1137,2.84,ALERT
599.767,0.2842,0.1649,-3.69,ALERT
599.8,0.3111,0.1843,2.3,ALERT
599.833,0.2844,0.2175,2.51,ALERT
599.867,0.305,0.2043,-2.28,ALERT
599.9,0.2875,0.1254,2.97,ALERT
599.933,0.2993,0.1085,-0.09,ALERT
599.967,0.2929,0.1842,-2.56,ALERT
600.0,0.3185,0.1781,0.83,ALERT
600.033,0.2863,0.1337,0.91,ALERT
600.067,0.3174,0.1036,-1.18,ALERT
600.1,0.334,0.1714,-3.39,ALERT
600.133,0.2944,0.1743,1.9,ALERT
600.167,0.3003,0.2006,-3.08,ALERT
600.2,0.3024,0.1883,-3.5,ALERT
600.233,0.335,0.1894,-3.68,ALERT
600.267,0.327,0.1246,-1.65,ALERT
600.3,0.3101,0.2197,0.99,ALERT
600.333,0.3369,0.1335,0.74,ALERT
600.367,0.3385,0.0928,0.69,ALERT
600.4,0.3047,0.1526,1.36,ALERT
600.433,0.3201,0.1306,0.93,ALERT
600.467,0.2983,0.0884,3.61,ALERT
600.5,0.122,0.1674,-0.23,ALERT
600.533,0.2965,0.1042,0.53,ALERT
600.567,0.3197,0.1272,2.17,ALERT
600.6,0.3201,0.1081,-3.83,ALERT
600.633,0.3376,0.1593,-2.85,ALERT
600.667,0.2946,0.1142,3.21,ALERT
600.7,0.2918,0.1919,0.34,ALERT
600.733,0.3027,0.1109,-2.08,ALERT
600.767,0.2869,0.1307,1.23,ALERT
600.8,0.308,0.1082,-1.46,ALERT
600.833,0.297,0.1,-1.41,ALERT
600.867,0.3053,0.2125,-2.61,ALERT
600.9,0.3199,0.1527,3.12,ALERT
600.933,0.3356,0.1636,-2.88,ALERT
600.967,0.299,0.1351,0.0,ALERT
601.0,0.3206,0.1582,0.65,ALERT
601.033,0.2995,0.1944,1.63,ALERT
601.067,0.3058,0.0899,0.31,ALERT
601.1,0.2977,0.2004,0.26,ALERT
601.133,0.2979,0.1492,-2.33,ALERT
601.167,0.3274,0.201,2.18,ALERT
601.2,0.3199,0.1285,3.89,ALERT
601.233,0.3282,0.1383,-1.08,ALERT
601.267,0.3161,0.1861,-2.9,ALERT
601.3,0.2898,0.167,3.79,ALERT
601.333,0.3245,0.1572,-2.19,ALERT
601.367,0.3178,0.1821,0.61,ALERT
601.4,0.286,0.1082,2.49,ALERT
601.433,0.3395,0.1157,-1.2,ALERT
601.467,0.2858,0.1302,-1.25,ALERT
601.5,0.337,0.1103,3.57,ALERT
601.533,0.3036,0.1716,-2.35,ALERT
601.567,0.3004,0.2084,-0.72,ALERT
601.6,0.3382,0.0863,-2.06,ALERT
601.633,0.3319,0.1167,-1.04,ALERT
601.667,0.2977,0.2088,1.81,ALERT
601.7,0.2906,0.1771,3.94,ALERT
601.733,0.1229,0.1619,-0.59,ALERT
601.767,0.3051,0.1277,1.22,ALERT
601.8,0.3067,0.1065,-0.86,ALERT
601.833,0.2822,0.1913,-0.31,ALERT
601.867,0.2852,0.22,-1.92,ALERT
601.9,0.2956,0.159,1.6,ALERT
601.933,0.3029,0.2177,-1.79,ALERT
601.967,0.3231,0.1848,-2.03,ALERT
602.0,0.3104,0.1229,3.45,ALERT
602.033,0.3029,0.1066,-3.93,ALERT
602.067,0.3383,0.1045,-2.11,ALERT
602.1,0.3289,0.2182,3.17,ALERT
602.133,0.3333,0.1028,-3.1,ALERT
602.167,0.3113,0.2051,-0.56,ALERT
602.2,0.2824,0.0982,-2.12,ALERT
602.233,0.3222,0.1875,-1.02,ALERT
602.267,0.3072,0.0908,-0.49,ALERT
602.3,0.3008,0.1165,-2.84,ALERT
602.333,0.2911,0.1364,-3.67,ALERT
602.367,0.2926,0.143,-2.63,ALERT
602.4,0.3027,0.0943,2.22,ALERT
602.433,0.2975,0.1397,-1.44,ALERT
602.467,0.3326,0.1297,-0.06,ALERT
602.5,0.3348,0.1168,-0.75,ALERT
602.533,0.2994,0.173,-0.9,ALERT
602.567,0.2835,0.0813,-2.6,ALERT
602.6,0.3391,0.1059,-0.39,ALERT
602.633,0.3361,0.1807,0.16,ALERT
602.667,0.327,0.1159,-1.21,ALERT
602.7,0.286,0.1657,2.87,ALERT
602.733,0.3376,0.1912,-3.5,ALERT
602.767,0.3291,0.1016,-3.16,ALERT
602.8,0.3236,0.1794,-0.71,ALERT
602.833,0.322,0.1639,-3.83,ALERT
602.867,0.3366,0.1818,3.7,ALERT
602.9,0.2935,0.1682,1.61,ALERT
602.933,0.3298,0.144,-3.31,ALERT
602.967,0.2892,0.1602,-3.95,ALERT
603.0,0.3298,0.1357,-2.91,ALERT
603.033,0.3319,0.1965,0.09,ALERT
603.067,0.2963,0.085,0.63,ALERT
603.1,0.3391,0.1858,-2.96,ALERT
603.133,0.3248,0.2187,1.23,ALERT
603.167,0.1299,0.1435,-1.18,ALERT
603.2,0.2972,0.0993,-1.17,ALERT
603.233,0.3274,0.0957,-3.51,ALERT
603.267,0.325,0.1519,2.56,ALERT
603.3,0.319,0.1852,-0.83,ALERT
603.333,0.3123,0.1455,-1.1,ALERT
603.367,0.2988,0.1248,0.44,ALERT
603.4,0.3029,0.1336,1.23,ALERT
603.433,0.3031,0.0873,-4.0,ALERT
603.467,0.1461,0.1786,3.68,ALERT
603.5,0.3258,0.1339,2.72,ALERT
603.533,0.2837,0.1455,-3.96,ALERT
603.567,0.3198,0.2132,-3.07,ALERT
603.6,0.1235,0.1995,-0.71,ALERT
603.633,0.2933,0.1319,0.35,ALERT
603.667,0.2895,0.208,-0.34,ALERT
603.7,0.3343,0.083,-2.25,ALERT
603.733,0.3164,0.1117,-1.18,ALERT
603.767,0.284,0.0844,-2.0,ALERT
603.8,0.2856,0.0988,-2.87,ALERT
603.833,0.2885,0.141,-3.44,ALERT
603.867,0.3098,0.1601,-3.84,ALERT
603.9,0.3143,0.1376,0.89,ALERT
603.933,0.3097,0.1414,3.2,ALERT
603.967,0.3138,0.2057,1.55,ALERT
604.0,0.2999,0.128,2.42,ALERT
604.033,0.3036,0.1172,1.24,ALERT
604.067,0.3028,0.0984,3.52,ALERT
604.1,0.3018,0.1258,3.81,ALERT
604.133,0.3268,0.0838,-2.36,ALERT
604.167,0.3169,0.083,0.87,ALERT
604.2,0.2995,0.1817,3.03,ALERT
604.233,0.3366,0.1951,1.03,ALERT
604.267,0.3249,0.1747,1.97,ALERT
604.3,0.3057,0.13,-3.07,ALERT
604.333,0.3333,0.1959,3.42,ALERT
604.367,0.3303,0.1989,-3.8,ALERT
604.4,0.3337,0.1306,-2.6,ALERT
604.433,0.3393,0.194,0.77,ALERT
604.467,0.2839,0.1995,2.47,ALERT
604.5,0.33,0.1509,-2.25,ALERT
604.533,0.2954,0.2049,0.22,ALERT
604.567,0.3313,0.1744,0.88,ALERT
604.6,0.3338,0.1463,2.84,ALERT
604.633,0.3309,0.1234,1.17,ALERT
604.667,0.3006,0.0839,-0.13,ALERT
604.7,0.3039,0.0924,-1.7,ALERT
604.733,0.3129,0.1992,-0.71,ALERT
604.767,0.3225,0.1722,1.18,ALERT
604.8,0.2836,0.1641,-2.79,ALERT
604.833,0.3282,0.1425,3.15,ALERT
604.867,0.3325,0.1842,-3.58,ALERT
604.9,0.3217,0.2,2.07,ALERT
604.933,0.29,0.2096,1.33,ALERT
604.967,0.2842,0.1935,0.23,ALERT
605.0,0.2925,0.1677,0.8,ALERT
605.033,0.2808,0.1031,0.47,ALERT
605.067,0.3322,0.0927,-0.91,ALERT
605.1,0.3382,0.108,-3.06,ALERT
605.133,0.338,0.1543,2.7,ALERT
605.167,0.2924,0.1187,0.11,ALERT
605.2,0.3041,0.1612,-1.11,ALERT
605.233,0.3224,0.1471,3.66,ALERT
605.267,0.3384,0.1573,-2.45,ALERT
605.3,0.296,0.184,1.5,ALERT
605.333,0.3385,0.181,-2.16,ALERT
605.367,0.3078,0.1821,-3.51,ALERT
605.4,0.3216,0.1261,-2.79,ALERT
605.433,0.3057,0.1014,0.87,ALERT
605.467,0.2995,0.0833,1.06,ALERT
605.5,0.32,0.0963,0.67,ALERT
605.533,0.3032,0.1354,-2.21,ALERT
605.567,0.3046,0.1575,1.76,ALERT
605.6,0.3037,0.1188,1.97,ALERT
605.633,0.3226,0.1394,-3.72,ALERT
605.667,0.291,0.1333,-1.74,ALERT
605.7,0.3055,0.1129,0.82,ALERT
605.733,0.2935,0.1307,-3.87,ALERT
605.767,0.3106,0.1305,2.56,ALERT
605.8,0.294,0.0866,-2.14,ALERT
605.833,0.3033,0.1097,-1.59,ALERT
605.867,0.3344,0.1595,-1.94,ALERT
605.9,0.3017,0.0914,0.12,ALERT
605.933,0.3181,0.1643,2.81,ALERT
605.967,0.2883,0.1196,1.62,ALERT
606.0,0.3235,0.1404,-0.22,ALERT
606.033,0.3049,0.1967,-2.71,ALERT
606.067,0.3291,0.1803,1.09,ALERT
606.1,0.3111,0.1933,0.8,ALERT
606.133,0.3375,0.1395,-1.17,ALERT
606.167,0.2816,0.1155,0.86,ALERT
606.2,0.2959,0.1392,-3.47,ALERT
606.233,0.3315,0.1139,-3.16,ALERT
606.267,0.321,0.2144,-1.25,ALERT
606.3,0.3195,0.1072,-2.53,ALERT
606.333,0.3104,0.2035,-2.24,ALERT
606.367,0.3082,0.1117,-1.71,ALERT
606.4,0.3109,0.1821,-0.38,ALERT
606.433,0.2878,0.1568,0.38,ALERT
606.467,0.3159,0.1383,-0.28,ALERT
606.5,0.3198,0.1115,-1.34,ALERT
606.533,0.2864,0.1257,-2.74,ALERT
606.567,0.2984,0.1233,2.94,ALERT
606.6,0.2858,0.1859,-3.79,ALERT
606.633,0.3256,0.1583,-0.39,ALERT
606.667,0.3351,0.1801,-3.49,ALERT
606.7,0.3397,0.1029,1.95,ALERT
606.733,0.304,0.0829,-2.54,ALERT
606.767,0.3374,0.1125,-1.2,ALERT
606.8,0.2849,0.1121,-3.79,ALERT
606.833,0.3118,0.2123,3.39,ALERT
606.867,0.2986,0.1081,0.96,ALERT
606.9,0.3286,0.1545,-3.35,ALERT
606.933,0.288,0.1635,-3.53,ALERT
606.967,0.3121,0.1645,-1.45,ALERT
607.0,0.3187,0.1329,0.19,ALERT
607.033,0.2893,0.1254,-3.09,ALERT
607.067,0.3018,0.1672,2.47,ALERT
607.1,0.3145,0.1428,0.78,ALERT
607.133,0.3336,0.2077,-1.02,ALERT
607.167,0.1378,0.1916,0.31,ALERT
607.2,0.2918,0.1764,0.89,ALERT
607.233,0.2855,0.2135,-0.06,ALERT
607.267,0.3068,0.1758,-0.03,ALERT
607.3,0.2863,0.1523,3.32,ALERT
607.333,0.2996,0.2057,-1.7,ALERT
607.367,0.2873,0.1447,3.51,ALERT
607.4,0.286,0.1407,3.69,ALERT
607.433,0.3339,0.2133,0.41,ALERT
607.467,0.3351,0.1066,-3.96,ALERT
607.5,0.3107,0.1324,2.71,ALERT
607.533,0.3064,0.0828,-3.72,ALERT
607.567,0.3365,0.1878,-1.34,ALERT
607.6,0.3294,0.1131,-0.15,ALERT
607.633,0.3029,0.1277,-3.83,ALERT
607.667,0.3239,0.186,-2.26,ALERT
607.7,0.2934,0.2083,-3.48,ALERT
607.733,0.2898,0.1794,2.15,ALERT
607.767,0.3038,0.0988,2.74,ALERT
607.8,0.2814,0.2126,3.03,ALERT
607.833,0.3248,0.1596,-3.39,ALERT
607.867,0.2825,0.1059,-0.3,ALERT
607.9,0.3112,0.159,0.08,ALERT
607.933,0.3097,0.1693,1.84,ALERT
607.967,0.332,0.138,3.97,ALERT
608.0,0.339,0.1628,-3.88,ALERT
608.033,0.1505,0.1554,2.07,ALERT
608.067,0.3303,0.106,-3.2,ALERT
608.1,0.2988,0.2139,-1.06,ALERT
608.133,0.2805,0.0806,0.05,ALERT
608.167,0.3341,0.097,2.44,ALERT
608.2,0.3178,0.1783,1.43,ALERT
608.233,0.3321,0.0827,0.37,ALERT
608.267,0.3316,0.2157,1.46,ALERT
608.3,0.3035,0.1111,3.94,ALERT
608.333,0.1634,0.121,3.09,ALERT
608.367,0.2979,0.1912,0.03,ALERT
608.4,0.2859,0.1665,-1.2,ALERT
608.433,0.3231,0.1363,3.14,ALERT
608.467,0.3211,0.1769,1.84,ALERT
608.5,0.2864,0.1815,2.18,ALERT
608.533,0.321,0.1625,-2.34,ALERT
608.567,0.3282,0.1479,3.23,ALERT
608.6,0.3161,0.0925,-3.15,ALERT
608.633,0.2916,0.125,-0.58,ALERT
608.667,0.334,0.1504,3.41,ALERT
608.7,0.2937,0.1308,3.78,ALERT
608.733,0.287,0.1292,-3.02,ALERT
608.767,0.2844,0.2056,1.76,ALERT
608.8,0.3284,0.1873,2.21,ALERT
608.833,0.2886,0.1151,-1.84,ALERT
608.867,0.331,0.1119,0.63,ALERT
608.9,0.294,0.1454,-1.73,ALERT
608.933,0.309,0.0988,3.23,ALERT
608.967,0.3076,0.1791,3.9,ALERT
609.0,0.3104,0.1679,-1.02,ALERT
609.033,0.3168,0.1499,-2.28,ALERT
609.067,0.3349,0.1816,-1.69,ALERT
609.1,0.315,0.0867,1.5,ALERT
609.133,0.3255,0.1093,-2.88,ALERT
609.167,0.3361,0.1822,-0.47,ALERT
609.2,0.3201,0.1488,3.24,ALERT
609.233,0.3177,0.2084,-0.03,ALERT
609.267,0.3055,0.113,2.24,ALERT
609.3,0.2889,0.1667,3.69,ALERT
609.333,0.3115,0.0843,-0.75,ALERT
609.367,0.3057,0.1435,-0.29,ALERT
609.4,0.1654,0.1294,-0.43,ALERT
609.433,0.3318,0.171,3.82,ALERT
609.467,0.2947,0.1364,0.8,ALERT
609.5,0.339,0.0938,0.57,ALERT
609.533,0.298,0.1792,3.84,ALERT
609.567,0.2809,0.0893,0.29,ALERT
609.6,0.2948,0.1199,0.89,ALERT
609.633,0.3216,0.1566,3.75,ALERT
609.667,0.3224,0.1363,0.75,ALERT
609.7,0.296,0.1163,2.13,ALERT
609.733,0.3126,0.0917,-1.85,ALERT
609.767,0.3076,0.106,0.61,ALERT
609.8,0.3134,0.0934,2.62,ALERT
609.833,0.326,0.0863,-0.78,ALERT
609.867,0.32,0.0981,1.3,ALERT
609.9,0.3059,0.1539,-0.39,ALERT
609.933,0.3348,0.1456,3.51,ALERT
609.967,0.2954,0.1062,2.11,ALERT
610.0,0.3362,0.1931,-0.17,ALERT
610.033,0.3097,0.1049,3.45,ALERT
610.067,0.3229,0.14,0.88,ALERT
610.1,0.2878,0.1724,0.59,ALERT
610.133,0.3089,0.0839,2.18,ALERT
610.167,0.3171,0.1254,-1.81,ALERT
610.2,0.2842,0.1652,3.93,ALERT
610.233,0.3346,0.1108,-3.87,ALERT
610.267,0.2893,0.1073,0.77,ALERT
610.3,0.2967,0.1655,3.57,ALERT
610.333,0.2915,0.1526,1.16,ALERT
610.367,0.3098,0.1828,1.19,ALERT
610.4,0.2916,0.1209,3.58,ALERT
610.433,0.3275,0.1502,3.76,ALERT
610.467,0.2905,0.0966,-3.77,ALERT
610.5,0.3229,0.1199,-1.39,ALERT
610.533,0.3353,0.1428,-0.09,ALERT
610.567,0.2974,0.1746,0.15,ALERT
610.6,0.3251,0.2059,0.1,ALERT
610.633,0.2843,0.0856,1.49,ALERT
610.667,0.2809,0.1995,-3.8,ALERT
610.7,0.3393,0.1504,1.3,ALERT
610.733,0.3091,0.1606,3.13,ALERT
610.767,0.3256,0.1529,0.24,ALERT
610.8,0.2833,0.1031,-0.91,ALERT
610.833,0.3146,0.184,-2.75,ALERT
610.867,0.3393,0.1032,1.2,ALERT
610.9,0.3132,0.1286,-1.67,ALERT
610.933,0.3172,0.1638,0.48,ALERT
610.967,0.2822,0.1347,0.92,ALERT
611.0,0.339,0.117,-1.77,ALERT
611.033,0.2965,0.1923,-0.44,ALERT
611.067,0.292,0.2099,3.0,ALERT
611.1,0.2915,0.0868,-0.94,ALERT
611.133,0.2991,0.1601,1.39,ALERT
611.167,0.3383,0.1563,-3.47,ALERT
611.2,0.3387,0.1062,-1.06,ALERT
611.233,0.325,0.1713,-0.7,ALERT
611.267,0.3195,0.1713,-3.1,ALERT
611.3,0.3044,0.1023,2.03,ALERT
611.333,0.2917,0.1483,3.92,ALERT
611.367,0.3158,0.0867,3.14,ALERT
611.4,0.2981,0.1548,-2.36,ALERT
611.433,0.1442,0.1327,1.34,ALERT
611.467,0.3269,0.1945,-2.0,ALERT
611.5,0.1321,0.0853,2.86,ALERT
611.533,0.3296,0.1019,-1.37,ALERT
611.567,0.3115,0.2085,1.74,ALERT
611.6,0.3187,0.0975,-3.53,ALERT
611.633,0.3162,0.2096,-0.06,ALERT
611.667,0.331,0.0818,3.49,ALERT
611.7,0.329,0.1835,-1.32,ALERT
611.733,0.3145,0.1012,1.7,ALERT
611.767,0.3267,0.2146,2.61,ALERT
611.8,0.3392,0.1075,2.51,ALERT
611.833,0.2856,0.1356,2.81,ALERT
611.867,0.3351,0.2104,1.47,ALERT
611.9,0.2949,0.1663,-0.18,ALERT
611.933,0.3058,0.1968,-2.91,ALERT
611.967,0.2909,0.2089,-0.72,ALERT
612.0,0.3359,0.0924,0.83,ALERT
612.033,0.2961,0.1775,-1.69,ALERT
612.067,0.2804,0.2076,1.73,ALERT
612.1,0.3077,0.0858,1.08,ALERT
612.133,0.2937,0.1149,-2.62,ALERT
612.167,0.314,0.1616,-3.38,ALERT
612.2,0.3243,0.153,3.57,ALERT
612.233,0.3179,0.08,-1.96,ALERT
612.267,0.2822,0.218,-2.36,ALERT
612.3,0.2806,0.1824,-0.81,ALERT
612.333,0.2992,0.148,-0.45,ALERT
612.367,0.2842,0.1569,0.6,ALERT
612.4,0.2982,0.0923,-0.41,ALERT
612.433,0.3147,0.1698,1.72,ALERT
612.467,0.3249,0.1365,-3.42,ALERT
612.5,0.3034,0.1914,0.52,ALERT
612.533,0.3349,0.1899,-3.69,ALERT
612.567,0.2916,0.0962,1.58,ALERT
612.6,0.3024,0.1893,-0.84,ALERT
612.633,0.2915,0.0804,0.9,ALERT
612.667,0.2999,0.09,-3.5,ALERT
612.7,0.2854,0.184,-0.48,ALERT
612.733,0.3134,0.1639,3.38,ALERT
612.767,0.3101,0.1075,-0.0,ALERT
612.8,0.2808,0.1963,2.82,ALERT
612.833,0.3357,0.0868,0.77,ALERT
612.867,0.3044,0.1562,-1.64,ALERT
612.9,0.2968,0.2047,-1.0,ALERT
612.933,0.3057,0.2129,2.91,ALERT
612.967,0.3389,0.0964,-1.56,ALERT
613.0,0.292,0.2131,0.13,ALERT
613.033,0.3111,0.1545,-2.25,ALERT
613.067,0.3176,0.0927,-3.19,ALERT
613.1,0.3258,0.1642,-0.14,ALERT
613.133,0.2945,0.1037,-0.83,ALERT
613.167,0.321,0.1471,-0.56,ALERT
613.2,0.2858,0.13,2.6,ALERT
613.233,0.31,0.1529,0.73,ALERT
613.267,0.3299,0.1429,-3.21,ALERT
613.3,0.3026,0.1652,-1.73,ALERT
613.333,0.3283,0.0971,3.22,ALERT
613.367,0.3064,0.1433,2.43,ALERT
613.4,0.3382,0.1725,-3.07,ALERT
613.433,0.1686,0.2112,0.92,ALERT
613.467,0.3342,0.1687,1.1,ALERT
613.5,0.3347,0.2038,-3.29,ALERT
613.533,0.2929,0.0961,-2.04,ALERT
613.567,0.3361,0.1336,2.78,ALERT
613.6,0.3221,0.1814,3.63,ALERT
613.633,0.3019,0.1046,-3.43,ALERT
613.667,0.2929,0.1126,3.41,ALERT
613.7,0.2839,0.197,-0.83,ALERT
613.733,0.2818,0.1208,-3.93,ALERT
613.767,0.3064,0.162,-1.52,ALERT
613.8,0.3074,0.1807,2.85,ALERT
613.833,0.3178,0.0902,-0.23,ALERT
613.867,0.2919,0.1138,-3.48,ALERT
613.9,0.3334,0.0973,0.06,ALERT
613.933,0.3158,0.0845,-3.11,ALERT
613.967,0.1372,0.1789,-1.31,ALERT
614.0,0.2816,0.2188,-1.21,ALERT
614.033,0.2984,0.1464,3.44,ALERT
614.067,0.3136,0.207,3.58,ALERT
614.1,0.339,0.2081,0.22,ALERT
614.133,0.3167,0.1248,-3.05,ALERT
614.167,0.2849,0.1051,1.06,ALERT
614.2,0.3078,0.0914,-2.19,ALERT
614.233,0.3168,0.1871,-2.84,ALERT
614.267,0.2839,0.1913,-3.68,ALERT
614.3,0.3146,0.145,-1.48,ALERT
614.333,0.3113,0.1795,0.56,ALERT
614.367,0.2809,0.2001,-3.67,ALERT
614.4,0.3264,0.0812,2.4,ALERT
614.433,0.302,0.1668,3.46,ALERT
614.467,0.3231,0.1554,-2.76,ALERT
614.5,0.3049,0.1871,-3.43,ALERT
614.533,0.3015,0.1404,1.97,ALERT
614.567,0.3233,0.1015,3.22,ALERT
614.6,0.2916,0.0858,-2.49,ALERT
614.633,0.3375,0.1752,0.18,ALERT
614.667,0.3274,0.1297,-1.54,ALERT
614.7,0.2961,0.0872,-3.83,ALERT
614.733,0.2918,0.1306,-2.03,ALERT
614.767,0.3395,0.196,2.06,ALERT
614.8,0.327,0.1088,2.43,ALERT
614.833,0.3049,0.2099,3.22,ALERT
614.867,0.3313,0.2181,2.05,ALERT
614.9,0.31,0.1645,-1.89,ALERT
614.933,0.2913,0.1737,0.99,ALERT
614.967,0.3277,0.1831,2.76,ALERT
615.0,0.3254,0.1327,3.7,ALERT
615.033,0.2815,0.1785,3.89,ALERT
615.067,0.2982,0.1428,0.32,ALERT
615.1,0.137,0.183,1.76,ALERT
615.133,0.2913,0.1971,2.08,ALERT
615.167,0.3061,0.163,-3.17,ALERT
615.2,0.3133,0.1368,1.76,ALERT
615.233,0.2866,0.0832,0.31,ALERT
615.267,0.2897,0.1355,-3.21,ALERT
615.3,0.3222,0.2194,-2.94,ALERT
615.333,0.3322,0.1162,-2.68,ALERT
615.367,0.305,0.2062,-1.34,ALERT
615.4,0.3352,0.086,-2.67,ALERT
615.433,0.2841,0.182,3.55,ALERT
615.467,0.3094,0.1291,-2.06,ALERT
615.5,0.2823,0.1465,-3.25,ALERT
615.533,0.2972,0.106,-1.25,ALERT
615.567,0.3079,0.1381,3.65,ALERT
615.6,0.3052,0.2061,0.12,ALERT
615.633,0.3051,0.183,2.03,ALERT
615.667,0.1434,0.138,-0.07,ALERT
615.7,0.2922,0.179,3.57,ALERT
615.733,0.323,0.2193,-3.14,ALERT
615.767,0.332,0.1091,-1.55,ALERT
615.8,0.3326,0.0811,-3.3,ALERT
615.833,0.1722,0.0923,-3.08,ALERT
615.867,0.308,0.1965,-0.14,ALERT
615.9,0.2922,0.1225,3.18,ALERT
615.933,0.3355,0.138,1.01,ALERT
615.967,0.3178,0.2149,3.12,ALERT
616.0,0.2887,0.1137,3.08,ALERT
616.033,0.3128,0.0895,-3.1,ALERT
616.067,0.1245,0.1041,-2.61,ALERT
616.1,0.2906,0.1036,2.98,ALERT
616.133,0.3145,0.1919,2.65,ALERT
616.167,0.3049,0.1609,-1.97,ALERT
616.2,0.32,0.1981,-2.77,ALERT
616.233,0.3258,0.1226,3.44,ALERT
616.267,0.3003,0.1935,1.71,ALERT
616.3,0.3314,0.1248,0.87,ALERT
616.333,0.3366,0.0864,-3.93,ALERT
616.367,0.3202,0.1835,0.91,ALERT
616.4,0.3173,0.1245,-2.41,ALERT
616.433,0.3265,0.1106,-1.91,ALERT
616.467,0.3061,0.0886,-2.33,ALERT
616.5,0.3332,0.1853,-2.83,ALERT
616.533,0.3336,0.105,1.22,ALERT
616.567,0.3124,0.1471,-1.09,ALERT
616.6,0.2904,0.0879,-1.29,ALERT
616.633,0.3373,0.1833,-1.85,ALERT
616.667,0.2948,0.1712,-1.06,ALERT
616.7,0.2828,0.0933,-1.29,ALERT
616.733,0.2885,0.1367,1.72,ALERT
616.767,0.1704,0.1329,-0.34,ALERT
616.8,0.2806,0.2025,3.12,ALERT
616.833,0.3057,0.1683,-3.84,ALERT
616.867,0.3231,0.1761,1.24,ALERT
616.9,0.2816,0.179,3.36,ALERT
616.933,0.3227,0.0894,0.63,ALERT
616.967,0.3027,0.166,-1.28,ALERT
617.0,0.2939,0.1032,-2.95,ALERT
617.033,0.3302,0.1027,-3.4,ALERT
617.067,0.3288,0.1988,-0.49,ALERT
617.1,0.2928,0.1796,1.88,ALERT
617.133,0.3064,0.1525,2.36,ALERT
617.167,0.2859,0.2154,-3.86,ALERT
617.2,0.2993,0.1947,-1.52,ALERT
617.233,0.3179,0.0901,-2.17,ALERT
617.267,0.3088,0.0927,-2.41,ALERT
617.3,0.3024,0.196,1.67,ALERT
617.333,0.3185,0.1422,-1.45,ALERT
617.367,0.3086,0.2135,3.58,ALERT
617.4,0.2834,0.1548,0.77,ALERT
617.433,0.3174,0.1436,1.74,ALERT
617.467,0.2934,0.1305,2.33,ALERT
617.5,0.3182,0.2146,-1.53,ALERT
617.533,0.3125,0.0867,-2.65,ALERT
617.567,0.2818,0.2042,1.58,ALERT
617.6,0.3176,0.1779,0.25,ALERT
617.633,0.3025,0.1026,-3.33,ALERT
617.667,0.3104,0.1189,-2.09,ALERT
617.7,0.3357,0.1732,3.74,ALERT
617.733,0.3322,0.0945,0.75,ALERT
617.767,0.1447,0.1055,-0.84,ALERT
617.8,0.3288,0.1188,1.91,ALERT
617.833,0.2876,0.1608,0.07,ALERT
617.867,0.1276,0.2182,0.92,ALERT
617.9,0.2932,0.0848,4.0,ALERT
617.933,0.3073,0.1613,1.72,ALERT
617.967,0.3337,0.1266,1.7,ALERT
618.0,0.3028,0.1274,3.3,ALERT
618.033,0.1626,0.1807,3.92,ALERT
618.067,0.2971,0.1812,-2.86,ALERT
618.1,0.3159,0.0878,-2.93,ALERT
618.133,0.3377,0.1555,-0.18,ALERT
618.167,0.3077,0.1693,-3.33,ALERT
618.2,0.2934,0.1222,1.52,ALERT
618.233,0.3187,0.2148,3.67,ALERT
618.267,0.3297,0.2022,0.6,ALERT
618.3,0.3184,0.1552,-1.95,ALERT
618.333,0.3277,0.1823,-1.21,ALERT
618.367,0.302,0.1408,-0.84,ALERT
618.4,0.3188,0.1044,-3.37,ALERT
618.433,0.3382,0.1922,-2.25,ALERT
618.467,0.2837,0.1228,-3.15,ALERT
618.5,0.3319,0.1054,2.86,ALERT
618.533,0.3133,0.1879,1.08,ALERT
618.567,0.3312,0.1958,-1.69,ALERT
618.6,0.3371,0.1719,3.83,ALERT
618.633,0.3103,0.1548,2.58,ALERT
618.667,0.3346,0.1417,-0.6,ALERT
618.7,0.3211,0.2093,-0.11,ALERT
618.733,0.3373,0.1514,-3.31,ALERT
618.767,0.3358,0.1166,-2.53,ALERT
618.8,0.2931,0.1014,-0.17,ALERT
618.833,0.1645,0.1423,1.82,ALERT
618.867,0.3265,0.0861,-1.9,ALERT
618.9,0.3122,0.1222,1.32,ALERT
618.933,0.3009,0.0998,-3.25,ALERT
618.967,0.3085,0.2005,3.96,ALERT
619.0,0.3335,0.2051,2.97,ALERT
619.033,0.3164,0.0927,-2.8,ALERT
619.067,0.3231,0.1303,-3.99,ALERT
619.1,0.3172,0.1676,2.36,ALERT
619.133,0.3073,0.0807,-1.71,ALERT
619.167,0.3188,0.2182,-1.13,ALERT
619.2,0.3006,0.1971,1.17,ALERT
619.233,0.3355,0.0808,-1.98,ALERT
619.267,0.3108,0.1741,-3.31,ALERT
619.3,0.3228,0.1335,3.56,ALERT
619.333,0.3274,0.1722,2.18,ALERT
619.367,0.3359,0.0899,-2.33,ALERT
619.4,0.3328,0.1594,-3.53,ALERT
619.433,0.3081,0.0987,0.36,ALERT
619.467,0.3004,0.2042,-3.97,ALERT
619.5,0.1372,0.1476,-0.02,ALERT
619.533,0.3364,0.1665,3.42,ALERT
619.567,0.2965,0.0942,2.77,ALERT
619.6,0.2841,0.1733,-1.83,ALERT
619.633,0.332,0.1732,2.31,ALERT
619.667,0.2849,0.1118,-2.89,ALERT
619.7,0.2847,0.135,2.11,ALERT
619.733,0.3312,0.0984,2.12,ALERT
619.767,0.2896,0.1875,2.36,ALERT
619.8,0.3254,0.1792,3.35,ALERT
619.833,0.3102,0.1198,0.45,ALERT
619.867,0.3101,0.1689,2.53,ALERT
619.9,0.2973,0.1143,1.53,ALERT
619.933,0.2845,0.1632,3.81,ALERT
619.967,0.2924,0.1542,3.97,ALERT
620.0,0.3356,0.1937,3.96,ALERT
620.033,0.2936,0.1051,1.54,ALERT
620.067,0.2945,0.1406,3.6,ALERT
620.1,0.2893,0.162,-3.26,ALERT
620.133,0.3127,0.0874,-0.63,ALERT
620.167,0.3205,0.1921,-0.73,ALERT
620.2,0.2989,0.1328,0.91,ALERT
620.233,0.309,0.1772,0.19,ALERT
620.267,0.3307,0.1734,1.44,ALERT
620.3,0.2982,0.1635,1.5,ALERT
620.333,0.3218,0.096,-1.09,ALERT
620.367,0.3038,0.1885,-2.14,ALERT
620.4,0.2841,0.138,2.63,ALERT
620.433,0.3091,0.2038,0.74,ALERT
620.467,0.3313,0.2199,0.88,ALERT
620.5,0.2922,0.1579,2.48,ALERT
620.533,0.2984,0.165,-3.9,ALERT
620.567,0.3224,0.1682,-3.38,ALERT
620.6,0.3003,0.1287,-1.44,ALERT
620.633,0.2811,0.149,2.87,ALERT
620.667,0.3171,0.149,-2.27,ALERT
620.7,0.319,0.211,1.3,ALERT
620.733,0.3144,0.0972,-3.23,ALERT
620.767,0.3234,0.1036,-2.87,ALERT
620.8,0.3223,0.1259,-3.58,ALERT
620.833,0.3175,0.2013,3.36,ALERT
620.867,0.2894,0.1653,-2.19,ALERT
620.9,0.3388,0.1957,2.43,ALERT
620.933,0.3063,0.1779,0.23,ALERT
620.967,0.3135,0.1732,2.76,ALERT
621.0,0.3002,0.1336,0.87,ALERT
621.033,0.291,0.1174,0.69,ALERT
621.067,0.1724,0.2139,2.14,ALERT
621.1,0.3378,0.1923,-1.21,ALERT
621.133,0.3198,0.0807,0.08,ALERT
621.167,0.3023,0.1744,-1.05,ALERT
621.2,0.3126,0.1263,2.9,ALERT
621.233,0.2853,0.1508,-0.28,ALERT
621.267,0.308,0.1037,2.7,ALERT
621.3,0.3096,0.1021,2.49,ALERT
621.333,0.2958,0.1292,0.52,ALERT
621.367,0.33,0.1938,3.27,ALERT
621.4,0.2857,0.1052,-0.04,ALERT
621.433,0.3079,0.2101,-2.17,ALERT
621.467,0.2872,0.21,3.04,ALERT
621.5,0.3065,0.1315,1.22,ALERT
621.533,0.2951,0.2089,3.29,ALERT
621.567,0.3008,0.1837,3.99,ALERT
621.6,0.2899,0.1712,-2.02,ALERT
621.633,0.3127,0.0816,-2.89,ALERT
621.667,0.3125,0.1054,-0.11,ALERT
621.7,0.3288,0.2132,-1.74,ALERT
621.733,0.2844,0.1058,-0.96,ALERT
621.767,0.2833,0.144,-2.74,ALERT
621.8,0.319,0.2107,-2.98,ALERT
621.833,0.3287,0.0906,-3.4,ALERT
621.867,0.3083,0.0944,3.06,ALERT
621.9,0.3293,0.1982,-2.53,ALERT
621.933,0.3216,0.179,3.27,ALERT
621.967,0.3134,0.1093,-0.28,ALERT
622.0,0.3388,0.1205,-0.73,ALERT
622.033,0.3313,0.1637,-1.49,ALERT
622.067,0.3149,0.1287,1.17,ALERT
622.1,0.3056,0.1406,-2.93,ALERT
622.133,0.2921,0.195,-3.97,ALERT
622.167,0.3372,0.178,0.35,ALERT
622.2,0.3235,0.1608,3.36,ALERT
622.233,0.2826,0.1584,2.61,ALERT
622.267,0.3164,0.0967,-0.11,ALERT
622.3,0.319,0.1212,-0.71,ALERT
622.333,0.3273,0.1101,-1.64,ALERT
622.367,0.312,0.11,1.55,ALERT
622.4,0.2928,0.1177,-3.94,ALERT
622.433,0.2925,0.0865,0.03,ALERT
622.467,0.3028,0.2051,1.14,ALERT
622.5,0.3314,0.2006,-2.97,ALERT
622.533,0.3007,0.1479,-3.78,ALERT
622.567,0.3181,0.2085,-1.58,ALERT
622.6,0.2953,0.1066,2.11,ALERT
622.633,0.3031,0.1404,1.76,ALERT
622.667,0.3172,0.1317,2.03,ALERT
622.7,0.3337,0.0999,0.9,ALERT
622.733,0.2854,0.1762,-3.57,ALERT
622.767,0.3067,0.1981,0.84,ALERT
622.8,0.3396,0.2006,-1.58,ALERT
622.833,0.3209,0.1798,2.53,ALERT
622.867,0.2873,0.2153,-0.48,ALERT
622.9,0.3045,0.0976,0.92,ALERT
622.933,0.3165,0.1354,-0.85,ALERT
622.967,0.2828,0.118,3.32,ALERT
623.0,0.3325,0.1276,-2.02,ALERT
623.033,0.3037,0.2015,-2.12,ALERT
623.067,0.2843,0.1425,-1.37,ALERT
623.1,0.3065,0.1199,-1.55,ALERT
623.133,0.288,0.1895,0.73,ALERT
623.167,0.3303,0.1522,-0.9,ALERT
623.2,0.2878,0.1259,-0.05,ALERT
623.233,0.3337,0.1466,2.61,ALERT
623.267,0.2846,0.1122,-0.2,ALERT
623.3,0.3372,0.1838,-1.23,ALERT
623.333,0.281,0.0879,-2.42,ALERT
623.367,0.3025,0.126,2.07,ALERT
623.4,0.3013,0.2154,2.89,ALERT
623.433,0.2993,0.1031,-1.74,ALERT
623.467,0.3301,0.158,3.38,ALERT
623.5,0.3155,0.164,-0.72,ALERT
623.533,0.3366,0.0827,-1.41,ALERT
623.567,0.2861,0.2071,2.6,ALERT
623.6,0.327,0.091,2.77,ALERT
623.633,0.3259,0.0851,0.57,ALERT
623.667,0.319,0.1992,-0.89,ALERT
623.7,0.3243,0.207,-1.46,ALERT
623.733,0.3366,0.1608,3.86,ALERT
623.767,0.3112,0.1796,0.61,ALERT
623.8,0.3369,0.0975,-2.92,ALERT
623.833,0.3072,0.1704,0.11,ALERT
623.867,0.2982,0.1016,-1.33,ALERT
623.9,0.291,0.1297,0.6,ALERT
623.933,0.3038,0.1963,2.13,ALERT
623.967,0.2885,0.1941,-2.09,ALERT
624.0,0.2833,0.1981,-2.37,ALERT
624.033,0.3263,0.1162,2.33,ALERT
624.067,0.328,0.148,3.78,ALERT
624.1,0.307,0.0971,3.36,ALERT
624.133,0.3036,0.1028,-3.74,ALERT
624.167,0.2977,0.1682,-1.26,ALERT
624.2,0.3313,0.1848,-0.61,ALERT
624.233,0.3109,0.1598,-1.54,ALERT
624.267,0.3046,0.1232,-1.81,ALERT
624.3,0.3072,0.1546,3.69,ALERT
624.333,0.3283,0.1226,0.74,ALERT
624.367,0.3099,0.1178,1.92,ALERT
624.4,0.3209,0.1589,-2.15,ALERT
624.433,0.1517,0.1171,2.73,ALERT
624.467,0.3266,0.2061,-2.23,ALERT
624.5,0.3371,0.146,-0.96,ALERT
624.533,0.3355,0.1648,2.91,ALERT
624.567,0.2863,0.1359,0.73,ALERT
624.6,0.301,0.1187,2.06,ALERT
624.633,0.3297,0.1751,-2.55,ALERT
624.667,0.2941,0.1972,0.43,ALERT
624.7,0.2991,0.1999,3.57,ALERT
624.733,0.3179,0.1806,-1.17,ALERT
624.767,0.2852,0.1383,-1.4,ALERT
624.8,0.3066,0.1412,1.23,ALERT
624.833,0.307,0.167,-2.99,ALERT
624.867,0.3061,0.1415,-0.25,ALERT
624.9,0.2928,0.2108,-3.19,ALERT
624.933,0.2835,0.109,0.17,ALERT
624.967,0.2917,0.1158,-1.37,ALERT
625.0,0.2818,0.1849,-3.87,ALERT
625.033,0.3027,0.1479,-2.4,ALERT
625.067,0.3081,0.108,-3.82,ALERT
625.1,0.2967,0.1186,-1.23,ALERT
625.133,0.3104,0.18,0.31,ALERT
625.167,0.3345,0.2198,-0.01,ALERT
625.2,0.3073,0.1245,1.6,ALERT
625.233,0.303,0.1744,1.02,ALERT
625.267,0.2926,0.1871,-0.17,ALERT
625.3,0.3152,0.0977,-0.47,ALERT
625.333,0.312,0.1757,-3.89,ALERT
625.367,0.2803,0.1133,2.36,ALERT
625.4,0.3259,0.1873,1.96,ALERT
625.433,0.3306,0.1868,1.88,ALERT
625.467,0.3044,0.1117,3.38,ALERT
625.5,0.2974,0.1227,-3.86,ALERT
625.533,0.3304,0.1138,2.64,ALERT
625.567,0.2812,0.1396,-3.48,ALERT
625.6,0.3371,0.1148,-1.34,ALERT
625.633,0.3132,0.1436,-1.08,ALERT
625.667,0.3237,0.1372,1.91,ALERT
625.7,0.3338,0.1429,-2.53,ALERT
625.733,0.3079,0.2017,0.76,ALERT
625.767,0.2923,0.1287,-2.22,ALERT
625.8,0.3335,0.0992,2.06,ALERT
625.833,0.3165,0.1656,-1.25,ALERT
625.867,0.3073,0.1542,2.94,ALERT
625.9,0.2926,0.2011,2.16,ALERT
625.933,0.34,0.1093,-0.92,ALERT
625.967,0.3095,0.1326,-2.29,ALERT
626.0,0.3272,0.1302,1.37,ALERT
626.033,0.3033,0.1166,-2.43,ALERT
626.067,0.3039,0.1705,0.9,ALERT
626.1,0.3032,0.1418,2.62,ALERT
626.133,0.3211,0.1215,2.23,ALERT
626.167,0.3178,0.1416,2.13,ALERT
626.2,0.3244,0.1375,3.45,ALERT
626.233,0.2808,0.2114,3.4,ALERT
626.267,0.3235,0.1376,0.1,ALERT
626.3,0.3118,0.2047,3.85,ALERT
626.333,0.2996,0.1335,3.59,ALERT
626.367,0.335,0.1537,-3.53,ALERT
626.4,0.337,0.2067,-3.11,ALERT
626.433,0.3368,0.1667,3.55,ALERT
626.467,0.3244,0.0805,-1.74,ALERT
626.5,0.3349,0.1356,-1.84,ALERT
626.533,0.2856,0.1187,0.3,ALERT
626.567,0.3159,0.1053,1.26,ALERT
626.6,0.33,0.1078,1.84,ALERT
626.633,0.3155,0.1513,3.07,ALERT
626.667,0.2911,0.1205,3.87,ALERT
626.7,0.2927,0.173,-1.61,ALERT
626.733,0.2861,0.1911,-0.64,ALERT
626.767,0.2881,0.1838,-0.75,ALERT
626.8,0.2878,0.1143,1.7,ALERT
626.833,0.3226,0.087,-3.64,ALERT
626.867,0.3098,0.1499,2.86,ALERT
626.9,0.3172,0.1318,-1.72,ALERT
626.933,0.2897,0.1081,-0.65,ALERT
626.967,0.3395,0.1699,-2.39,ALERT
627.0,0.2991,0.1845,2.77,ALERT
627.033,0.3316,0.1961,-3.64,ALERT
627.067,0.3098,0.1546,-2.03,ALERT
627.1,0.292,0.187,-3.79,ALERT
627.133,0.2924,0.1365,2.71,ALERT
627.167,0.3389,0.1421,-3.35,ALERT
627.2,0.1468,0.2156,2.95,ALERT
627.233,0.3367,0.1723,-2.84,ALERT
627.267,0.3038,0.1381,2.72,ALERT
627.3,0.1696,0.0811,2.04,ALERT
627.333,0.3156,0.1211,2.35,ALERT
627.367,0.3368,0.1315,-2.4,ALERT
627.4,0.2971,0.1221,1.97,ALERT
627.433,0.3349,0.1808,1.09,ALERT
627.467,0.3065,0.125,0.28,ALERT
627.5,0.3091,0.1682,-3.28,ALERT
627.533,0.2849,0.195,2.6,ALERT
627.567,0.3235,0.1617,3.09,ALERT
627.6,0.3377,0.1186,2.18,ALERT
627.633,0.3284,0.1055,-2.18,ALERT
627.667,0.3009,0.2195,-3.44,ALERT
627.7,0.282,0.1902,0.35,ALERT
627.733,0.329,0.1021,3.24,ALERT
627.767,0.3385,0.083,2.81,ALERT
627.8,0.3059,0.114,-1.87,ALERT
627.833,0.3138,0.1681,0.16,ALERT
627.867,0.322,0.1796,1.91,ALERT
627.9,0.3082,0.1831,0.59,ALERT
627.933,0.2889,0.1029,2.3,ALERT
627.967,0.2963,0.0981,-3.69,ALERT
628.0,0.3248,0.1059,1.63,ALERT
628.033,0.3149,0.1011,-0.99,ALERT
628.067,0.2973,0.1233,2.13,ALERT
628.1,0.1459,0.1549,-1.86,ALERT
628.133,0.2929,0.114,0.13,ALERT
628.167,0.295,0.2086,1.96,ALERT
628.2,0.3206,0.0956,-1.58,ALERT
628.233,0.3356,0.081,-3.06,ALERT
628.267,0.2977,0.1393,1.62,ALERT
628.3,0.3311,0.0973,0.28,ALERT
628.333,0.3072,0.215,-3.77,ALERT
628.367,0.3242,0.1191,-2.54,ALERT
628.4,0.3258,0.1092,-1.12,ALERT
628.433,0.2853,0.168,-3.05,ALERT
628.467,0.2802,0.1874,1.95,ALERT
628.5,0.3067,0.2163,-1.96,ALERT
628.533,0.2876,0.1738,-1.25,ALERT
628.567,0.3287,0.1628,2.71,ALERT
628.6,0.3331,0.1725,-0.42,ALERT
628.633,0.3373,0.1442,2.36,ALERT
628.667,0.3142,0.2044,-3.78,ALERT
628.7,0.284,0.1752,-2.5,ALERT
628.733,0.3066,0.0874,-3.88,ALERT
628.767,0.3283,0.1121,-1.23,ALERT
628.8,0.3071,0.0929,3.15,ALERT
628.833,0.328,0.1871,2.66,ALERT
628.867,0.3393,0.2069,-3.75,ALERT
628.9,0.3332,0.1341,0.51,ALERT
628.933,0.305,0.1557,-3.29,ALERT
628.967,0.1431,0.2022,3.69,ALERT
629.0,0.3079,0.1873,3.64,ALERT
629.033,0.3053,0.0951,-1.58,ALERT
629.067,0.3051,0.0997,-3.44,ALERT
629.1,0.3211,0.2033,3.72,ALERT
629.133,0.3233,0.1256,-0.35,ALERT
629.167,0.1666,0.1672,-0.53,ALERT
629.2,0.3092,0.1574,-1.77,ALERT
629.233,0.2815,0.2152,-0.81,ALERT
629.267,0.3146,0.1354,3.62,ALERT
629.3,0.3083,0.2142,2.68,ALERT
629.333,0.2959,0.2155,-0.11,ALERT
629.367,0.1292,0.1116,-3.49,ALERT
629.4,0.3177,0.1606,2.26,ALERT
629.433,0.2957,0.099,1.84,ALERT
629.467,0.1213,0.1615,1.88,ALERT
629.5,0.3199,0.0814,3.47,ALERT
629.533,0.18,0.1829,-2.15,ALERT
629.567,0.3267,0.1462,-3.47,ALERT
629.6,0.2924,0.1329,-3.37,ALERT
629.633,0.3047,0.1944,1.05,ALERT
629.667,0.3358,0.0943,3.55,ALERT
629.7,0.3398,0.1981,0.1,ALERT
629.733,0.3341,0.2138,-2.43,ALERT
629.767,0.3143,0.1389,1.05,ALERT
629.8,0.2828,0.1106,1.06,ALERT
629.833,0.2807,0.1348,3.42,ALERT
629.867,0.3351,0.1506,-3.14,ALERT
629.9,0.3318,0.1434,0.85,ALERT
629.933,0.3078,0.0814,1.07,ALERT
629.967,0.1552,0.1603,0.89,ALERT
630.0,0.3093,0.2168,1.42,ALERT
630.033,0.3014,0.1957,-3.92,ALERT
630.067,0.2992,0.1827,3.99,ALERT
630.1,0.3023,0.1446,0.71,ALERT
630.133,0.2964,0.1835,0.67,ALERT
630.167,0.3376,0.1476,3.22,ALERT
630.2,0.3046,0.0808,-0.78,ALERT
630.233,0.3207,0.1906,0.94,ALERT
630.267,0.1417,0.1783,3.1,ALERT
630.3,0.3328,0.1984,-0.1,ALERT
630.333,0.3172,0.1351,2.26,ALERT
630.367,0.3032,0.114,-2.73,ALERT
630.4,0.3014,0.1835,2.89,ALERT
630.433,0.3009,0.1573,3.38,ALERT
630.467,0.338,0.2115,-0.32,ALERT
630.5,0.3265,0.1626,1.1,ALERT
630.533,0.2847,0.2079,0.66,ALERT
630.567,0.3092,0.1949,2.27,ALERT
630.6,0.3291,0.1566,1.46,ALERT
630.633,0.3186,0.2082,0.01,ALERT
630.667,0.3331,0.1291,-0.07,ALERT
630.7,0.3188,0.0992,2.39,ALERT
630.733,0.2902,0.1484,-1.14,ALERT
630.767,0.3172,0.1761,-0.9,ALERT
630.8,0.3117,0.1384,-1.71,ALERT
630.833,0.294,0.1526,-0.2,ALERT
630.867,0.3323,0.1951,-3.61,ALERT
630.9,0.3174,0.1788,-3.14,ALERT
630.933,0.3376,0.198,-3.5,ALERT
630.967,0.3096,0.1271,-2.39,ALERT
631.0,0.3299,0.1568,-2.38,ALERT
631.033,0.3064,0.1655,0.07,ALERT
631.067,0.3072,0.0864,2.63,ALERT
631.1,0.2981,0.1189,1.96,ALERT
631.133,0.3289,0.0938,2.62,ALERT
631.167,0.3058,0.2166,-2.22,ALERT
631.2,0.2989,0.1439,-3.75,ALERT
631.233,0.327,0.0802,-0.17,ALERT
631.267,0.2865,0.1023,1.86,ALERT
631.3,0.2943,0.0978,1.45,ALERT
631.333,0.2949,0.1647,-0.75,ALERT
631.367,0.3352,0.1419,2.3,ALERT
631.4,0.3248,0.1848,3.89,ALERT
631.433,0.2883,0.0846,1.54,ALERT
631.467,0.3337,0.1847,0.49,ALERT
631.5,0.3393,0.1641,-2.87,ALERT
631.533,0.3069,0.14,-0.74,ALERT
631.567,0.3122,0.1171,-2.72,ALERT
631.6,0.3323,0.2046,3.77,ALERT
631.633,0.2867,0.1496,0.01,ALERT
631.667,0.3137,0.2117,1.43,ALERT
631.7,0.2996,0.1854,-3.89,ALERT
631.733,0.3306,0.1193,-1.7,ALERT
631.767,0.3113,0.1591,-3.96,ALERT
631.8,0.3367,0.2131,3.25,ALERT
631.833,0.3356,0.2149,3.39,ALERT
631.867,0.2842,0.1668,-1.96,ALERT
631.9,0.3122,0.1745,-3.51,ALERT
631.933,0.3381,0.1135,0.16,ALERT
631.967,0.2927,0.1036,-2.49,ALERT
632.0,0.2943,0.1369,-3.55,ALERT
632.033,0.3222,0.0903,-0.21,ALERT
632.067,0.3324,0.1371,1.51,ALERT
632.1,0.281,0.1952,-1.68,ALERT
632.133,0.3111,0.081,-1.48,ALERT
632.167,0.3236,0.0953,-3.33,ALERT
632.2,0.285,0.1029,-0.91,ALERT
632.233,0.3102,0.1399,-0.11,ALERT
632.267,0.3252,0.1593,-2.71,ALERT
632.3,0.3216,0.0902,2.33,ALERT
632.333,0.2974,0.1373,-3.6,ALERT
632.367,0.2847,0.131,-2.44,ALERT
632.4,0.3216,0.1957,2.43,ALERT
632.433,0.2928,0.1956,-1.5,ALERT
632.467,0.284,0.2142,1.02,ALERT
632.5,0.3057,0.1458,1.58,ALERT
632.533,0.2907,0.1909,-2.71,ALERT
632.567,0.3175,0.0921,-0.62,ALERT
632.6,0.2894,0.2123,0.15,ALERT
632.633,0.1449,0.0804,-0.03,ALERT
632.667,0.311,0.1532,0.73,ALERT
632.7,0.3212,0.1138,-2.11,ALERT
632.733,0.3241,0.204,0.28,ALERT
632.767,0.286,0.217,-0.86,ALERT
632.8,0.2957,0.1124,-2.55,ALERT
632.833,0.3186,0.1448,3.32,ALERT
632.867,0.315,0.1046,2.86,ALERT
632.9,0.3345,0.2087,3.7,ALERT
632.933,0.3129,0.099,2.04,ALERT
632.967,0.3118,0.1929,0.39,ALERT
633.0,0.3312,0.1323,2.53,ALERT
633.033,0.1287,0.1709,1.3,ALERT
633.067,0.3309,0.1846,-3.42,ALERT
633.1,0.2884,0.1691,3.61,ALERT
633.133,0.323,0.1731,-0.19,ALERT
633.167,0.314,0.1385,-3.89,ALERT
633.2,0.3336,0.1809,3.82,ALERT
633.233,0.3399,0.1969,1.08,ALERT
633.267,0.3014,0.1692,-0.29,ALERT
633.3,0.2852,0.1728,2.64,ALERT
633.333,0.2844,0.0939,0.43,ALERT
633.367,0.3283,0.1203,-1.14,ALERT
633.4,0.3137,0.1747,-3.78,ALERT
633.433,0.2848,0.0836,1.91,ALERT
633.467,0.3169,0.0995,-2.28,ALERT
633.5,0.3361,0.1663,-1.28,ALERT
633.533,0.3288,0.1773,-2.27,ALERT
633.567,0.31,0.1579,-3.91,ALERT
633.6,0.3165,0.1521,-3.13,ALERT
633.633,0.3348,0.1031,-0.3,ALERT
633.667,0.3084,0.1943,2.78,ALERT
633.7,0.1571,0.1986,3.95,ALERT
633.733,0.3119,0.0853,-0.25,ALERT
633.767,0.2972,0.0894,1.07,ALERT
633.8,0.3309,0.117,-0.44,ALERT
633.833,0.2895,0.1789,2.42,ALERT
633.867,0.3253,0.1698,2.62,ALERT
633.9,0.3271,0.1037,1.91,ALERT
633.933,0.3056,0.1417,-1.09,ALERT
633.967,0.3213,0.1658,0.17,ALERT
634.0,0.2947,0.205,2.76,ALERT
634.033,0.3085,0.1239,2.43,ALERT
634.067,0.3066,0.1284,3.43,ALERT
634.1,0.3081,0.1123,2.33,ALERT
634.133,0.3106,0.1569,3.76,ALERT
634.167,0.3383,0.1378,-0.37,ALERT
634.2,0.3043,0.1507,-0.59,ALERT
634.233,0.3156,0.1146,-0.62,ALERT
634.267,0.2963,0.1123,2.68,ALERT
634.3,0.2893,0.2016,-1.19,ALERT
634.333,0.3382,0.0879,3.11,ALERT
634.367,0.2875,0.1034,0.69,ALERT
634.4,0.3393,0.0965,-2.3,ALERT
634.433,0.3101,0.2094,1.36,ALERT
634.467,0.3099,0.1794,-2.59,ALERT
634.5,0.3053,0.1663,3.11,ALERT
634.533,0.2851,0.1617,1.06,ALERT
634.567,0.2829,0.0989,-3.44,ALERT
634.6,0.3191,0.2011,0.56,ALERT
634.633,0.3183,0.1609,-3.33,ALERT
634.667,0.3175,0.2144,-3.17,ALERT
634.7,0.2982,0.0916,-2.44,ALERT
634.733,0.316,0.0841,-1.75,ALERT
634.767,0.3398,0.2193,-3.25,ALERT
634.8,0.34,0.1733,2.2,ALERT
634.833,0.3367,0.1983,-1.43,ALERT
634.867,0.2837,0.0868,-0.65,ALERT
634.9,0.3398,0.1503,3.83,ALERT
634.933,0.3031,0.2029,-1.54,ALERT
634.967,0.3079,0.2121,0.95,ALERT
635.0,0.3061,0.1454,-1.87,ALERT
635.033,0.1249,0.1459,-0.96,ALERT
635.067,0.3296,0.1564,1.15,ALERT
635.1,0.3097,0.1888,-0.17,ALERT
635.133,0.2963,0.0972,2.22,ALERT
635.167,0.2966,0.1236,2.14,ALERT
635.2,0.3287,0.1224,3.85,ALERT
635.233,0.3153,0.1151,1.52,ALERT
635.267,0.3379,0.1879,-3.51,ALERT
635.3,0.2999,0.1065,2.68,ALERT
635.333,0.3277,0.2047,-2.19,ALERT
635.367,0.3032,0.1801,3.62,ALERT
635.4,0.2806,0.1438,2.83,ALERT
635.433,0.3091,0.1077,2.62,ALERT
635.467,0.322,0.1825,0.16,ALERT
635.5,0.2861,0.1113,2.14,ALERT
635.533,0.3168,0.1867,3.7,ALERT
635.567,0.3337,0.0804,-2.45,ALERT
635.6,0.3097,0.1802,-0.98,ALERT
635.633,0.312,0.187,0.89,ALERT
635.667,0.3017,0.1752,3.54,ALERT
635.7,0.3264,0.0878,-3.89,ALERT
635.733,0.2852,0.107,-0.02,ALERT
635.767,0.3245,0.1326,0.8,ALERT
635.8,0.1362,0.1616,1.76,ALERT
635.833,0.2982,0.1569,-2.59,ALERT
635.867,0.1543,0.1997,-11.31,DROWSY
635.9,0.1072,0.271,-11.8,DROWSY
635.933,0.1196,0.1844,-14.62,DROWSY
635.967,0.1115,0.2393,-16.97,DROWSY
636.0,0.1138,0.1982,-16.51,DROWSY
636.033,0.1641,0.2128,-17.64,DROWSY
636.067,0.1005,0.1703,-15.86,DROWSY
636.1,0.1195,0.3825,-16.47,DROWSY
636.133,0.1052,0.2949,-15.67,DROWSY
636.167,0.1604,0.3155,-14.12,DROWSY
636.2,0.1424,0.2096,-11.71,DROWSY
636.233,0.152,0.3783,-17.98,DROWSY
636.267,0.1539,0.1949,-15.49,DROWSY
636.3,0.1575,0.3283,-11.69,DROWSY
636.333,0.1694,0.3806,-16.39,DROWSY
636.367,0.103,0.2996,-11.95,DROWSY
636.4,0.1549,0.3443,-11.89,DROWSY
636.433,0.1626,0.294,-15.56,DROWSY
636.467,0.1236,0.1754,-17.49,DROWSY
636.5,0.1084,0.3731,-14.61,DROWSY
636.533,0.1667,0.3297,-14.79,DROWSY
636.567,0.1274,0.3543,-13.44,DROWSY
636.6,0.1345,0.3774,-15.71,DROWSY
636.633,0.1286,0.3726,-10.59,DROWSY
636.667,0.1429,0.365,-13.59,DROWSY
636.7,0.1585,0.3719,-13.47,DROWSY
636.733,0.1328,0.3506,-17.32,DROWSY
636.767,0.1395,0.3326,-11.25,DROWSY
636.8,0.1307,0.3668,-17.63,DROWSY
636.833,0.1275,0.3641,-13.04,DROWSY
636.867,0.159,0.3685,-12.81,DROWSY
636.9,0.1027,0.2379,-14.18,DROWSY
636.933,0.1685,0.2465,-17.05,DROWSY
636.967,0.1499,0.2039,-16.41,DROWSY
637.0,0.1632,0.2212,-17.89,DROWSY
637.033,0.1251,0.3867,-14.15,DROWSY
637.067,0.1545,0.3949,-15.98,DROWSY
637.1,0.1126,0.187,-14.67,DROWSY
637.133,0.1444,0.316,-10.46,DROWSY
637.167,0.1136,0.1917,-15.42,DROWSY
637.2,0.1263,0.241,-11.92,DROWSY
637.233,0.1333,0.2387,-10.52,DROWSY
637.267,0.1086,0.3811,-16.07,DROWSY
637.3,0.1073,0.1756,-13.22,DROWSY
637.333,0.1675,0.3852,-14.37,DROWSY
637.367,0.1624,0.2999,-10.27,DROWSY
637.4,0.1347,0.3574,-13.85,DROWSY
637.433,0.1609,0.191,-14.82,DROWSY
637.467,0.1414,0.2765,-14.94,DROWSY
637.5,0.1204,0.2496,-15.17,DROWSY
637.533,0.1477,0.3495,-17.02,DROWSY
637.567,0.1674,0.3704,-17.11,DROWSY
637.6,0.1043,0.2322,-15.87,DROWSY
637.633,0.1324,0.1892,-12.97,DROWSY
637.667,0.1428,0.219,-11.48,DROWSY
637.7,0.1419,0.2754,-15.83,DROWSY
637.733,0.1449,0.3025,-10.58,DROWSY
637.767,0.1231,0.2443,-13.2,DROWSY
637.8,0.1047,0.362,-11.53,DROWSY
637.833,0.1598,0.156,-17.35,DROWSY
637.867,0.1324,0.1634,-12.23,DROWSY
637.9,0.1527,0.3295,-10.6,DROWSY
637.933,0.1238,0.1706,-15.91,DROWSY
637.967,0.1369,0.373,-13.39,DROWSY
638.0,0.1172,0.3341,-16.05,DROWSY
638.033,0.1668,0.1879,-12.64,DROWSY
638.067,0.117,0.3427,-15.47,DROWSY
638.1,0.1683,0.3952,-13.24,DROWSY
638.133,0.1639,0.1536,-15.31,DROWSY
638.167,0.1652,0.2033,-12.21,DROWSY
638.2,0.1497,0.2365,-15.24,DROWSY
638.233,0.1194,0.2156,-16.91,DROWSY
638.267,0.1238,0.2319,-15.24,DROWSY
638.3,0.1143,0.3692,-12.2,DROWSY
638.333,0.1617,0.1865,-11.55,DROWSY
638.367,0.1478,0.1517,-11.13,DROWSY
638.4,0.1658,0.209,-10.52,DROWSY
638.433,0.1037,0.1798,-13.08,DROWSY
638.467,0.1234,0.3928,-13.07,DROWSY
638.5,0.1369,0.1642,-17.31,DROWSY
638.533,0.1455,0.3759,-10.21,DROWSY
638.567,0.1027,0.1821,-11.24,DROWSY
638.6,0.1457,0.3921,-13.69,DROWSY
638.633,0.1666,0.2207,-16.2,DROWSY
638.667,0.1183,0.2482,-11.25,DROWSY
638.7,0.1659,0.1874,-15.53,DROWSY
638.733,0.1539,0.3955,-17.56,DROWSY
638.767,0.1386,0.3444,-14.43,DROWSY
638.8,0.1049,0.2221,-10.6,DROWSY
638.833,0.1537,0.3096,-16.75,DROWSY
638.867,0.1221,0.2353,-15.67,DROWSY
638.9,0.1104,0.3376,-14.03,DROWSY
638.933,0.1295,0.2754,-10.1,DROWSY
638.967,0.122,0.352,-14.33,DROWSY
639.0,0.1272,0.3033,-17.15,DROWSY
639.033,0.1089,0.228,-17.23,DROWSY
639.067,0.1638,0.2919,-11.14,DROWSY
639.1,0.1548,0.2565,-11.14,DROWSY
639.133,0.1204,0.2677,-13.79,DROWSY
639.167,0.1092,0.2391,-10.74,DROWSY
639.2,0.162,0.2959,-17.45,DROWSY
639.233,0.1161,0.1523,-12.09,DROWSY
639.267,0.1057,0.2127,-17.07,DROWSY
639.3,0.1027,0.1687,-15.94,DROWSY
639.333,0.1106,0.3124,-12.45,DROWSY
639.367,0.1465,0.2865,-11.26,DROWSY
639.4,0.1671,0.1572,-15.92,DROWSY
639.433,0.1694,0.2931,-16.58,DROWSY
639.467,0.1317,0.2986,-17.65,DROWSY
639.5,0.1628,0.3795,-14.91,DROWSY
639.533,0.1514,0.285,-15.93,DROWSY
639.567,0.1203,0.1603,-16.9,DROWSY
639.6,0.1619,0.391,-16.58,DROWSY
639.633,0.169,0.3017,-15.99,DROWSY
639.667,0.1664,0.3514,-12.16,DROWSY
639.7,0.3188,0.1449,-3.59,ALERT
639.733,0.2855,0.1934,-3.86,ALERT
639.767,0.2896,0.1347,2.1,ALERT
639.8,0.2903,0.0882,-3.63,ALERT
639.833,0.3264,0.1612,-1.38,ALERT
639.867,0.3052,0.1021,3.34,ALERT
639.9,0.3148,0.2011,-1.41,ALERT
639.933,0.3045,0.1117,1.1,ALERT
639.967,0.305,0.1825,1.16,ALERT
640.0,0.3237,0.0813,-0.99,ALERT
640.033,0.3366,0.089,3.24,ALERT
640.067,0.3358,0.1561,-0.32,ALERT
640.1,0.2821,0.124,-2.02,ALERT
640.133,0.3068,0.1675,1.26,ALERT
640.167,0.2909,0.1069,-3.89,ALERT
640.2,0.2991,0.1251,2.56,ALERT
640.233,0.2874,0.2027,2.3,ALERT
640.267,0.3261,0.1756,0.11,ALERT
640.3,0.3032,0.2112,-1.94,ALERT
640.333,0.3277,0.198,0.77,ALERT
640.367,0.2852,0.1769,-1.69,ALERT
640.4,0.306,0.1713,1.22,ALERT
640.433,0.283,0.162,-1.25,ALERT
640.467,0.3345,0.1399,-1.51,ALERT
640.5,0.2877,0.1249,1.44,ALERT
640.533,0.3027,0.1857,-1.07,ALERT
640.567,0.321,0.1303,-1.63,ALERT
640.6,0.3234,0.1365,3.19,ALERT
640.633,0.3194,0.1382,-2.37,ALERT
640.667,0.3054,0.1556,-3.27,ALERT
640.7,0.3382,0.1966,3.84,ALERT
640.733,0.2984,0.093,-1.17,ALERT
640.767,0.3381,0.1014,-1.09,ALERT
640.8,0.2897,0.1914,3.49,ALERT
640.833,0.2941,0.1262,0.35,ALERT
640.867,0.2926,0.1663,0.76,ALERT
640.9,0.3284,0.122,2.09,ALERT
640.933,0.2902,0.2027,-1.99,ALERT
640.967,0.3186,0.1435,-0.37,ALERT
641.0,0.3156,0.0803,-1.13,ALERT
641.033,0.3289,0.1555,2.24,ALERT
641.067,0.2934,0.1035,-0.91,ALERT
641.1,0.3244,0.1473,2.37,ALERT
641.133,0.2965,0.2096,-1.2,ALERT
641.167,0.3201,0.0925,0.43,ALERT
641.2,0.3058,0.1318,-0.54,ALERT
641.233,0.2867,0.1244,-1.91,ALERT
641.267,0.335,0.0964,3.88,ALERT
641.3,0.2987,0.1117,-1.91,ALERT
641.333,0.2819,0.1762,-3.55,ALERT
641.367,0.3247,0.0936,-2.69,ALERT
641.4,0.3181,0.2162,3.37,ALERT
641.433,0.3217,0.1778,-2.21,ALERT
641.467,0.3108,0.1194,-2.69,ALERT
641.5,0.3067,0.1065,1.79,ALERT
641.533,0.2873,0.1971,0.4,ALERT
641.567,0.3004,0.1171,1.22,ALERT
641.6,0.2974,0.2081,2.47,ALERT
641.633,0.3381,0.0859,-1.69,ALERT
641.667,0.3132,0.1796,-2.04,ALERT
641.7,0.3098,0.1067,-1.65,ALERT
641.733,0.3338,0.1489,-2.42,ALERT
641.767,0.3155,0.1609,-3.67,ALERT
641.8,0.3067,0.1629,3.2,ALERT
641.833,0.2978,0.1735,3.98,ALERT
641.867,0.307,0.2176,-0.01,ALERT
641.9,0.3176,0.1796,3.71,ALERT
641.933,0.3105,0.1845,-0.84,ALERT
641.967,0.2873,0.1251,-1.35,ALERT
642.0,0.3128,0.128,-1.63,ALERT
642.033,0.3078,0.182,-1.94,ALERT
642.067,0.3378,0.1821,3.31,ALERT
642.1,0.3372,0.1798,2.34,ALERT
642.133,0.3355,0.2024,-3.84,ALERT
642.167,0.3174,0.1033,2.51,ALERT
642.2,0.3167,0.0876,0.1,ALERT
642.233,0.3363,0.1743,0.78,ALERT
642.267,0.311,0.19,3.63,ALERT
642.3,0.1276,0.1719,-1.18,ALERT
642.333,0.2924,0.1155,2.57,ALERT
642.367,0.298,0.1675,-3.56,ALERT
642.4,0.3383,0.1659,1.87,ALERT
642.433,0.3124,0.1424,-2.39,ALERT
642.467,0.3124,0.0833,-3.01,ALERT
642.5,0.3034,0.1143,-3.89,ALERT
642.533,0.2919,0.1369,-0.02,ALERT
642.567,0.2999,0.0973,-1.27,ALERT
642.6,0.3326,0.1681,1.9,ALERT
642.633,0.3049,0.1972,-0.33,ALERT
642.667,0.287,0.143,1.67,ALERT
642.7,0.3065,0.1825,-3.88,ALERT
642.733,0.3034,0.1524,3.93,ALERT
642.767,0.3394,0.1824,3.72,ALERT
642.8,0.3119,0.1734,3.54,ALERT
642.833,0.3101,0.1599,1.37,ALERT
642.867,0.335,0.1582,-1.95,ALERT
642.9,0.3197,0.1605,-0.99,ALERT
642.933,0.3041,0.1608,-1.88,ALERT
642.967,0.3238,0.1896,3.32,ALERT
643.0,0.3388,0.2191,-3.31,ALERT
643.033,0.3323,0.1929,0.81,ALERT
643.067,0.2807,0.1319,0.11,ALERT
643.1,0.2862,0.2038,-1.81,ALERT
643.133,0.2992,0.1351,0.14,ALERT
643.167,0.2972,0.1851,2.69,ALERT
643.2,0.3131,0.177,-1.76,ALERT
643.233,0.3095,0.0895,0.65,ALERT
643.267,0.3373,0.2044,1.76,ALERT
643.3,0.3348,0.1206,3.36,ALERT
643.333,0.2885,0.1023,3.45,ALERT
643.367,0.3037,0.0947,2.95,ALERT
643.4,0.2992,0.136,0.74,ALERT
643.433,0.3006,0.0979,2.08,ALERT
643.467,0.3236,0.1241,2.79,ALERT
643.5,0.3126,0.1577,-2.73,ALERT
643.533,0.2948,0.0911,3.69,ALERT
643.567,0.2926,0.2146,-0.38,ALERT
643.6,0.3048,0.1507,1.25,ALERT
643.633,0.3372,0.1819,-0.62,ALERT
643.667,0.3072,0.1704,-3.85,ALERT
643.7,0.3052,0.0851,0.31,ALERT
643.733,0.2937,0.1518,-0.08,ALERT
643.767,0.316,0.17,-0.11,ALERT
643.8,0.2895,0.0828,0.27,ALERT
643.833,0.3338,0.2029,3.71,ALERT
643.867,0.3145,0.196,-2.66,ALERT
643.9,0.3364,0.1566,1.66,ALERT
643.933,0.2836,0.1403,-3.0,ALERT
643.967,0.2826,0.135,-3.63,ALERT
644.0,0.3254,0.13,-0.91,ALERT
644.033,0.3221,0.1079,1.95,ALERT
644.067,0.3251,0.1017,1.19,ALERT
644.1,0.3235,0.1055,-1.88,ALERT
644.133,0.2834,0.1693,3.18,ALERT
644.167,0.3074,0.1317,-3.53,ALERT
644.2,0.1477,0.1144,0.56,ALERT
644.233,0.2912,0.1038,-1.84,ALERT
644.267,0.3014,0.1611,0.57,ALERT
644.3,0.3152,0.143,-3.76,ALERT
644.333,0.2823,0.2049,-1.22,ALERT
644.367,0.3203,0.1073,-3.42,ALERT
644.4,0.3163,0.0918,-0.42,ALERT
644.433,0.3183,0.1111,-0.44,ALERT
644.467,0.2808,0.0901,-3.41,ALERT
644.5,0.3384,0.1712,-3.68,ALERT
644.533,0.294,0.1387,2.23,ALERT
644.567,0.292,0.1354,-1.45,ALERT
644.6,0.2878,0.2035,3.7,ALERT
644.633,0.2866,0.2047,0.39,ALERT
644.667,0.2808,0.0926,3.04,ALERT
644.7,0.3061,0.1555,2.27,ALERT
644.733,0.306,0.1856,-1.45,ALERT
644.767,0.3022,0.1385,3.9,ALERT
644.8,0.3061,0.0827,3.38,ALERT
644.833,0.3222,0.0972,1.44,ALERT
644.867,0.3232,0.1903,2.74,ALERT
644.9,0.2899,0.1976,3.59,ALERT
644.933,0.3118,0.1669,-1.64,ALERT
644.967,0.2994,0.1239,0.32,ALERT
645.0,0.3168,0.1756,1.43,ALERT
645.033,0.2804,0.1456,-1.36,ALERT
645.067,0.3097,0.1313,0.45,ALERT
645.1,0.2842,0.1834,-2.18,ALERT
645.133,0.3083,0.1599,3.13,ALERT
645.167,0.3176,0.2073,1.01,ALERT
645.2,0.3343,0.1448,0.89,ALERT
645.233,0.294,0.1259,-1.23,ALERT
645.267,0.3012,0.0881,1.41,ALERT
645.3,0.312,0.1105,-3.95,ALERT
645.333,0.3245,0.1231,-2.41,ALERT
645.367,0.3354,0.2101,2.57,ALERT
645.4,0.3049,0.1033,3.06,ALERT
645.433,0.3261,0.1167,3.43,ALERT
645.467,0.2973,0.1683,-1.16,ALERT
645.5,0.3341,0.1722,-3.09,ALERT
645.533,0.3379,0.1288,-3.01,ALERT
645.567,0.3334,0.1712,0.4,ALERT
645.6,0.3206,0.1927,-2.96,ALERT
645.633,0.335,0.1501,-0.74,ALERT
645.667,0.1526,0.1754,-3.06,ALERT
645.7,0.3283,0.1875,0.45,ALERT
645.733,0.289,0.1218,3.75,ALERT
645.767,0.3177,0.1016,2.72,ALERT
645.8,0.2859,0.1059,2.07,ALERT
645.833,0.3096,0.0858,0.04,ALERT
645.867,0.3287,0.1665,-3.92,ALERT
645.9,0.2851,0.1696,-1.61,ALERT
645.933,0.3014,0.1772,0.3,ALERT
645.967,0.2889,0.1102,1.53,ALERT
646.0,0.2894,0.1915,-1.85,ALERT
646.033,0.2843,0.1436,-1.32,ALERT
646.067,0.3289,0.192,0.24,ALERT
646.1,0.1266,0.1549,-2.69,ALERT
646.133,0.2875,0.1575,-3.02,ALERT
646.167,0.3242,0.0805,3.36,ALERT
646.2,0.3218,0.1148,-0.82,ALERT
646.233,0.1393,0.1203,-0.21,ALERT
646.267,0.2905,0.2174,0.66,ALERT
646.3,0.3211,0.2079,2.74,ALERT
646.333,0.3124,0.0857,-0.48,ALERT
646.367,0.295,0.1536,-3.02,ALERT
646.4,0.3249,0.087,1.51,ALERT
646.433,0.2908,0.0898,-3.81,ALERT
646.467,0.315,0.1755,1.02,ALERT
646.5,0.2879,0.1939,-0.55,ALERT
646.533,0.3109,0.1719,-3.87,ALERT
646.567,0.294,0.1972,3.3,ALERT
646.6,0.3396,0.0925,1.37,ALERT
646.633,0.3108,0.0939,-2.98,ALERT
646.667,0.3084,0.1437,-0.0,ALERT
646.7,0.315,0.1731,3.7,ALERT
646.733,0.2885,0.2058,-0.39,ALERT
646.767,0.2865,0.1325,0.69,ALERT
646.8,0.2962,0.1229,-3.54,ALERT
646.833,0.3145,0.1707,2.2,ALERT
646.867,0.3159,0.1325,1.86,ALERT
646.9,0.3103,0.1476,-0.21,ALERT
646.933,0.3296,0.1161,-2.43,ALERT
646.967,0.3152,0.2144,-0.23,ALERT
647.0,0.2944,0.1559,3.37,ALERT
647.033,0.3246,0.1109,-3.62,ALERT
647.067,0.3085,0.1053,-0.18,ALERT
647.1,0.3244,0.1351,-2.63,ALERT
647.133,0.3055,0.0975,2.41,ALERT
647.167,0.3311,0.1277,3.55,ALERT
647.2,0.303,0.1678,1.5,ALERT
647.233,0.3389,0.1957,-0.2,ALERT
647.267,0.318,0.0854,-3.63,ALERT
647.3,0.2809,0.1635,-3.52,ALERT
647.333,0.3259,0.1696,1.77,ALERT
647.367,0.2872,0.1282,3.36,ALERT
647.4,0.3217,0.0959,0.29,ALERT
647.433,0.2917,0.178,1.9,ALERT
647.467,0.3141,0.168,0.97,ALERT
647.5,0.1607,0.1993,-0.41,ALERT
647.533,0.3387,0.1887,0.13,ALERT
647.567,0.3028,0.0954,-1.27,ALERT
647.6,0.3229,0.118,1.38,ALERT
647.633,0.2811,0.1246,-3.64,ALERT
647.667,0.296,0.1286,1.92,ALERT
647.7,0.2973,0.1714,-1.58,ALERT
647.733,0.3215,0.1994,-3.35,ALERT
647.767,0.2909,0.0877,-2.29,ALERT
647.8,0.2903,0.1566,2.08,ALERT
647.833,0.2937,0.1692,0.73,ALERT
647.867,0.2985,0.0955,1.61,ALERT
647.9,0.293,0.1557,2.93,ALERT
647.933,0.3364,0.0801,0.07,ALERT
647.967,0.3149,0.1976,-2.45,ALERT
648.0,0.3041,0.2158,-3.65,ALERT
648.033,0.3063,0.1224,3.41,ALERT
648.067,0.3247,0.2184,-2.58,ALERT
648.1,0.3047,0.1386,0.66,ALERT
648.133,0.3196,0.1671,-3.58,ALERT
648.167,0.2967,0.1111,0.05,ALERT
648.2,0.3255,0.1327,0.62,ALERT
648.233,0.2894,0.1664,-2.53,ALERT
648.267,0.3236,0.1383,0.04,ALERT
648.3,0.3082,0.1274,3.23,ALERT
648.333,0.2968,0.0996,3.55,ALERT
648.367,0.2929,0.1479,-2.58,ALERT
648.4,0.3055,0.1082,-0.0,ALERT
648.433,0.3323,0.1389,-0.93,ALERT
648.467,0.3097,0.1057,1.77,ALERT
648.5,0.2866,0.2187,-1.46,ALERT
648.533,0.3139,0.2002,-0.84,ALERT
648.567,0.2926,0.2184,0.1,ALERT
648.6,0.3044,0.081,2.9,ALERT
648.633,0.3215,0.0992,0.66,ALERT
648.667,0.3197,0.1175,-1.01,ALERT
648.7,0.3281,0.109,-2.51,ALERT
648.733,0.3399,0.1197,-3.5,ALERT
648.767,0.2991,0.1493,-3.92,ALERT
648.8,0.2958,0.2139,-3.98,ALERT
648.833,0.3199,0.0898,-3.38,ALERT
648.867,0.3185,0.155,-1.73,ALERT
648.9,0.3177,0.1022,-3.34,ALERT
648.933,0.3044,0.0987,1.04,ALERT
648.967,0.3251,0.1877,-0.38,ALERT
649.0,0.3063,0.1689,1.93,ALERT
649.033,0.3338,0.2017,-2.38,ALERT
649.067,0.3366,0.2157,-2.36,ALERT
649.1,0.3385,0.2067,-3.05,ALERT
649.133,0.2918,0.1379,-3.71,ALERT
649.167,0.3322,0.2167,-1.07,ALERT
649.2,0.3343,0.1413,1.54,ALERT
649.233,0.2888,0.199,-0.41,ALERT
649.267,0.2802,0.1907,-2.07,ALERT
649.3,0.3083,0.1461,-2.76,ALERT
649.333,0.2889,0.1611,-1.33,ALERT
649.367,0.3176,0.1814,0.92,ALERT
649.4,0.2926,0.0867,-2.07,ALERT
649.433,0.3304,0.1816,-0.13,ALERT
649.467,0.2871,0.203,1.78,ALERT
649.5,0.3319,0.0916,-2.37,ALERT
649.533,0.2885,0.09,-0.71,ALERT
649.567,0.3249,0.1029,-2.04,ALERT
649.6,0.3235,0.1276,2.37,ALERT
649.633,0.2915,0.1408,-3.15,ALERT
649.667,0.3113,0.1843,-1.43,ALERT
649.7,0.2816,0.2171,2.88,ALERT
649.733,0.3174,0.1143,3.65,ALERT
649.767,0.2952,0.1516,-0.99,ALERT
649.8,0.3092,0.143,-1.44,ALERT
649.833,0.2915,0.1991,-2.16,ALERT
649.867,0.2927,0.1837,3.99,ALERT
649.9,0.3088,0.1874,0.84,ALERT
649.933,0.3254,0.1862,-3.77,ALERT
649.967,0.337,0.1843,-1.28,ALERT
650.0,0.3043,0.0915,-2.98,ALERT
650.033,0.3372,0.0866,0.24,ALERT
650.067,0.2998,0.2198,-1.85,ALERT
650.1,0.3142,0.2169,-1.42,ALERT
650.133,0.1738,0.108,3.09,ALERT
650.167,0.3263,0.1203,-0.37,ALERT
650.2,0.3275,0.1108,0.19,ALERT
650.233,0.2909,0.1314,0.27,ALERT
650.267,0.3341,0.1388,0.95,ALERT
650.3,0.3393,0.1791,1.66,ALERT
650.333,0.3327,0.122,-2.97,ALERT
650.367,0.3113,0.1468,-0.11,ALERT
650.4,0.3079,0.1403,2.39,ALERT
650.433,0.3199,0.2189,0.0,ALERT
650.467,0.2857,0.2088,-3.08,ALERT
650.5,0.2911,0.1993,2.72,ALERT
650.533,0.2975,0.0994,-2.53,ALERT
650.567,0.2834,0.2027,-1.14,ALERT
650.6,0.3068,0.0835,0.05,ALERT
650.633,0.3072,0.1,1.83,ALERT
650.667,0.2837,0.1003,0.83,ALERT
650.7,0.3308,0.1859,-0.48,ALERT
650.733,0.3088,0.196,2.14,ALERT
650.767,0.3382,0.1702,-1.2,ALERT
650.8,0.2906,0.1144,-2.81,ALERT
650.833,0.2932,0.0893,-3.77,ALERT
650.867,0.1608,0.1541,2.35,ALERT
650.9,0.284,0.1848,-3.24,ALERT
650.933,0.3138,0.1998,2.9,ALERT
650.967,0.2923,0.1396,-2.04,ALERT
651.0,0.3255,0.1322,-3.65,ALERT
651.033,0.3356,0.1982,-3.65,ALERT
651.067,0.3361,0.0953,-1.85,ALERT
651.1,0.3149,0.1199,0.79,ALERT
651.133,0.32,0.1274,2.67,ALERT
651.167,0.332,0.1608,0.25,ALERT
651.2,0.3091,0.1838,0.23,ALERT
651.233,0.2859,0.1702,-3.28,ALERT
651.267,0.2855,0.2098,-1.42,ALERT
651.3,0.3387,0.1032,0.21,ALERT
651.333,0.3292,0.1569,-3.07,ALERT
651.367,0.3273,0.216,-0.2,ALERT
651.4,0.3099,0.1357,3.1,ALERT
651.433,0.2811,0.1067,-2.14,ALERT
651.467,0.2822,0.2001,2.06,ALERT
651.5,0.3196,0.1823,0.07,ALERT
651.533,0.2936,0.1954,-2.46,ALERT
651.567,0.3231,0.1823,-2.68,ALERT
651.6,0.3139,0.091,-2.21,ALERT
651.633,0.3017,0.1995,-0.09,ALERT
651.667,0.3385,0.1003,1.32,ALERT
651.7,0.308,0.2002,-0.84,ALERT
651.733,0.2957,0.0924,3.3,ALERT
651.767,0.3272,0.1058,3.42,ALERT
651.8,0.2934,0.1433,-0.25,ALERT
651.833,0.2953,0.148,-2.5,ALERT
651.867,0.3372,0.22,2.54,ALERT
651.9,0.2985,0.1643,-1.91,ALERT
651.933,0.3066,0.2166,0.17,ALERT
651.967,0.2949,0.13,0.25,ALERT
652.0,0.3064,0.0817,0.26,ALERT
652.033,0.3092,0.2193,0.03,ALERT
652.067,0.3031,0.218,0.88,ALERT
652.1,0.2839,0.1435,-2.41,ALERT
652.133,0.3238,0.1733,-0.36,ALERT
652.167,0.3172,0.1054,-0.83,ALERT
652.2,0.2851,0.168,0.23,ALERT
652.233,0.3205,0.1004,3.19,ALERT
652.267,0.2839,0.2138,0.81,ALERT
652.3,0.3175,0.1915,2.34,ALERT
652.333,0.3005,0.1244,2.01,ALERT
652.367,0.3151,0.1328,2.92,ALERT
652.4,0.2987,0.126,-2.56,ALERT
652.433,0.285,0.1886,-0.54,ALERT
652.467,0.3045,0.1142,-2.02,ALERT
652.5,0.3204,0.0959,-3.65,ALERT
652.533,0.2823,0.1297,0.65,ALERT
652.567,0.3016,0.1084,-3.77,ALERT
652.6,0.2837,0.1623,0.15,ALERT
652.633,0.2906,0.173,3.24,ALERT
652.667,0.2933,0.0952,1.18,ALERT
652.7,0.2896,0.114,1.24,ALERT
652.733,0.3149,0.1154,-1.23,ALERT
652.767,0.291,0.1474,-1.84,ALERT
652.8,0.3285,0.2002,2.88,ALERT
652.833,0.3148,0.2066,3.41,ALERT
652.867,0.3295,0.157,-2.54,ALERT
652.9,0.3146,0.1531,-2.08,ALERT
652.933,0.34,0.1251,-1.76,ALERT
652.967,0.289,0.1962,-2.6,ALERT
653.0,0.2868,0.1398,-1.7,ALERT
653.033,0.2927,0.2067,2.05,ALERT
653.067,0.335,0.1818,2.87,ALERT
653.1,0.3108,0.2076,0.13,ALERT
653.133,0.304,0.1655,-0.77,ALERT
653.167,0.2825,0.1767,3.9,ALERT
653.2,0.293,0.1515,-3.36,ALERT
653.233,0.292,0.1152,2.86,ALERT
653.267,0.3212,0.1551,2.62,ALERT
653.3,0.307,0.1794,3.08,ALERT
653.333,0.2865,0.2148,-1.61,ALERT
653.367,0.3225,0.1522,1.06,ALERT
653.4,0.2934,0.1248,-0.63,ALERT
653.433,0.315,0.1097,1.25,ALERT
653.467,0.2954,0.1992,1.17,ALERT
653.5,0.3376,0.2169,3.97,ALERT
653.533,0.3036,0.1808,1.76,ALERT
653.567,0.3319,0.195,2.71,ALERT
653.6,0.3116,0.1238,1.8,ALERT
653.633,0.303,0.2096,0.25,ALERT
653.667,0.2852,0.1723,-3.66,ALERT
653.7,0.3255,0.1558,-0.59,ALERT
653.733,0.3321,0.1965,1.5,ALERT
653.767,0.3088,0.1245,3.32,ALERT
653.8,0.289,0.0857,2.1,ALERT
653.833,0.3099,0.0979,2.71,ALERT
653.867,0.0929,0.1426,-17.75,CRITICAL
653.9,0.0872,0.2002,-21.33,CRITICAL
653.933,0.0976,0.1264,-23.94,CRITICAL
653.967,0.1297,0.1222,-23.88,CRITICAL
654.0,0.1115,0.2744,-24.79,CRITICAL
654.033,0.1185,0.1034,-19.37,CRITICAL
654.067,0.1377,0.156,-20.13,CRITICAL
654.1,0.134,0.2359,-16.22,CRITICAL
654.133,0.1025,0.288,-25.0,CRITICAL
654.167,0.1089,0.242,-22.06,CRITICAL
654.2,0.13,0.1469,-19.36,CRITICAL
654.233,0.1183,0.2251,-17.85,CRITICAL
654.267,0.1204,0.1774,-19.39,CRITICAL
654.3,0.111,0.1881,-23.28,CRITICAL
654.333,0.0812,0.2358,-17.06,CRITICAL
654.367,0.103,0.1714,-16.61,CRITICAL
654.4,0.0809,0.1655,-23.79,CRITICAL
654.433,0.0845,0.2408,-20.76,CRITICAL
654.467,0.0983,0.1099,-20.87,CRITICAL
654.5,0.106,0.276,-16.17,CRITICAL
654.533,0.1341,0.2704,-20.28,CRITICAL
654.567,0.0937,0.2943,-24.45,CRITICAL
654.6,0.1284,0.1918,-16.97,CRITICAL
654.633,0.1375,0.1877,-15.3,CRITICAL
654.667,0.1268,0.1586,-16.47,CRITICAL
654.7,0.1047,0.256,-24.9,CRITICAL
654.733,0.1161,0.1681,-18.94,CRITICAL
654.767,0.1329,0.231,-19.49,CRITICAL
654.8,0.1042,0.2655,-20.48,CRITICAL
654.833,0.122,0.1549,-21.36,CRITICAL
654.867,0.0886,0.2498,-19.75,CRITICAL
654.9,0.1069,0.2748,-22.25,CRITICAL
654.933,0.0956,0.2089,-21.9,CRITICAL
654.967,0.1078,0.2636,-25.0,CRITICAL
655.0,0.0975,0.1398,-15.21,CRITICAL
655.033,0.0912,0.2561,-18.55,CRITICAL
655.067,0.0887,0.2311,-20.12,CRITICAL
655.1,0.1152,0.1114,-24.15,CRITICAL
655.133,0.1094,0.1105,-17.54,CRITICAL
655.167,0.135,0.2016,-24.96,CRITICAL
655.2,0.0957,0.1321,-21.85,CRITICAL
655.233,0.1201,0.2078,-19.06,CRITICAL
655.267,0.0964,0.159,-17.83,CRITICAL
655.3,0.1009,0.1946,-17.44,CRITICAL
655.333,0.088,0.1818,-19.14,CRITICAL
655.367,0.0911,0.1242,-19.8,CRITICAL
655.4,0.1216,0.2658,-18.45,CRITICAL
655.433,0.0949,0.1528,-15.72,CRITICAL
655.467,0.1124,0.1429,-18.75,CRITICAL
655.5,0.1272,0.2427,-21.91,CRITICAL
655.533,0.1314,0.2624,-21.08,CRITICAL
655.567,0.1117,0.1168,-15.0,CRITICAL
655.6,0.0987,0.1713,-23.82,CRITICAL
655.633,0.1343,0.2959,-17.94,CRITICAL
655.667,0.1175,0.1524,-24.43,CRITICAL
655.7,0.1075,0.1198,-17.31,CRITICAL
655.733,0.0801,0.1099,-23.71,CRITICAL
655.767,0.1353,0.2394,-15.23,CRITICAL
655.8,0.134,0.2558,-23.51,CRITICAL
655.833,0.1257,0.257,-22.33,CRITICAL
655.867,0.1223,0.292,-24.7,CRITICAL
655.9,0.1338,0.2933,-18.71,CRITICAL
655.933,0.0998,0.2692,-18.87,CRITICAL
655.967,0.0855,0.2488,-24.37,CRITICAL
656.0,0.1064,0.2177,-21.69,CRITICAL
656.033,0.0834,0.1165,-21.71,CRITICAL
656.067,0.1211,0.1267,-21.41,CRITICAL
656.1,0.0821,0.2642,-15.36,CRITICAL
656.133,0.1098,0.165,-21.38,CRITICAL
656.167,0.1342,0.1496,-24.28,CRITICAL
656.2,0.0816,0.1399,-20.23,CRITICAL
656.233,0.1225,0.2534,-16.34,CRITICAL
656.267,0.1166,0.2308,-15.36,CRITICAL
656.3,0.1053,0.1356,-15.88,CRITICAL
656.333,0.1246,0.2898,-15.9,CRITICAL
656.367,0.123,0.1911,-24.35,CRITICAL
656.4,0.1001,0.1644,-24.39,CRITICAL
656.433,0.1148,0.1766,-19.93,CRITICAL
656.467,0.103,0.1229,-15.17,CRITICAL
656.5,0.1286,0.219,-16.38,CRITICAL
656.533,0.0979,0.2586,-24.55,CRITICAL
656.567,0.1102,0.2926,-19.99,CRITICAL
656.6,0.1151,0.1748,-20.19,CRITICAL
656.633,0.0981,0.1962,-23.95,CRITICAL
656.667,0.0998,0.201,-19.95,CRITICAL
656.7,0.1029,0.1979,-21.59,CRITICAL
656.733,0.1302,0.1778,-20.38,CRITICAL
656.767,0.0883,0.1541,-21.73,CRITICAL
656.8,0.0815,0.1172,-18.51,CRITICAL
656.833,0.1131,0.1812,-20.35,CRITICAL
656.867,0.1043,0.2366,-24.49,CRITICAL
656.9,0.1377,0.2225,-23.67,CRITICAL
656.933,0.117,0.1478,-16.48,CRITICAL
656.967,0.0903,0.1797,-19.18,CRITICAL
657.0,0.0909,0.1185,-16.43,CRITICAL
657.033,0.1077,0.2596,-20.72,CRITICAL
657.067,0.114,0.2724,-15.24,CRITICAL
657.1,0.1157,0.2047,-15.91,CRITICAL
657.133,0.1196,0.2469,-15.49,CRITICAL
657.167,0.1048,0.2876,-16.09,CRITICAL
657.2,0.1272,0.2714,-20.69,CRITICAL
657.233,0.1301,0.1833,-24.62,CRITICAL
657.267,0.0835,0.2976,-15.74,CRITICAL
657.3,0.1247,0.216,-24.28,CRITICAL
657.333,0.1154,0.2219,-19.34,CRITICAL
657.367,0.1226,0.249,-15.63,CRITICAL
657.4,0.1053,0.1196,-22.5,CRITICAL
657.433,0.1166,0.1701,-19.25,CRITICAL
657.467,0.0826,0.2937,-15.12,CRITICAL
657.5,0.0882,0.1488,-24.73,CRITICAL
657.533,0.0956,0.1362,-21.73,CRITICAL
657.567,0.1324,0.2769,-15.62,CRITICAL
657.6,0.0808,0.2375,-17.62,CRITICAL
657.633,0.0893,0.2898,-18.49,CRITICAL
657.667,0.1206,0.2828,-19.04,CRITICAL
657.7,0.0935,0.2867,-15.11,CRITICAL
657.733,0.1221,0.1589,-23.11,CRITICAL
657.767,0.3265,0.1075,-1.35,ALERT
657.8,0.2805,0.2085,-0.51,ALERT
657.833,0.3036,0.1732,1.33,ALERT
657.867,0.3168,0.2013,2.81,ALERT
657.9,0.3257,0.2144,-1.47,ALERT
657.933,0.3246,0.1139,-1.93,ALERT
657.967,0.3272,0.1653,-4.0,ALERT
658.0,0.2918,0.182,-2.96,ALERT
658.033,0.3117,0.1716,-1.06,ALERT
658.067,0.2819,0.1797,-1.99,ALERT
658.1,0.3191,0.2177,-1.84,ALERT
658.133,0.3225,0.0922,-2.03,ALERT
658.167,0.3167,0.1834,-2.01,ALERT
658.2,0.301,0.1258,-3.23,ALERT
658.233,0.3353,0.113,1.81,ALERT
658.267,0.3344,0.1934,0.61,ALERT
658.3,0.2874,0.184,-3.38,ALERT
658.333,0.3295,0.1074,3.31,ALERT
658.367,0.3308,0.0841,1.29,ALERT
658.4,0.326,0.2007,0.87,ALERT
658.433,0.3096,0.1772,-1.26,ALERT
658.467,0.1549,0.1195,0.82,ALERT
658.5,0.3012,0.1139,-2.15,ALERT
658.533,0.3002,0.1555,-3.0,ALERT
658.567,0.3171,0.1642,2.75,ALERT
658.6,0.3018,0.1941,-0.12,ALERT
658.633,0.2805,0.1631,2.06,ALERT
658.667,0.2892,0.1682,-2.58,ALERT
658.7,0.1762,0.1395,-1.74,ALERT
658.733,0.3192,0.1846,-2.19,ALERT
658.767,0.3391,0.1107,-0.76,ALERT
658.8,0.2971,0.1538,2.41,ALERT
658.833,0.316,0.1333,2.13,ALERT
658.867,0.325,0.1217,0.93,ALERT
658.9,0.3024,0.1289,3.13,ALERT
658.933,0.2912,0.1498,-3.88,ALERT
658.967,0.2996,0.1144,-0.72,ALERT
659.0,0.3132,0.1655,3.31,ALERT
659.033,0.3315,0.1375,-3.93,ALERT
659.067,0.3078,0.1095,2.1,ALERT
659.1,0.296,0.2133,-2.3,ALERT
659.133,0.3184,0.1211,-3.96,ALERT
659.167,0.3186,0.2066,2.46,ALERT
659.2,0.3356,0.1248,1.82,ALERT
659.233,0.2998,0.1087,2.4,ALERT
659.267,0.3307,0.1991,0.32,ALERT
659.3,0.1241,0.0822,0.53,ALERT
659.333,0.3322,0.203,3.69,ALERT
659.367,0.2839,0.1135,0.66,ALERT
659.4,0.282,0.0824,1.64,ALERT
659.433,0.332,0.1876,2.41,ALERT
659.467,0.2832,0.087,-2.12,ALERT
659.5,0.3243,0.0944,-3.94,ALERT
659.533,0.293,0.183,0.2,ALERT
659.567,0.2991,0.123,1.82,ALERT
659.6,0.3357,0.1652,-0.19,ALERT
659.633,0.3088,0.1224,0.61,ALERT
659.667,0.2845,0.1043,-1.68,ALERT
659.7,0.3396,0.0805,-1.43,ALERT
659.733,0.3226,0.1424,-2.2,ALERT
659.767,0.3084,0.2037,1.03,ALERT
659.8,0.3214,0.1847,1.45,ALERT
659.833,0.1709,0.1341,0.81,ALERT
659.867,0.3102,0.1708,-3.58,ALERT
659.9,0.2996,0.1298,-3.56,ALERT
659.933,0.306,0.1569,1.61,ALERT
659.967,0.3043,0.1308,1.57,ALERT
660.0,0.3216,0.1694,2.77,ALERT
660.033,0.2942,0.136,0.71,ALERT
660.067,0.303,0.1346,-2.85,ALERT
660.1,0.2967,0.192,-2.33,ALERT
660.133,0.3162,0.0967,-0.37,ALERT
660.167,0.3159,0.0825,0.44,ALERT
660.2,0.2956,0.1872,-1.74,ALERT
660.233,0.3373,0.1735,-1.84,ALERT
660.267,0.3309,0.1623,-1.26,ALERT
660.3,0.2985,0.1525,-2.34,ALERT
660.333,0.1659,0.153,0.64,ALERT
660.367,0.3196,0.083,-0.48,ALERT
660.4,0.331,0.1677,0.83,ALERT
660.433,0.336,0.2114,2.18,ALERT
660.467,0.3325,0.1509,0.06,ALERT
660.5,0.305,0.1086,0.52,ALERT
660.533,0.3389,0.127,-2.57,ALERT
660.567,0.3198,0.1251,-1.26,ALERT
660.6,0.3202,0.1214,-2.94,ALERT
660.633,0.3158,0.1985,-3.69,ALERT
660.667,0.3316,0.2178,-0.25,ALERT
660.7,0.2928,0.2131,-0.91,ALERT
660.733,0.2954,0.2132,-3.26,ALERT
660.767,0.2885,0.1128,0.18,ALERT
660.8,0.3141,0.1527,2.98,ALERT
660.833,0.3242,0.1647,2.29,ALERT
660.867,0.3254,0.0988,1.55,ALERT
660.9,0.3282,0.1275,1.77,ALERT
660.933,0.3156,0.2003,-3.19,ALERT
660.967,0.2886,0.1421,-2.92,ALERT
661.0,0.307,0.1685,1.15,ALERT
661.033,0.3077,0.1691,3.19,ALERT
661.067,0.3037,0.1266,1.43,ALERT
661.1,0.304,0.1562,0.54,ALERT
661.133,0.3329,0.1014,-0.06,ALERT
661.167,0.2863,0.0843,-1.03,ALERT
661.2,0.296,0.122,-0.16,ALERT
661.233,0.2986,0.1376,1.07,ALERT
661.267,0.2814,0.1908,2.97,ALERT
661.3,0.2943,0.1893,2.34,ALERT
661.333,0.3168,0.1366,-1.08,ALERT
661.367,0.3207,0.1257,2.31,ALERT
661.4,0.3133,0.1762,3.15,ALERT
661.433,0.294,0.1756,1.83,ALERT
661.467,0.2902,0.1615,-3.83,ALERT
661.5,0.2857,0.1251,1.1,ALERT
661.533,0.3199,0.1619,-2.97,ALERT
661.567,0.3226,0.1737,0.7,ALERT
661.6,0.3206,0.1795,3.3,ALERT
661.633,0.312,0.1099,1.52,ALERT
661.667,0.288,0.2033,0.15,ALERT
661.7,0.3028,0.133,-3.79,ALERT
661.733,0.3053,0.1244,-3.84,ALERT
661.767,0.286,0.1724,-0.02,ALERT
661.8,0.3034,0.2183,-1.89,ALERT
661.833,0.2966,0.1129,0.75,ALERT
661.867,0.3347,0.1722,1.63,ALERT
661.9,0.2838,0.1513,-0.43,ALERT
661.933,0.3394,0.1645,-2.99,ALERT
661.967,0.3127,0.1648,-1.86,ALERT
662.0,0.2856,0.1935,3.71,ALERT
662.033,0.3348,0.1815,0.41,ALERT
662.067,0.3261,0.0888,2.05,ALERT
662.1,0.3072,0.0814,-2.41,ALERT
662.133,0.285,0.1652,-0.87,ALERT
662.167,0.3352,0.1516,1.96,ALERT
662.2,0.2986,0.1713,0.05,ALERT
662.233,0.3072,0.2117,3.61,ALERT
662.267,0.2914,0.082,-1.92,ALERT
662.3,0.3275,0.1819,-0.37,ALERT
662.333,0.3083,0.0929,-2.1,ALERT
662.367,0.3242,0.1083,2.2,ALERT
662.4,0.3137,0.1758,-3.81,ALERT
662.433,0.1543,0.0869,-2.19,ALERT
662.467,0.3261,0.2117,1.72,ALERT
662.5,0.3021,0.1121,-2.73,ALERT
662.533,0.3171,0.182,2.26,ALERT
662.567,0.3063,0.1553,-1.57,ALERT
662.6,0.3173,0.2003,-1.38,ALERT
662.633,0.2805,0.1077,-3.44,ALERT
662.667,0.3334,0.2189,-3.83,ALERT
662.7,0.3015,0.1393,-0.84,ALERT
662.733,0.3092,0.1297,0.22,ALERT
662.767,0.2817,0.134,-0.05,ALERT
662.8,0.2857,0.1208,1.84,ALERT
662.833,0.3378,0.203,-3.29,ALERT
662.867,0.3306,0.1774,-2.5,ALERT
662.9,0.3292,0.1753,-3.43,ALERT
662.933,0.2888,0.1333,-3.32,ALERT
662.967,0.3269,0.1395,-3.99,ALERT
663.0,0.3125,0.1322,0.19,ALERT
663.033,0.2921,0.1811,1.16,ALERT
663.067,0.318,0.1317,-0.07,ALERT
663.1,0.332,0.1876,0.61,ALERT
663.133,0.2919,0.1451,0.21,ALERT
663.167,0.3337,0.2063,-2.99,ALERT
663.2,0.3272,0.2092,1.45,ALERT
663.233,0.2885,0.1486,-1.22,ALERT
663.267,0.3005,0.2127,1.62,ALERT
663.3,0.3123,0.1605,-3.02,ALERT
663.333,0.2871,0.2074,3.33,ALERT
663.367,0.2804,0.1374,0.07,ALERT
663.4,0.3007,0.1186,-2.32,ALERT
663.433,0.3155,0.1085,-1.97,ALERT
663.467,0.2846,0.1702,0.78,ALERT
663.5,0.3221,0.2134,-3.11,ALERT
663.533,0.317,0.165,-0.71,ALERT
663.567,0.28,0.0846,-1.38,ALERT
663.6,0.3039,0.1907,2.97,ALERT
663.633,0.3003,0.0984,-2.64,ALERT
663.667,0.308,0.1893,-2.64,ALERT
663.7,0.2992,0.1245,0.89,ALERT
663.733,0.3289,0.1861,-3.25,ALERT
663.767,0.3181,0.0938,-0.31,ALERT
663.8,0.3285,0.115,-0.01,ALERT
663.833,0.3212,0.2021,-3.24,ALERT
663.867,0.3245,0.1324,-3.48,ALERT
663.9,0.1447,0.1833,0.08,ALERT
663.933,0.3351,0.2095,1.52,ALERT
663.967,0.2879,0.1561,0.98,ALERT
664.0,0.331,0.1613,-1.29,ALERT
664.033,0.3121,0.1008,-1.83,ALERT
664.067,0.3132,0.0944,3.44,ALERT
664.1,0.2902,0.1214,-0.35,ALERT
664.133,0.2878,0.1872,2.49,ALERT
664.167,0.2806,0.1095,-0.98,ALERT
664.2,0.3197,0.0946,0.43,ALERT
664.233,0.2902,0.2194,-2.24,ALERT
664.267,0.3081,0.1996,-3.34,ALERT
664.3,0.315,0.1393,-1.91,ALERT
664.333,0.3002,0.1411,3.32,ALERT
664.367,0.2982,0.197,1.45,ALERT
664.4,0.2947,0.1851,3.25,ALERT
664.433,0.2916,0.176,2.75,ALERT
664.467,0.3131,0.1037,3.07,ALERT
664.5,0.2843,0.0982,3.71,ALERT
664.533,0.2991,0.2006,2.63,ALERT
664.567,0.3161,0.1364,-1.47,ALERT
664.6,0.2997,0.1255,2.32,ALERT
664.633,0.3396,0.1223,-3.57,ALERT
664.667,0.3093,0.1019,2.91,ALERT
664.7,0.3173,0.185,-1.44,ALERT
664.733,0.2984,0.117,2.03,ALERT
664.767,0.2821,0.1759,-0.62,ALERT
664.8,0.3106,0.1359,1.84,ALERT
664.833,0.3103,0.1043,-3.15,ALERT
664.867,0.3365,0.2125,3.76,ALERT
664.9,0.2902,0.1871,-1.84,ALERT
664.933,0.3026,0.171,0.46,ALERT
664.967,0.2846,0.1426,1.68,ALERT
665.0,0.2867,0.1819,-0.8,ALERT
665.033,0.3367,0.1425,1.46,ALERT
665.067,0.289,0.1046,1.42,ALERT
665.1,0.2882,0.149,-0.89,ALERT
665.133,0.2966,0.2114,3.64,ALERT
665.167,0.3309,0.184,2.22,ALERT
665.2,0.1572,0.2184,3.34,ALERT
665.233,0.3121,0.1625,-3.93,ALERT
665.267,0.3276,0.1983,3.61,ALERT
665.3,0.3037,0.1329,-2.05,ALERT
665.333,0.2994,0.18,2.88,ALERT
665.367,0.3359,0.1592,3.07,ALERT
665.4,0.2928,0.183,1.93,ALERT
665.433,0.3104,0.083,0.56,ALERT
665.467,0.2879,0.1767,-3.21,ALERT
665.5,0.3349,0.1948,-3.85,ALERT
665.533,0.301,0.1491,3.17,ALERT
665.567,0.3322,0.1201,-3.66,ALERT
665.6,0.3144,0.1022,0.59,ALERT
665.633,0.3366,0.0856,0.57,ALERT
665.667,0.3092,0.0982,3.1,ALERT
665.7,0.3003,0.0877,-0.11,ALERT
665.733,0.2942,0.1832,1.29,ALERT
665.767,0.3163,0.2154,0.54,ALERT
665.8,0.288,0.1212,1.62,ALERT
665.833,0.3261,0.1363,-0.88,ALERT
665.867,0.3121,0.1881,-3.02,ALERT
665.9,0.3364,0.1541,-1.88,ALERT
665.933,0.2997,0.1108,-1.07,ALERT
665.967,0.2871,0.1299,-3.34,ALERT
666.0,0.3093,0.1542,1.67,ALERT
666.033,0.3337,0.1738,3.93,ALERT
666.067,0.2848,0.1814,-3.25,ALERT
666.1,0.3008,0.1404,0.31,ALERT
666.133,0.2956,0.1666,1.53,ALERT
666.167,0.3186,0.1628,-0.63,ALERT
666.2,0.3126,0.1568,3.67,ALERT
666.233,0.1252,0.1302,-2.48,ALERT
666.267,0.2919,0.1282,-2.22,ALERT
666.3,0.3296,0.0981,3.96,ALERT
666.333,0.317,0.0943,-0.13,ALERT
666.367,0.3069,0.1324,-1.28,ALERT
666.4,0.1797,0.1674,-3.63,ALERT
666.433,0.3301,0.2014,3.99,ALERT
666.467,0.3042,0.113,2.85,ALERT
666.5,0.3059,0.216,-0.97,ALERT
666.533,0.3082,0.0882,-1.67,ALERT
666.567,0.2867,0.0998,-3.75,ALERT
666.6,0.2808,0.0861,0.13,ALERT
666.633,0.291,0.2191,-1.12,ALERT
666.667,0.2975,0.1253,-0.27,ALERT
666.7,0.3217,0.123,1.38,ALERT
666.733,0.3337,0.1501,2.86,ALERT
666.767,0.2933,0.0941,2.01,ALERT
666.8,0.3353,0.0942,-3.44,ALERT
666.833,0.338,0.1537,1.0,ALERT
666.867,0.305,0.0889,3.52,ALERT
666.9,0.3355,0.0838,-3.09,ALERT
666.933,0.3211,0.1349,3.59,ALERT
666.967,0.33,0.1446,0.97,ALERT
667.0,0.321,0.0939,3.26,ALERT
667.033,0.3131,0.1544,-1.86,ALERT
667.067,0.3269,0.1915,1.53,ALERT
667.1,0.2941,0.2176,0.09,ALERT
667.133,0.3208,0.1907,-2.25,ALERT
667.167,0.2852,0.1597,2.58,ALERT
667.2,0.3144,0.1802,0.97,ALERT
667.233,0.3375,0.1517,2.45,ALERT
667.267,0.288,0.1829,3.86,ALERT
667.3,0.3326,0.1561,-3.95,ALERT
667.333,0.2984,0.1165,3.11,ALERT
667.367,0.3006,0.1496,0.19,ALERT
667.4,0.3395,0.1161,-3.45,ALERT
667.433,0.2813,0.1266,0.68,ALERT
667.467,0.2871,0.1002,0.5,ALERT
667.5,0.3308,0.2086,-1.73,ALERT
667.533,0.3103,0.139,3.25,ALERT
667.567,0.336,0.1683,-1.55,ALERT
667.6,0.2893,0.083,1.97,ALERT
667.633,0.3181,0.1153,-2.89,ALERT
667.667,0.1303,0.1281,-0.25,ALERT
667.7,0.3152,0.2127,-0.31,ALERT
667.733,0.337,0.2125,-2.41,ALERT
667.767,0.1446,0.1081,-0.79,ALERT
667.8,0.3383,0.2079,-2.02,ALERT
667.833,0.3253,0.1415,-0.34,ALERT
667.867,0.3319,0.1711,1.26,ALERT
667.9,0.3351,0.1623,1.94,ALERT
667.933,0.2877,0.172,0.08,ALERT
667.967,0.2842,0.1824,1.42,ALERT
668.0,0.2962,0.1137,1.71,ALERT
668.033,0.3029,0.1017,2.45,ALERT
668.067,0.3201,0.095,-0.12,ALERT
668.1,0.2945,0.193,2.35,ALERT
668.133,0.2967,0.1072,-0.05,ALERT
668.167,0.3149,0.2095,2.27,ALERT
668.2,0.3123,0.1005,3.07,ALERT
668.233,0.2815,0.1819,-2.09,ALERT
668.267,0.3291,0.0923,1.57,ALERT
668.3,0.3375,0.1979,0.75,ALERT
668.333,0.3097,0.1852,-3.47,ALERT
668.367,0.312,0.2127,-0.59,ALERT
668.4,0.3118,0.1382,1.2,ALERT
668.433,0.2896,0.1535,-1.13,ALERT
668.467,0.2955,0.1518,-3.05,ALERT
668.5,0.3352,0.1065,1.42,ALERT
668.533,0.3287,0.0882,-3.97,ALERT
668.567,0.32,0.1961,-1.32,ALERT
668.6,0.3054,0.0965,-2.14,ALERT
668.633,0.3047,0.1076,2.51,ALERT
668.667,0.2997,0.1387,2.18,ALERT
668.7,0.318,0.1611,2.19,ALERT
668.733,0.3263,0.1591,-1.83,ALERT
668.767,0.3305,0.1859,1.26,ALERT
668.8,0.2994,0.1759,-0.5,ALERT
668.833,0.3306,0.1279,2.78,ALERT
668.867,0.3042,0.2047,3.77,ALERT
668.9,0.3081,0.1279,3.67,ALERT
668.933,0.3368,0.1538,1.08,ALERT
668.967,0.2857,0.1238,2.26,ALERT
669.0,0.3362,0.0969,1.09,ALERT
669.033,0.339,0.209,0.25,ALERT
669.067,0.3133,0.1499,0.35,ALERT
669.1,0.2802,0.1008,0.16,ALERT
669.133,0.3006,0.1385,0.68,ALERT
669.167,0.3171,0.1267,-1.52,ALERT
669.2,0.3222,0.1783,-2.6,ALERT
669.233,0.3317,0.0948,1.83,ALERT
669.267,0.3339,0.1016,0.45,ALERT
669.3,0.2937,0.1495,1.86,ALERT
669.333,0.3081,0.0882,-2.64,ALERT
669.367,0.3242,0.2076,-0.78,ALERT
669.4,0.3199,0.1655,-1.44,ALERT
669.433,0.3278,0.108,1.42,ALERT
669.467,0.2885,0.1675,-3.16,ALERT
669.5,0.3356,0.2141,-2.86,ALERT
669.533,0.3084,0.08,0.04,ALERT
669.567,0.2955,0.1672,2.04,ALERT
669.6,0.2838,0.0925,1.96,ALERT
669.633,0.2907,0.1617,1.65,ALERT
669.667,0.3306,0.1987,-0.31,ALERT
669.7,0.3326,0.1013,-2.98,ALERT
669.733,0.2851,0.2048,-2.8,ALERT
669.767,0.3158,0.1037,-2.14,ALERT
669.8,0.3349,0.1349,2.36,ALERT
669.833,0.2944,0.1602,-3.53,ALERT
669.867,0.3214,0.132,1.57,ALERT
669.9,0.3357,0.1543,1.35,ALERT
669.933,0.3017,0.14,0.43,ALERT
669.967,0.2805,0.1575,-3.83,ALERT
670.0,0.3189,0.1595,1.34,ALERT
670.033,0.3305,0.2131,-1.72,ALERT
670.067,0.2994,0.217,-1.58,ALERT
670.1,0.2969,0.2084,3.32,ALERT
670.133,0.3045,0.159,2.99,ALERT
670.167,0.3356,0.2154,2.63,ALERT
670.2,0.3049,0.1645,3.85,ALERT
670.233,0.3354,0.1716,1.99,ALERT
670.267,0.1444,0.2142,1.14,ALERT
670.3,0.3006,0.0812,3.12,ALERT
670.333,0.2909,0.0836,0.22,ALERT
670.367,0.3219,0.105,-2.35,ALERT
670.4,0.3065,0.1601,3.58,ALERT
670.433,0.3035,0.105,3.66,ALERT
670.467,0.161,0.0846,2.24,ALERT
670.5,0.2928,0.1163,2.03,ALERT
670.533,0.3187,0.0903,-3.55,ALERT
670.567,0.2967,0.143,-0.93,ALERT
670.6,0.3287,0.1154,2.35,ALERT
670.633,0.1652,0.0983,2.74,ALERT
670.667,0.322,0.0912,-0.96,ALERT
670.7,0.312,0.1907,0.6,ALERT
670.733,0.3136,0.1608,1.06,ALERT
670.767,0.311,0.1729,0.37,ALERT
670.8,0.3167,0.2039,-2.43,ALERT
670.833,0.2811,0.2171,2.59,ALERT
670.867,0.3076,0.186,0.31,ALERT
670.9,0.3315,0.1534,2.26,ALERT
670.933,0.323,0.1028,-3.1,ALERT
670.967,0.3067,0.162,0.9,ALERT
671.0,0.3299,0.1611,1.25,ALERT
671.033,0.3358,0.1904,2.45,ALERT
671.067,0.2871,0.125,-2.05,ALERT
671.1,0.3235,0.088,0.15,ALERT
671.133,0.2891,0.1375,2.28,ALERT
671.167,0.3144,0.157,-1.95,ALERT
671.2,0.1273,0.0942,-2.27,ALERT
671.233,0.3279,0.092,3.55,ALERT
671.267,0.3026,0.0819,-1.03,ALERT
671.3,0.3052,0.1317,-3.16,ALERT
671.333,0.3269,0.0842,2.23,ALERT
671.367,0.3302,0.0951,-1.5,ALERT
671.4,0.2835,0.1567,-3.04,ALERT
671.433,0.3289,0.1794,1.1,ALERT
671.467,0.3221,0.1319,0.23,ALERT
671.5,0.131,0.1069,3.34,ALERT
671.533,0.3095,0.1113,-0.46,ALERT
671.567,0.3256,0.1028,-0.37,ALERT
671.6,0.2819,0.1362,-0.38,ALERT
671.633,0.3362,0.1267,-3.31,ALERT
671.667,0.3114,0.134,1.07,ALERT
671.7,0.3007,0.1235,3.5,ALERT
671.733,0.2961,0.1244,-0.28,ALERT
671.767,0.3228,0.2033,1.21,ALERT
671.8,0.2821,0.1863,-1.45,ALERT
671.833,0.3073,0.1931,-1.22,ALERT
671.867,0.3383,0.2024,0.6,ALERT
671.9,0.3013,0.0863,-3.04,ALERT
671.933,0.313,0.1776,-0.51,ALERT
671.967,0.2917,0.1883,3.11,ALERT
672.0,0.3183,0.174,-1.72,ALERT
672.033,0.334,0.0827,3.28,ALERT
672.067,0.3149,0.1609,-1.42,ALERT
672.1,0.2931,0.1541,-2.23,ALERT
672.133,0.3245,0.1899,-1.97,ALERT
672.167,0.2905,0.2192,1.11,ALERT
672.2,0.3161,0.1276,3.3,ALERT
672.233,0.311,0.1596,-3.22,ALERT
672.267,0.3178,0.1402,-0.46,ALERT
672.3,0.2826,0.1907,2.82,ALERT
672.333,0.2851,0.2024,3.2,ALERT
672.367,0.3097,0.1652,2.23,ALERT
672.4,0.329,0.1393,1.69,ALERT
672.433,0.3072,0.2078,-1.83,ALERT
672.467,0.2809,0.217,-2.96,ALERT
672.5,0.2999,0.1535,-3.09,ALERT
672.533,0.3167,0.1918,2.34,ALERT
672.567,0.3146,0.2162,2.03,ALERT
672.6,0.3111,0.1563,2.52,ALERT
672.633,0.3239,0.143,0.46,ALERT
672.667,0.2881,0.2108,0.83,ALERT
672.7,0.2911,0.131,0.02,ALERT
672.733,0.3192,0.1927,2.97,ALERT
672.767,0.3381,0.0872,3.08,ALERT
672.8,0.3276,0.083,-1.04,ALERT
672.833,0.2838,0.126,0.85,ALERT
672.867,0.3246,0.1014,2.36,ALERT
672.9,0.3014,0.1792,1.63,ALERT
672.933,0.3353,0.0937,-0.68,ALERT
672.967,0.2953,0.1045,1.04,ALERT
673.0,0.3087,0.1676,0.99,ALERT
673.033,0.2905,0.135,3.34,ALERT
673.067,0.3189,0.1538,-0.36,ALERT
673.1,0.3274,0.0889,-3.24,ALERT
673.133,0.2834,0.0915,-3.84,ALERT
673.167,0.3288,0.1926,2.51,ALERT
673.2,0.3147,0.1301,-1.35,ALERT
673.233,0.3278,0.0937,0.49,ALERT
673.267,0.3056,0.1522,-1.58,ALERT
673.3,0.2837,0.1189,-1.65,ALERT
673.333,0.3271,0.153,1.51,ALERT
673.367,0.3295,0.195,0.27,ALERT
673.4,0.2991,0.1546,2.54,ALERT
673.433,0.2992,0.14,-1.04,ALERT
673.467,0.2847,0.1902,-2.98,ALERT
673.5,0.3126,0.1704,-3.04,ALERT
673.533,0.3363,0.1439,-1.41,ALERT
673.567,0.3238,0.1489,1.31,ALERT
673.6,0.3271,0.1365,-2.34,ALERT
673.633,0.3393,0.0829,0.78,ALERT
673.667,0.3143,0.1928,-1.4,ALERT
673.7,0.2828,0.0862,-0.56,ALERT
673.733,0.3217,0.1011,-2.49,ALERT
673.767,0.2995,0.1571,2.17,ALERT
673.8,0.2826,0.1309,-3.93,ALERT
673.833,0.3203,0.1305,3.44,ALERT
673.867,0.3029,0.1246,0.31,ALERT
673.9,0.2879,0.2055,3.9,ALERT
673.933,0.3222,0.1518,-3.43,ALERT
673.967,0.2984,0.0833,-0.31,ALERT
674.0,0.315,0.1699,2.07,ALERT
674.033,0.3283,0.0942,-0.2,ALERT
674.067,0.332,0.1983,-1.18,ALERT
674.1,0.3328,0.1258,-2.33,ALERT
674.133,0.338,0.2106,0.34,ALERT
674.167,0.2844,0.1587,1.71,ALERT
674.2,0.3336,0.1763,-3.06,ALERT
674.233,0.2925,0.1732,3.83,ALERT
674.267,0.3331,0.1099,-1.83,ALERT
674.3,0.3324,0.1077,-1.07,ALERT
674.333,0.3244,0.175,-1.47,ALERT
674.367,0.3131,0.1202,-1.15,ALERT
674.4,0.2877,0.0879,0.85,ALERT
674.433,0.3163,0.1952,2.16,ALERT
674.467,0.3299,0.1355,3.94,ALERT
674.5,0.2902,0.1475,-0.22,ALERT
674.533,0.3162,0.1912,-2.48,ALERT
674.567,0.3397,0.1628,-1.72,ALERT
674.6,0.3089,0.2066,0.95,ALERT
674.633,0.2975,0.204,-0.88,ALERT
674.667,0.2931,0.1861,-0.66,ALERT
674.7,0.3358,0.1906,-1.95,ALERT
674.733,0.2915,0.1065,-2.02,ALERT
674.767,0.2894,0.2059,-0.09,ALERT
674.8,0.3368,0.1624,3.0,ALERT
674.833,0.2939,0.0856,-2.52,ALERT
674.867,0.2858,0.1792,0.34,ALERT
674.9,0.3273,0.0977,0.02,ALERT
674.933,0.297,0.1676,0.46,ALERT
674.967,0.3299,0.0988,-1.12,ALERT
675.0,0.3023,0.1843,-1.13,ALERT
675.033,0.3066,0.0939,-1.71,ALERT
675.067,0.3138,0.0806,2.9,ALERT
675.1,0.2918,0.1207,3.4,ALERT
675.133,0.3332,0.1783,-2.49,ALERT
675.167,0.2836,0.2133,0.73,ALERT
675.2,0.2988,0.1673,2.72,ALERT
675.233,0.2855,0.1791,-1.1,ALERT
675.267,0.3166,0.1461,0.67,ALERT
675.3,0.3361,0.086,1.9,ALERT
675.333,0.3229,0.1745,-1.87,ALERT
675.367,0.128,0.1836,-0.3,ALERT
675.4,0.3046,0.0996,-1.08,ALERT
675.433,0.2996,0.1355,-3.98,ALERT
675.467,0.3186,0.0847,2.32,ALERT
675.5,0.3264,0.1267,0.13,ALERT
675.533,0.3059,0.0842,-1.99,ALERT
675.567,0.1689,0.1026,2.66,ALERT
675.6,0.3378,0.1166,1.17,ALERT
675.633,0.3281,0.2174,-1.86,ALERT
675.667,0.3287,0.1537,-1.8,ALERT
675.7,0.325,0.2025,-1.14,ALERT
675.733,0.2924,0.1609,-0.89,ALERT
675.767,0.3018,0.2129,-3.18,ALERT
675.8,0.3397,0.1513,0.89,ALERT
675.833,0.3095,0.091,2.42,ALERT
675.867,0.3385,0.1691,-3.34,ALERT
675.9,0.3322,0.1021,-1.01,ALERT
675.933,0.3177,0.1069,-1.84,ALERT
675.967,0.2842,0.1105,-2.21,ALERT
676.0,0.3268,0.1374,3.76,ALERT
676.033,0.305,0.1253,3.73,ALERT
676.067,0.2835,0.1777,-0.78,ALERT
676.1,0.2907,0.2176,-3.81,ALERT
676.133,0.2913,0.1358,-0.19,ALERT
676.167,0.2929,0.2183,2.2,ALERT
676.2,0.31,0.0896,3.41,ALERT
676.233,0.3118,0.1285,1.69,ALERT
676.267,0.3318,0.1689,-1.07,ALERT
676.3,0.3377,0.2083,-1.61,ALERT
676.333,0.3239,0.125,-0.61,ALERT
676.367,0.3066,0.2103,0.63,ALERT
676.4,0.3229,0.2165,-3.23,ALERT
676.433,0.3286,0.2134,-0.75,ALERT
676.467,0.3124,0.1028,-3.52,ALERT
676.5,0.3108,0.1492,0.48,ALERT
676.533,0.3217,0.219,-2.26,ALERT
676.567,0.3261,0.0905,1.66,ALERT
676.6,0.3012,0.1003,2.52,ALERT
676.633,0.3151,0.1783,1.81,ALERT
676.667,0.2919,0.179,1.69,ALERT
676.7,0.3205,0.2154,-3.34,ALERT
676.733,0.3002,0.2146,1.61,ALERT
676.767,0.2833,0.1647,0.51,ALERT
676.8,0.3356,0.1942,3.8,ALERT
676.833,0.3208,0.1106,2.34,ALERT
676.867,0.3278,0.1255,-1.14,ALERT
676.9,0.3379,0.1146,-0.62,ALERT
676.933,0.3311,0.1208,-3.73,ALERT
676.967,0.3392,0.2044,1.07,ALERT
677.0,0.3211,0.1714,-1.39,ALERT
677.033,0.3276,0.1288,3.67,ALERT
677.067,0.3332,0.1938,2.79,ALERT
677.1,0.324,0.1419,-1.03,ALERT
677.133,0.3289,0.1287,2.54,ALERT
677.167,0.2866,0.1798,0.38,ALERT
677.2,0.3343,0.1919,3.23,ALERT
677.233,0.3339,0.1817,2.06,ALERT
677.267,0.319,0.2007,-2.72,ALERT
677.3,0.3026,0.1533,-2.1,ALERT
677.333,0.336,0.2134,1.63,ALERT
677.367,0.2948,0.1143,2.31,ALERT
677.4,0.3263,0.0808,2.85,ALERT
677.433,0.3376,0.138,2.11,ALERT
677.467,0.293,0.2187,3.36,ALERT
677.5,0.3108,0.1686,-2.85,ALERT
677.533,0.2962,0.128,-3.18,ALERT
677.567,0.3216,0.0858,0.95,ALERT
677.6,0.3282,0.2151,3.92,ALERT
677.633,0.2903,0.2155,0.5,ALERT
677.667,0.3361,0.1032,-2.91,ALERT
677.7,0.3293,0.0807,-0.54,ALERT
677.733,0.3025,0.1908,3.82,ALERT
677.767,0.3359,0.1413,-3.67,ALERT
677.8,0.3373,0.1734,0.49,ALERT
677.833,0.3055,0.2038,-3.97,ALERT
677.867,0.2864,0.0983,1.49,ALERT
677.9,0.2964,0.2101,0.5,ALERT
677.933,0.2845,0.1929,1.06,ALERT
677.967,0.1671,0.1182,0.57,ALERT
678.0,0.3196,0.1395,0.38,ALERT
678.033,0.2925,0.1753,-0.11,ALERT
678.067,0.3156,0.2046,2.57,ALERT
678.1,0.3281,0.1781,-2.93,ALERT
678.133,0.3322,0.1433,-1.53,ALERT
678.167,0.2937,0.1313,-0.59,ALERT
678.2,0.3213,0.187,3.37,ALERT
678.233,0.2844,0.2038,-1.9,ALERT
678.267,0.335,0.1877,-0.32,ALERT
678.3,0.2862,0.1438,0.67,ALERT
678.333,0.283,0.1653,0.75,ALERT
678.367,0.2826,0.0938,-2.67,ALERT
678.4,0.3236,0.1466,-3.28,ALERT
678.433,0.2815,0.1603,1.37,ALERT
678.467,0.2916,0.2101,-2.03,ALERT
678.5,0.3382,0.2191,3.09,ALERT
678.533,0.3112,0.1292,3.75,ALERT
678.567,0.2978,0.142,-3.31,ALERT
678.6,0.3117,0.0908,3.24,ALERT
678.633,0.2966,0.0912,3.41,ALERT
678.667,0.3201,0.1066,-3.61,ALERT
678.7,0.3119,0.2022,1.59,ALERT
678.733,0.2982,0.104,-2.27,ALERT
678.767,0.2958,0.1195,0.62,ALERT
678.8,0.3064,0.2182,-2.55,ALERT
678.833,0.2871,0.096,-0.97,ALERT
678.867,0.3109,0.1406,-2.88,ALERT
678.9,0.3081,0.0981,2.61,ALERT
678.933,0.3196,0.1481,-0.3,ALERT
678.967,0.3207,0.0854,-0.89,ALERT
679.0,0.3328,0.2135,1.19,ALERT
679.033,0.3296,0.144,1.69,ALERT
679.067,0.316,0.1148,-1.71,ALERT
679.1,0.282,0.1127,-0.09,ALERT
679.133,0.3258,0.0832,-1.74,ALERT
679.167,0.317,0.0913,2.81,ALERT
679.2,0.3001,0.2193,3.43,ALERT
679.233,0.3167,0.215,2.43,ALERT
679.267,0.3105,0.1095,3.22,ALERT
679.3,0.2808,0.085,-3.85,ALERT
679.333,0.2875,0.2132,0.35,ALERT
679.367,0.3003,0.2068,2.13,ALERT
679.4,0.3341,0.1594,-2.15,ALERT
679.433,0.3282,0.1233,2.89,ALERT
679.467,0.3362,0.1457,0.22,ALERT
679.5,0.337,0.1419,-3.95,ALERT
679.533,0.3377,0.1561,1.9,ALERT
679.567,0.3358,0.2102,-1.47,ALERT
679.6,0.2995,0.0856,0.3,ALERT
679.633,0.285,0.1015,-3.15,ALERT
679.667,0.3285,0.1713,-3.92,ALERT
679.7,0.3371,0.1525,-2.58,ALERT
679.733,0.2956,0.1843,-0.69,ALERT
679.767,0.3097,0.1409,3.6,ALERT
679.8,0.2901,0.083,-1.73,ALERT
679.833,0.2965,0.0977,3.62,ALERT
679.867,0.3313,0.1122,0.37,ALERT
679.9,0.3317,0.1465,0.07,ALERT
679.933,0.3184,0.2059,2.72,ALERT
679.967,0.3195,0.1716,1.99,ALERT
680.0,0.3025,0.1601,2.89,ALERT
680.033,0.3056,0.1132,3.51,ALERT
680.067,0.285,0.0824,1.05,ALERT
680.1,0.3045,0.2126,-2.27,ALERT
680.133,0.3313,0.1989,-2.82,ALERT
680.167,0.284,0.0938,3.98,ALERT
680.2,0.3288,0.2098,3.25,ALERT
680.233,0.3238,0.0844,-1.32,ALERT
680.267,0.3347,0.1418,-1.41,ALERT
680.3,0.2924,0.1343,-0.4,ALERT
680.333,0.2849,0.1189,3.92,ALERT
680.367,0.3211,0.2,0.99,ALERT
680.4,0.2886,0.2193,3.98,ALERT
680.433,0.3273,0.1947,0.66,ALERT
680.467,0.3002,0.2028,-2.0,ALERT
680.5,0.2826,0.1035,2.25,ALERT
680.533,0.3269,0.1063,-0.76,ALERT
680.567,0.2962,0.1973,-3.57,ALERT
680.6,0.3221,0.1589,-2.96,ALERT
680.633,0.285,0.167,2.05,ALERT
680.667,0.3286,0.1778,-2.95,ALERT
680.7,0.2998,0.1903,-0.08,ALERT
680.733,0.2926,0.2178,3.04,ALERT
680.767,0.3222,0.1952,-1.11,ALERT
680.8,0.3362,0.1995,1.4,ALERT
680.833,0.3223,0.2072,-1.75,ALERT
680.867,0.3085,0.1661,-3.33,ALERT
680.9,0.3028,0.1473,-3.02,ALERT
680.933,0.307,0.176,-2.04,ALERT
680.967,0.3103,0.1988,-1.65,ALERT
681.0,0.323,0.1008,-1.99,ALERT
681.033,0.3398,0.1168,-1.51,ALERT
681.067,0.3212,0.0977,-1.24,ALERT
681.1,0.2971,0.1439,-1.21,ALERT
681.133,0.3327,0.2089,-2.16,ALERT
681.167,0.3017,0.0803,-0.84,ALERT
681.2,0.3207,0.1644,-2.27,ALERT
681.233,0.2989,0.1947,-0.55,ALERT
681.267,0.2897,0.1984,-2.5,ALERT
681.3,0.3266,0.1905,-1.08,ALERT
681.333,0.3097,0.1601,1.61,ALERT
681.367,0.3029,0.1003,1.4,ALERT
681.4,0.3268,0.0947,1.84,ALERT
681.433,0.3244,0.1267,1.96,ALERT
681.467,0.2869,0.1086,-3.85,ALERT
681.5,0.3202,0.1406,-1.04,ALERT
681.533,0.3061,0.193,3.93,ALERT
681.567,0.3247,0.2154,-3.5,ALERT
681.6,0.3103,0.1357,3.44,ALERT
681.633,0.2815,0.1568,-3.35,ALERT
681.667,0.3268,0.1641,3.0,ALERT
681.7,0.2888,0.2121,0.42,ALERT
681.733,0.3005,0.0954,1.6,ALERT
681.767,0.3143,0.2049,-1.02,ALERT
681.8,0.2935,0.1515,1.27,ALERT
681.833,0.315,0.2029,-2.8,ALERT
681.867,0.3242,0.1536,-3.15,ALERT
681.9,0.3039,0.1301,-0.96,ALERT
681.933,0.292,0.1001,-2.43,ALERT
681.967,0.2831,0.1803,2.56,ALERT
682.0,0.3091,0.141,3.02,ALERT
682.033,0.3066,0.0849,2.08,ALERT
682.067,0.3043,0.1307,1.36,ALERT
682.1,0.3185,0.195,1.84,ALERT
682.133,0.2921,0.1464,-3.4,ALERT
682.167,0.3301,0.181,-3.89,ALERT
682.2,0.3145,0.2053,3.07,ALERT
682.233,0.3325,0.2151,-2.2,ALERT
682.267,0.3347,0.1441,-3.73,ALERT
682.3,0.3397,0.125,-1.88,ALERT
682.333,0.2852,0.1091,3.32,ALERT
682.367,0.3314,0.1477,-0.52,ALERT
682.4,0.3211,0.16,-3.71,ALERT
682.433,0.3071,0.1535,-0.66,ALERT
682.467,0.2979,0.0924,0.02,ALERT
682.5,0.324,0.0849,-1.85,ALERT
682.533,0.2803,0.1959,1.67,ALERT
682.567,0.3268,0.2002,3.56,ALERT
682.6,0.3077,0.1879,-2.23,ALERT
682.633,0.3015,0.089,1.42,ALERT
682.667,0.3153,0.2027,0.74,ALERT
682.7,0.3187,0.1969,0.19,ALERT
682.733,0.2832,0.1531,-1.37,ALERT
682.767,0.3352,0.0995,3.1,ALERT
682.8,0.3157,0.1401,1.88,ALERT
682.833,0.301,0.1602,-1.75,ALERT
682.867,0.3113,0.1296,-3.44,ALERT
682.9,0.304,0.1915,1.02,ALERT
682.933,0.2971,0.1602,0.91,ALERT
682.967,0.1709,0.1974,0.15,ALERT
683.0,0.3286,0.1913,2.75,ALERT
683.033,0.3287,0.1457,1.88,ALERT
683.067,0.2996,0.1639,-1.3,ALERT
683.1,0.2926,0.1514,-2.68,ALERT
683.133,0.3282,0.1393,-1.56,ALERT
683.167,0.2849,0.111,2.7,ALERT
683.2,0.2853,0.1191,-0.77,ALERT
683.233,0.3304,0.17,1.58,ALERT
683.267,0.2904,0.0828,3.24,ALERT
683.3,0.3045,0.1801,3.13,ALERT
683.333,0.2953,0.1141,2.67,ALERT
683.367,0.2848,0.1077,3.56,ALERT
683.4,0.3235,0.1283,0.03,ALERT
683.433,0.2891,0.2005,-3.94,ALERT
683.467,0.1274,0.1465,-0.99,ALERT
683.5,0.3354,0.1391,0.44,ALERT
683.533,0.3066,0.1945,1.96,ALERT
683.567,0.3026,0.2143,0.34,ALERT
683.6,0.3023,0.1784,1.21,ALERT
683.633,0.3366,0.1947,2.11,ALERT
683.667,0.3181,0.1561,-0.71,ALERT
683.7,0.3325,0.1999,-2.63,ALERT
683.733,0.1643,0.141,3.06,ALERT
683.767,0.2977,0.1707,-3.68,ALERT
683.8,0.3301,0.11,-0.28,ALERT
683.833,0.3115,0.1844,2.64,ALERT
683.867,0.2817,0.1381,-2.23,ALERT
683.9,0.28,0.1288,2.83,ALERT
683.933,0.3377,0.1809,-2.03,ALERT
683.967,0.3205,0.2184,0.58,ALERT
684.0,0.3361,0.0911,-3.01,ALERT
684.033,0.2935,0.0847,-1.31,ALERT
684.067,0.2804,0.1487,1.58,ALERT
684.1,0.3387,0.0828,-0.52,ALERT
684.133,0.3359,0.1957,-2.4,ALERT
684.167,0.2871,0.1765,-2.52,ALERT
684.2,0.2936,0.1849,3.58,ALERT
684.233,0.3217,0.1139,-2.19,ALERT
684.267,0.3224,0.0863,-2.79,ALERT
684.3,0.3083,0.2008,0.93,ALERT
684.333,0.3306,0.1709,3.28,ALERT
684.367,0.3393,0.1651,3.33,ALERT
684.4,0.3218,0.1615,-3.64,ALERT
684.433,0.3238,0.1183,0.8,ALERT
684.467,0.3047,0.1965,-0.45,ALERT
684.5,0.317,0.1879,-2.34,ALERT
684.533,0.3373,0.0979,1.51,ALERT
684.567,0.3234,0.1235,2.97,ALERT
684.6,0.335,0.0963,3.49,ALERT
684.633,0.3118,0.1099,2.44,ALERT
684.667,0.2813,0.0949,2.41,ALERT
684.7,0.3193,0.2007,-0.04,ALERT
684.733,0.3024,0.2035,-3.8,ALERT
684.767,0.292,0.1777,-3.54,ALERT
684.8,0.289,0.1996,-3.03,ALERT
684.833,0.3022,0.1514,0.23,ALERT
684.867,0.2905,0.1492,-3.52,ALERT
684.9,0.3013,0.097,-3.59,ALERT
684.933,0.2957,0.1833,0.29,ALERT
684.967,0.3046,0.1682,-3.65,ALERT
685.0,0.2917,0.161,-2.31,ALERT
685.033,0.3294,0.0901,-3.89,ALERT
685.067,0.3014,0.1531,3.98,ALERT
685.1,0.3249,0.0826,-2.71,ALERT
685.133,0.3328,0.1848,2.02,ALERT
685.167,0.2827,0.0942,3.5,ALERT
685.2,0.3086,0.1646,1.65,ALERT
685.233,0.3075,0.1503,0.39,ALERT
685.267,0.2926,0.1377,-0.05,ALERT
685.3,0.3312,0.1687,2.95,ALERT
685.333,0.3001,0.1057,1.23,ALERT
685.367,0.3236,0.1689,0.35,ALERT
685.4,0.335,0.1258,2.85,ALERT
685.433,0.3274,0.0976,-1.73,ALERT
685.467,0.3117,0.1031,-3.87,ALERT
685.5,0.3074,0.0898,-3.43,ALERT
685.533,0.3232,0.1351,2.36,ALERT
685.567,0.2926,0.2002,-3.36,ALERT
685.6,0.289,0.1325,1.09,ALERT
685.633,0.2832,0.1116,2.07,ALERT
685.667,0.3179,0.1205,-2.78,ALERT
685.7,0.3053,0.0952,0.57,ALERT
685.733,0.3247,0.1225,-1.65,ALERT
685.767,0.3128,0.1358,3.08,ALERT
685.8,0.3244,0.1413,2.6,ALERT
685.833,0.2996,0.117,2.77,ALERT
685.867,0.3368,0.1255,-1.64,ALERT
685.9,0.2867,0.1831,0.92,ALERT
685.933,0.2944,0.0829,1.76,ALERT
685.967,0.2979,0.1353,1.34,ALERT
686.0,0.3217,0.2098,0.67,ALERT
686.033,0.3072,0.1006,2.61,ALERT
686.067,0.2955,0.1729,-1.13,ALERT
686.1,0.2948,0.1765,-3.95,ALERT
686.133,0.2882,0.1152,-2.46,ALERT
686.167,0.3177,0.1751,2.55,ALERT
686.2,0.2805,0.1374,-1.54,ALERT
686.233,0.2888,0.1892,-1.21,ALERT
686.267,0.3199,0.1549,-3.65,ALERT
686.3,0.1231,0.1373,-0.49,ALERT
686.333,0.3263,0.1651,1.07,ALERT
686.367,0.3315,0.1864,-2.77,ALERT
686.4,0.3305,0.1917,3.75,ALERT
686.433,0.2977,0.2091,1.53,ALERT
686.467,0.1656,0.1946,2.2,ALERT
686.5,0.2803,0.1852,2.83,ALERT
686.533,0.32,0.1066,2.79,ALERT
686.567,0.3039,0.1585,-1.99,ALERT
686.6,0.2883,0.1532,-2.08,ALERT
686.633,0.3233,0.2116,-1.58,ALERT
686.667,0.299,0.1771,1.54,ALERT
686.7,0.2869,0.1169,2.84,ALERT
686.733,0.144,0.1607,-1.47,ALERT
686.767,0.3333,0.1811,1.71,ALERT
686.8,0.2902,0.0891,2.65,ALERT
686.833,0.3333,0.198,-1.61,ALERT
686.867,0.3336,0.1931,-1.72,ALERT
686.9,0.3064,0.176,-2.03,ALERT
686.933,0.3188,0.0819,-1.57,ALERT
686.967,0.2928,0.148,-1.39,ALERT
687.0,0.3272,0.1086,1.81,ALERT
687.033,0.3331,0.1901,-2.35,ALERT
687.067,0.3198,0.1569,1.59,ALERT
687.1,0.2878,0.2072,1.61,ALERT
687.133,0.3047,0.0862,1.32,ALERT
687.167,0.3349,0.1345,0.39,ALERT
687.2,0.1337,0.2128,2.67,ALERT
687.233,0.328,0.1518,1.93,ALERT
687.267,0.325,0.1193,1.43,ALERT
687.3,0.2958,0.1987,0.43,ALERT
687.333,0.3325,0.2116,2.26,ALERT
687.367,0.3198,0.1173,3.98,ALERT
687.4,0.3183,0.1917,-2.43,ALERT
687.433,0.3089,0.1885,3.36,ALERT
687.467,0.2896,0.186,-2.79,ALERT
687.5,0.2852,0.198,-2.57,ALERT
687.533,0.2924,0.1134,3.87,ALERT
687.567,0.3325,0.1721,0.49,ALERT
687.6,0.3105,0.1239,2.64,ALERT
687.633,0.3067,0.0852,1.08,ALERT
687.667,0.1493,0.197,3.51,ALERT
687.7,0.3132,0.1197,-3.84,ALERT
687.733,0.2809,0.0864,-0.13,ALERT
687.767,0.3069,0.1298,1.66,ALERT
687.8,0.2804,0.1554,-3.25,ALERT
687.833,0.3331,0.1689,-3.92,ALERT
687.867,0.3036,0.1875,2.32,ALERT
687.9,0.3186,0.1064,-3.83,ALERT
687.933,0.3326,0.1581,-3.27,ALERT
687.967,0.3083,0.1205,-1.68,ALERT
688.0,0.3107,0.1743,1.42,ALERT
688.033,0.2945,0.0965,3.07,ALERT
688.067,0.3049,0.2023,-2.8,ALERT
688.1,0.3035,0.1287,2.7,ALERT
688.133,0.3226,0.2191,0.48,ALERT
688.167,0.2882,0.1461,-1.42,ALERT
688.2,0.2956,0.1944,-3.88,ALERT
688.233,0.3341,0.1756,1.41,ALERT
688.267,0.3284,0.1712,1.98,ALERT
688.3,0.2838,0.2023,3.34,ALERT
688.333,0.2876,0.1013,-3.91,ALERT
688.367,0.3231,0.095,1.09,ALERT
688.4,0.3157,0.1272,1.1,ALERT
688.433,0.3137,0.214,-1.74,ALERT
688.467,0.3255,0.1727,2.83,ALERT
688.5,0.3007,0.2112,3.23,ALERT
688.533,0.3303,0.2049,0.47,ALERT
688.567,0.3055,0.1078,0.39,ALERT
688.6,0.3303,0.1913,3.38,ALERT
688.633,0.3226,0.1846,0.31,ALERT
688.667,0.3205,0.2186,0.21,ALERT
688.7,0.3397,0.1677,2.65,ALERT
688.733,0.3075,0.1444,0.33,ALERT
688.767,0.3093,0.1928,-0.96,ALERT
688.8,0.3149,0.2064,1.85,ALERT
688.833,0.3111,0.1424,0.62,ALERT
688.867,0.3045,0.1291,-0.88,ALERT
688.9,0.1267,0.1114,-1.13,ALERT
688.933,0.3142,0.1899,1.99,ALERT
688.967,0.32,0.1643,-3.18,ALERT
689.0,0.3328,0.2124,1.56,ALERT
689.033,0.3303,0.1607,-2.06,ALERT
689.067,0.3,0.1497,-0.58,ALERT
689.1,0.1323,0.1926,-3.66,ALERT
689.133,0.2839,0.1007,3.36,ALERT
689.167,0.3068,0.2155,0.63,ALERT
689.2,0.2889,0.1587,-1.8,ALERT
689.233,0.319,0.2185,3.65,ALERT
689.267,0.2948,0.0853,-3.9,ALERT
689.3,0.2871,0.162,0.07,ALERT
689.333,0.2843,0.1823,-2.2,ALERT
689.367,0.3129,0.0962,3.36,ALERT
689.4,0.3298,0.1409,-1.54,ALERT
689.433,0.3057,0.1743,-0.85,ALERT
689.467,0.2874,0.1711,-1.52,ALERT
689.5,0.32,0.1179,-1.75,ALERT
689.533,0.3115,0.1642,0.31,ALERT
689.567,0.3072,0.1362,2.03,ALERT
689.6,0.3214,0.2162,1.39,ALERT
689.633,0.3241,0.2174,-1.15,ALERT
689.667,0.3211,0.1495,-3.38,ALERT
689.7,0.3186,0.21,-0.4,ALERT
689.733,0.13,0.1421,1.37,ALERT
689.767,0.3226,0.1477,-1.56,ALERT
689.8,0.329,0.213,-0.66,ALERT
689.833,0.301,0.1865,-1.38,ALERT
689.867,0.3067,0.1611,2.49,ALERT
689.9,0.3073,0.1258,-1.19,ALERT
689.933,0.3349,0.134,-2.06,ALERT
689.967,0.3372,0.0942,-2.24,ALERT
690.0,0.3179,0.1854,1.73,ALERT
690.033,0.287,0.1611,-1.69,ALERT
690.067,0.308,0.1726,-1.75,ALERT
690.1,0.3192,0.1373,-1.96,ALERT
690.133,0.313,0.1771,-0.07,ALERT
690.167,0.2888,0.1272,-1.18,ALERT
690.2,0.2863,0.1412,2.65,ALERT
690.233,0.3201,0.0848,-2.85,ALERT
690.267,0.3165,0.1402,0.61,ALERT
690.3,0.328,0.2002,0.94,ALERT
690.333,0.3164,0.1236,2.35,ALERT
690.367,0.3099,0.121,-2.94,ALERT
690.4,0.3381,0.1829,-3.67,ALERT
690.433,0.3289,0.1036,-3.16,ALERT
690.467,0.3,0.1273,-1.67,ALERT
690.5,0.2844,0.1027,-1.79,ALERT
690.533,0.2901,0.1725,2.67,ALERT
690.567,0.3009,0.1441,2.01,ALERT
690.6,0.2828,0.1063,-1.53,ALERT
690.633,0.3112,0.2169,-1.85,ALERT
690.667,0.2869,0.1562,3.43,ALERT
690.7,0.2841,0.1863,0.72,ALERT
690.733,0.3391,0.0922,2.7,ALERT
690.767,0.3235,0.2154,0.84,ALERT
690.8,0.3155,0.2041,2.48,ALERT
690.833,0.324,0.1225,1.35,ALERT
690.867,0.311,0.1972,1.56,ALERT
690.9,0.3063,0.1918,-0.47,ALERT
690.933,0.2911,0.145,3.2,ALERT
690.967,0.3193,0.192,-3.05,ALERT
691.0,0.3261,0.2051,1.61,ALERT
691.033,0.3103,0.1151,-0.91,ALERT
691.067,0.2894,0.163,3.85,ALERT
691.1,0.1206,0.1549,0.57,ALERT
691.133,0.2952,0.1399,-2.67,ALERT
691.167,0.3171,0.2032,-3.14,ALERT
691.2,0.2998,0.2029,-1.11,ALERT
691.233,0.2923,0.2162,2.08,ALERT
691.267,0.2839,0.1259,0.31,ALERT
691.3,0.3379,0.1627,1.16,ALERT
691.333,0.3062,0.0939,3.92,ALERT
691.367,0.2821,0.0917,-2.54,ALERT
691.4,0.2839,0.1677,-3.85,ALERT
691.433,0.3201,0.2006,0.9,ALERT
691.467,0.3048,0.1044,-2.73,ALERT
691.5,0.3317,0.1255,2.51,ALERT
691.533,0.2911,0.1445,-1.08,ALERT
691.567,0.3068,0.1495,1.89,ALERT
691.6,0.2955,0.1948,2.79,ALERT
691.633,0.3367,0.1979,3.67,ALERT
691.667,0.2931,0.1237,2.64,ALERT
691.7,0.3123,0.219,-0.53,ALERT
691.733,0.2834,0.0986,2.46,ALERT
691.767,0.3307,0.0999,3.97,ALERT
691.8,0.2965,0.1636,-3.39,ALERT
691.833,0.3066,0.1832,-3.79,ALERT
691.867,0.3244,0.1793,0.21,ALERT
691.9,0.2872,0.0906,2.94,ALERT
691.933,0.2889,0.184,2.23,ALERT
691.967,0.3344,0.2076,3.58,ALERT
692.0,0.3287,0.084,1.14,ALERT
692.033,0.2978,0.2071,-2.51,ALERT
692.067,0.305,0.1632,-2.59,ALERT
692.1,0.313,0.1266,0.92,ALERT
692.133,0.2995,0.1252,-0.33,ALERT
692.167,0.2972,0.1481,-2.71,ALERT
692.2,0.2918,0.2106,0.45,ALERT
692.233,0.3187,0.1043,-3.69,ALERT
692.267,0.3363,0.1801,-1.77,ALERT
692.3,0.3256,0.1576,0.69,ALERT
692.333,0.3334,0.179,2.36,ALERT
692.367,0.3001,0.1393,-0.3,ALERT
692.4,0.3156,0.1057,-1.62,ALERT
692.433,0.3189,0.1674,1.18,ALERT
692.467,0.31,0.08,-3.01,ALERT
692.5,0.3232,0.1428,3.74,ALERT
692.533,0.2874,0.1444,1.24,ALERT
692.567,0.3002,0.1684,-0.56,ALERT
692.6,0.3294,0.2144,2.87,ALERT
692.633,0.2889,0.0837,2.76,ALERT
692.667,0.3184,0.1195,1.89,ALERT
692.7,0.3034,0.1265,2.74,ALERT
692.733,0.295,0.1825,1.2,ALERT
692.767,0.2902,0.1103,-0.61,ALERT
692.8,0.3071,0.1695,-1.23,ALERT
692.833,0.317,0.1558,-3.83,ALERT
692.867,0.3174,0.1149,2.47,ALERT
692.9,0.2867,0.211,0.24,ALERT
692.933,0.3377,0.1669,2.72,ALERT
692.967,0.3371,0.1028,0.8,ALERT
693.0,0.2851,0.1003,-0.89,ALERT
693.033,0.3261,0.0816,0.06,ALERT
693.067,0.3211,0.1263,0.91,ALERT
693.1,0.3201,0.1309,3.74,ALERT
693.133,0.2895,0.1787,0.42,ALERT
693.167,0.291,0.0843,-0.9,ALERT
693.2,0.2995,0.0959,1.93,ALERT
693.233,0.3369,0.217,2.18,ALERT
693.267,0.2886,0.2068,1.54,ALERT
693.3,0.3185,0.1406,0.26,ALERT
693.333,0.285,0.1938,-0.41,ALERT
693.367,0.3086,0.2187,-1.46,ALERT
693.4,0.3363,0.1985,2.34,ALERT
693.433,0.3294,0.1367,-2.43,ALERT
693.467,0.3077,0.1418,3.2,ALERT
693.5,0.1217,0.0849,-0.92,ALERT
693.533,0.3154,0.218,1.22,ALERT
693.567,0.3101,0.1777,1.27,ALERT
693.6,0.306,0.0955,-3.83,ALERT
693.633,0.3351,0.1065,3.16,ALERT
693.667,0.2811,0.1205,-3.4,ALERT
693.7,0.307,0.1992,1.73,ALERT
693.733,0.2826,0.0972,3.0,ALERT
693.767,0.2802,0.0985,1.88,ALERT
693.8,0.3399,0.1118,-2.71,ALERT
693.833,0.3341,0.136,2.4,ALERT
693.867,0.3384,0.2197,3.58,ALERT
693.9,0.3102,0.0874,1.93,ALERT
693.933,0.2898,0.0881,-2.45,ALERT
693.967,0.3178,0.1568,1.73,ALERT
694.0,0.3082,0.0958,-3.3,ALERT
694.033,0.3164,0.09,-2.47,ALERT
694.067,0.3028,0.1081,-1.23,ALERT
694.1,0.2945,0.152,3.29,ALERT
694.133,0.2816,0.1415,-3.52,ALERT
694.167,0.2884,0.087,1.65,ALERT
694.2,0.2863,0.1424,1.12,ALERT
694.233,0.3056,0.2101,0.11,ALERT
694.267,0.294,0.1332,-3.11,ALERT
694.3,0.3077,0.081,2.12,ALERT
694.333,0.3365,0.1698,1.07,ALERT
694.367,0.3048,0.0823,1.34,ALERT
694.4,0.3038,0.0864,2.48,ALERT
694.433,0.3093,0.1816,-0.41,ALERT
694.467,0.2904,0.1319,-0.0,ALERT
694.5,0.3187,0.2013,1.25,ALERT
694.533,0.2916,0.0986,-0.26,ALERT
694.567,0.2859,0.1499,0.19,ALERT
694.6,0.2854,0.0986,1.78,ALERT
694.633,0.2812,0.1152,-0.06,ALERT
694.667,0.3264,0.1925,-2.62,ALERT
694.7,0.3148,0.1953,-0.76,ALERT
694.733,0.317,0.2115,-2.56,ALERT
694.767,0.337,0.1211,-3.37,ALERT
694.8,0.34,0.1214,0.23,ALERT
694.833,0.3126,0.1917,-3.24,ALERT
694.867,0.3397,0.1233,0.06,ALERT
694.9,0.3118,0.1943,-3.13,ALERT
694.933,0.2957,0.1185,-1.93,ALERT
694.967,0.2962,0.1365,0.82,ALERT
695.0,0.3124,0.2176,-2.72,ALERT
695.033,0.305,0.1755,1.7,ALERT
695.067,0.3036,0.1083,-1.87,ALERT
695.1,0.3134,0.2156,0.36,ALERT
695.133,0.3238,0.098,-2.49,ALERT
695.167,0.3391,0.1714,-0.47,ALERT
695.2,0.3124,0.1518,3.01,ALERT
695.233,0.3085,0.1486,-0.14,ALERT
695.267,0.2869,0.1465,2.96,ALERT
695.3,0.3115,0.1761,3.73,ALERT
695.333,0.2805,0.1236,-1.55,ALERT
695.367,0.3317,0.0888,2.84,ALERT
695.4,0.2812,0.2156,0.3,ALERT
695.433,0.2893,0.201,-0.94,ALERT
695.467,0.3111,0.1516,3.32,ALERT
695.5,0.2888,0.1612,-2.62,ALERT
695.533,0.3144,0.1542,3.85,ALERT
695.567,0.3231,0.0997,3.96,ALERT
695.6,0.2984,0.1084,3.05,ALERT
695.633,0.3015,0.0835,0.09,ALERT
695.667,0.3359,0.1686,0.54,ALERT
695.7,0.2905,0.0931,-3.33,ALERT
695.733,0.2917,0.0923,-3.44,ALERT
695.767,0.3398,0.0963,0.24,ALERT
695.8,0.3306,0.1436,3.49,ALERT
695.833,0.2924,0.179,3.82,ALERT
695.867,0.2962,0.084,1.19,ALERT
695.9,0.2899,0.166,-3.15,ALERT
695.933,0.3075,0.1302,-3.54,ALERT
695.967,0.3008,0.1765,-1.16,ALERT
696.0,0.3326,0.1224,0.37,ALERT
696.033,0.2921,0.1276,-3.48,ALERT
696.067,0.3107,0.1155,-2.14,ALERT
696.1,0.3076,0.1533,3.79,ALERT
696.133,0.2851,0.1966,3.61,ALERT
696.167,0.3329,0.1912,0.49,ALERT
696.2,0.3324,0.2062,-3.75,ALERT
696.233,0.2984,0.0936,-0.59,ALERT
696.267,0.3066,0.1785,-0.66,ALERT
696.3,0.3051,0.1292,-3.6,ALERT
696.333,0.299,0.1367,-1.11,ALERT
696.367,0.2881,0.2018,-3.97,ALERT
696.4,0.2857,0.1624,0.87,ALERT
696.433,0.3396,0.1925,0.07,ALERT
696.467,0.2832,0.178,1.08,ALERT
696.5,0.283,0.1284,3.44,ALERT
696.533,0.3365,0.1803,-0.49,ALERT
696.567,0.2875,0.1611,3.72,ALERT
696.6,0.3148,0.1522,0.36,ALERT
696.633,0.3236,0.1006,-1.09,ALERT
696.667,0.2985,0.1795,1.95,ALERT
696.7,0.3229,0.1205,2.07,ALERT
696.733,0.2869,0.1524,0.11,ALERT
696.767,0.3208,0.1763,-2.17,ALERT
696.8,0.3152,0.216,-1.86,ALERT
696.833,0.3239,0.1032,-3.45,ALERT
696.867,0.2883,0.0966,2.07,ALERT
696.9,0.3142,0.1445,-3.99,ALERT
696.933,0.3313,0.1597,3.48,ALERT
696.967,0.2851,0.1104,-0.68,ALERT
697.0,0.3103,0.1334,-1.95,ALERT
697.033,0.321,0.0882,-2.57,ALERT
697.067,0.2982,0.157,-3.49,ALERT
697.1,0.3324,0.0873,-3.31,ALERT
697.133,0.3323,0.0948,-2.5,ALERT
697.167,0.3147,0.0928,1.08,ALERT
697.2,0.3061,0.2059,-3.62,ALERT
697.233,0.3319,0.082,1.23,ALERT
697.267,0.3089,0.1422,1.08,ALERT
697.3,0.3326,0.1857,-2.17,ALERT
697.333,0.2947,0.1826,-3.49,ALERT
697.367,0.3054,0.1433,-2.3,ALERT
697.4,0.2991,0.2149,-1.0,ALERT
697.433,0.3058,0.0873,0.58,ALERT
697.467,0.3376,0.1497,3.9,ALERT
697.5,0.2933,0.184,1.94,ALERT
697.533,0.3258,0.1212,2.67,ALERT
697.567,0.3291,0.0884,-0.73,ALERT
697.6,0.3271,0.1386,-3.34,ALERT
697.633,0.3369,0.1455,-0.81,ALERT
697.667,0.1754,0.141,-3.73,ALERT
697.7,0.314,0.1168,-1.35,ALERT
697.733,0.3327,0.1769,-0.96,ALERT
697.767,0.3261,0.1315,-1.3,ALERT
697.8,0.3038,0.1682,2.32,ALERT
697.833,0.3313,0.1999,-1.87,ALERT
697.867,0.3163,0.1453,0.73,ALERT
697.9,0.2828,0.1038,1.09,ALERT
697.933,0.302,0.1701,-3.0,ALERT
697.967,0.3135,0.1179,-2.53,ALERT
698.0,0.3099,0.1988,-1.78,ALERT
698.033,0.314,0.1914,-0.76,ALERT
698.067,0.3116,0.1755,2.99,ALERT
698.1,0.1441,0.1706,-3.92,ALERT
698.133,0.2988,0.0933,-3.45,ALERT
698.167,0.2858,0.1281,3.13,ALERT
698.2,0.3156,0.1642,2.56,ALERT
698.233,0.2988,0.1584,3.6,ALERT
698.267,0.338,0.1024,1.23,ALERT
698.3,0.3381,0.1491,-1.24,ALERT
698.333,0.2992,0.0896,-3.41,ALERT
698.367,0.3131,0.1204,3.52,ALERT
698.4,0.2829,0.1895,3.22,ALERT
698.433,0.3076,0.1423,-2.33,ALERT
698.467,0.3391,0.1028,3.01,ALERT
698.5,0.1305,0.1877,2.16,ALERT
698.533,0.3182,0.2004,1.46,ALERT
698.567,0.3162,0.2015,-0.96,ALERT
698.6,0.3349,0.2128,0.94,ALERT
698.633,0.3055,0.1737,3.65,ALERT
698.667,0.3356,0.1267,-2.22,ALERT
698.7,0.3264,0.2082,-0.77,ALERT
698.733,0.3303,0.1721,1.82,ALERT
698.767,0.3392,0.2188,1.18,ALERT
698.8,0.3042,0.1701,3.02,ALERT
698.833,0.3121,0.2072,3.42,ALERT
698.867,0.3252,0.2058,1.68,ALERT
698.9,0.3346,0.1503,3.06,ALERT
698.933,0.3076,0.1582,2.39,ALERT
698.967,0.2861,0.2141,-3.17,ALERT
699.0,0.3043,0.1431,3.82,ALERT
699.033,0.3033,0.1551,-0.27,ALERT
699.067,0.3121,0.1043,0.55,ALERT
699.1,0.3334,0.1965,2.66,ALERT
699.133,0.1712,0.0991,1.41,ALERT
699.167,0.2802,0.1647,-0.8,ALERT
699.2,0.3128,0.0854,-0.14,ALERT
699.233,0.2867,0.1515,-3.75,ALERT
699.267,0.2942,0.2194,-1.96,ALERT
699.3,0.2886,0.0945,-3.51,ALERT
699.333,0.3182,0.081,2.34,ALERT
699.367,0.303,0.1367,0.22,ALERT
699.4,0.302,0.1364,2.1,ALERT
699.433,0.2823,0.1247,-0.61,ALERT
699.467,0.3,0.1826,2.01,ALERT
699.5,0.3337,0.196,-0.15,ALERT
699.533,0.3327,0.1061,2.09,ALERT
699.567,0.3283,0.1234,-1.56,ALERT
699.6,0.3037,0.21,3.43,ALERT
699.633,0.2926,0.0902,-3.57,ALERT
699.667,0.2862,0.2134,-1.56,ALERT
699.7,0.1335,0.1643,-1.87,ALERT
699.733,0.3142,0.1798,-0.03,ALERT
699.767,0.2983,0.1876,-2.71,ALERT
699.8,0.3082,0.1544,1.52,ALERT
699.833,0.3241,0.1317,-2.24,ALERT
699.867,0.2966,0.1965,2.8,ALERT
699.9,0.3393,0.1957,2.18,ALERT
699.933,0.3116,0.1547,0.71,ALERT
699.967,0.2951,0.2086,2.22,ALERT
700.0,0.2827,0.1197,-3.21,ALERT
700.033,0.3188,0.1833,-1.73,ALERT
700.067,0.3157,0.1193,3.08,ALERT
700.1,0.334,0.1923,-0.12,ALERT
700.133,0.2841,0.1231,-1.07,ALERT
700.167,0.306,0.0911,3.28,ALERT
700.2,0.327,0.2161,3.54,ALERT
700.233,0.2889,0.0921,-2.22,ALERT
700.267,0.328,0.1096,1.45,ALERT
700.3,0.2867,0.0879,-1.08,ALERT
700.333,0.3032,0.0985,-1.91,ALERT
700.367,0.3016,0.1537,1.81,ALERT
700.4,0.2994,0.1268,1.43,ALERT
700.433,0.3154,0.1937,2.04,ALERT
700.467,0.3336,0.1133,1.57,ALERT
700.5,0.2854,0.1878,2.55,ALERT
700.533,0.3086,0.2147,1.37,ALERT
700.567,0.2814,0.1516,1.94,ALERT
700.6,0.2896,0.1628,0.37,ALERT
700.633,0.3073,0.1606,2.37,ALERT
700.667,0.294,0.0993,-0.11,ALERT
700.7,0.3179,0.1872,-2.19,ALERT
700.733,0.3147,0.1022,3.35,ALERT
700.767,0.302,0.1045,-0.0,ALERT
700.8,0.3295,0.1016,-4.0,ALERT
700.833,0.3399,0.1357,-0.71,ALERT
700.867,0.3193,0.1879,2.61,ALERT
700.9,0.3269,0.1893,1.68,ALERT
700.933,0.2839,0.169,-3.55,ALERT
700.967,0.3229,0.1609,2.68,ALERT
701.0,0.3119,0.1129,0.69,ALERT
701.033,0.3363,0.1395,-1.91,ALERT
701.067,0.3056,0.1283,-3.93,ALERT
701.1,0.2875,0.2091,-3.4,ALERT
701.133,0.3067,0.1782,3.64,ALERT
701.167,0.2815,0.1611,-2.68,ALERT
701.2,0.327,0.1321,-0.59,ALERT
701.233,0.3042,0.2175,2.63,ALERT
701.267,0.3175,0.1966,2.03,ALERT
701.3,0.3322,0.1839,2.71,ALERT
701.333,0.318,0.1871,3.08,ALERT
701.367,0.285,0.1069,-3.14,ALERT
701.4,0.1664,0.1606,-2.01,ALERT
701.433,0.3082,0.2196,3.34,ALERT
701.467,0.2911,0.1488,0.22,ALERT
701.5,0.3163,0.1427,1.86,ALERT
701.533,0.3194,0.0922,2.39,ALERT
701.567,0.3198,0.1879,-0.04,ALERT
701.6,0.3088,0.1537,-1.96,ALERT
701.633,0.2847,0.1571,-1.52,ALERT
701.667,0.325,0.1256,-2.63,ALERT
701.7,0.3118,0.1199,-0.18,ALERT
701.733,0.3114,0.1845,-0.41,ALERT
701.767,0.1526,0.1328,-2.56,ALERT
701.8,0.286,0.1614,-1.42,ALERT
701.833,0.325,0.1315,-0.78,ALERT
701.867,0.2891,0.1412,-2.78,ALERT
701.9,0.3101,0.0994,2.68,ALERT
701.933,0.2864,0.1477,0.64,ALERT
701.967,0.1604,0.1915,1.83,ALERT
702.0,0.302,0.1139,1.9,ALERT
702.033,0.3057,0.1516,-2.62,ALERT
702.067,0.3092,0.1653,3.14,ALERT
702.1,0.2853,0.1942,-2.23,ALERT
702.133,0.2843,0.1093,-0.77,ALERT
702.167,0.2811,0.0829,1.08,ALERT
702.2,0.2921,0.1489,-1.21,ALERT
702.233,0.2885,0.1033,3.02,ALERT
702.267,0.3108,0.095,0.35,ALERT
702.3,0.3075,0.1952,0.61,ALERT
702.333,0.2814,0.1303,-1.89,ALERT
702.367,0.3207,0.1093,2.66,ALERT
702.4,0.3127,0.1225,2.55,ALERT
702.433,0.2929,0.1002,0.67,ALERT
702.467,0.3091,0.1688,3.02,ALERT
702.5,0.3246,0.1091,3.08,ALERT
702.533,0.2891,0.095,1.15,ALERT
702.567,0.2908,0.1133,-3.64,ALERT
702.6,0.2906,0.1188,0.72,ALERT
702.633,0.3033,0.1227,-1.06,ALERT
702.667,0.2923,0.1804,1.36,ALERT
702.7,0.3255,0.0828,0.96,ALERT
702.733,0.3364,0.0822,0.23,ALERT
702.767,0.2855,0.173,-3.55,ALERT
702.8,0.3296,0.1733,-3.94,ALERT
702.833,0.3382,0.1916,-0.74,ALERT
702.867,0.3056,0.1687,-0.77,ALERT
702.9,0.2893,0.2115,2.2,ALERT
702.933,0.2894,0.1112,2.66,ALERT
702.967,0.3167,0.1631,-1.93,ALERT
703.0,0.302,0.1571,2.73,ALERT
703.033,0.3384,0.1144,3.29,ALERT
703.067,0.3307,0.1602,-0.47,ALERT
703.1,0.2835,0.1212,-2.04,ALERT
703.133,0.3382,0.1208,-2.06,ALERT
703.167,0.3127,0.1159,3.57,ALERT
703.2,0.2996,0.1761,2.7,ALERT
703.233,0.2803,0.209,-2.76,ALERT
703.267,0.307,0.2191,3.69,ALERT
703.3,0.3278,0.1574,-1.47,ALERT
703.333,0.335,0.1766,1.21,ALERT
703.367,0.3158,0.1628,-2.6,ALERT
703.4,0.3025,0.1578,2.48,ALERT
703.433,0.305,0.1465,2.46,ALERT
703.467,0.3164,0.2046,1.65,ALERT
703.5,0.1288,0.0857,-1.29,ALERT
703.533,0.3051,0.1408,2.53,ALERT
703.567,0.2867,0.1799,-3.71,ALERT
703.6,0.2811,0.1852,3.51,ALERT
703.633,0.303,0.1086,3.42,ALERT
703.667,0.3332,0.1045,1.88,ALERT
703.7,0.3033,0.2012,-0.15,ALERT
703.733,0.2811,0.1696,-1.81,ALERT
703.767,0.3258,0.1916,-2.97,ALERT
703.8,0.3203,0.0933,2.44,ALERT
703.833,0.2998,0.1962,-0.2,ALERT
703.867,0.2989,0.1937,-1.91,ALERT
703.9,0.3298,0.1407,1.85,ALERT
703.933,0.3196,0.1791,-3.19,ALERT
703.967,0.3193,0.1337,2.67,ALERT
704.0,0.3079,0.0864,2.28,ALERT
704.033,0.2969,0.1236,0.12,ALERT
704.067,0.3032,0.1228,-1.19,ALERT
704.1,0.3176,0.1958,-3.37,ALERT
704.133,0.2816,0.1721,-2.97,ALERT
704.167,0.3141,0.092,3.27,ALERT
704.2,0.3336,0.1058,-2.24,ALERT
704.233,0.3123,0.1386,2.89,ALERT
704.267,0.3367,0.1038,-0.18,ALERT
704.3,0.3045,0.1162,1.89,ALERT
704.333,0.284,0.0801,1.12,ALERT
704.367,0.2885,0.1544,1.68,ALERT
704.4,0.3125,0.1173,-0.02,ALERT
704.433,0.2835,0.1328,0.8,ALERT
704.467,0.3384,0.1657,-3.34,ALERT
704.5,0.3314,0.1598,0.37,ALERT
704.533,0.1673,0.136,1.43,ALERT
704.567,0.2971,0.1342,-2.92,ALERT
704.6,0.3008,0.211,-3.75,ALERT
704.633,0.292,0.162,2.18,ALERT
704.667,0.3112,0.2072,-3.3,ALERT
704.7,0.3267,0.1554,-2.67,ALERT
704.733,0.3126,0.2147,1.34,ALERT
704.767,0.3124,0.1596,1.0,ALERT
704.8,0.3012,0.2131,-0.09,ALERT
704.833,0.33,0.1268,-0.06,ALERT
704.867,0.3046,0.2187,2.05,ALERT
704.9,0.3094,0.1759,0.38,ALERT
704.933,0.3104,0.1516,1.87,ALERT
704.967,0.332,0.0835,2.8,ALERT
705.0,0.3279,0.1026,-3.41,ALERT
705.033,0.2811,0.2069,-0.2,ALERT
705.067,0.2992,0.2064,3.31,ALERT
705.1,0.3094,0.1828,-2.9,ALERT
705.133,0.3146,0.1848,-1.4,ALERT
705.167,0.3126,0.1956,0.68,ALERT
705.2,0.3368,0.1305,2.5,ALERT
705.233,0.3031,0.1621,-1.75,ALERT
705.267,0.2884,0.1,3.77,ALERT
705.3,0.309,0.0816,-3.91,ALERT
705.333,0.2843,0.1187,-0.81,ALERT
705.367,0.286,0.1768,-3.05,ALERT
705.4,0.3293,0.0959,-1.4,ALERT
705.433,0.3059,0.1322,-1.81,ALERT
705.467,0.2969,0.2013,-1.58,ALERT
705.5,0.3084,0.1176,1.91,ALERT
705.533,0.2891,0.2063,-0.71,ALERT
705.567,0.3051,0.1327,-3.8,ALERT
705.6,0.336,0.1022,-2.09,ALERT
705.633,0.3147,0.2087,3.62,ALERT
705.667,0.2873,0.1224,-2.32,ALERT
705.7,0.3286,0.1561,2.93,ALERT
705.733,0.281,0.1138,2.97,ALERT
705.767,0.2858,0.097,1.54,ALERT
705.8,0.2951,0.1025,2.82,ALERT
705.833,0.3177,0.1156,-1.54,ALERT
705.867,0.3336,0.1565,-1.64,ALERT
705.9,0.2984,0.0979,0.14,ALERT
705.933,0.2988,0.1887,-0.7,ALERT
705.967,0.3069,0.1559,-3.54,ALERT
706.0,0.311,0.1664,-3.86,ALERT
706.033,0.2965,0.1449,-0.39,ALERT
706.067,0.3228,0.1267,-1.99,ALERT
706.1,0.3209,0.1668,0.05,ALERT
706.133,0.2894,0.1142,-0.69,ALERT
706.167,0.3289,0.0803,-0.77,ALERT
706.2,0.3101,0.1018,1.16,ALERT
706.233,0.2993,0.1724,-2.78,ALERT
706.267,0.3357,0.124,0.29,ALERT
706.3,0.332,0.1139,-0.1,ALERT
706.333,0.3384,0.2057,-0.54,ALERT
706.367,0.2868,0.1451,1.58,ALERT
706.4,0.3259,0.1288,1.43,ALERT
706.433,0.2971,0.1823,1.92,ALERT
706.467,0.3287,0.2107,-0.02,ALERT
706.5,0.3386,0.0913,-0.84,ALERT
706.533,0.315,0.1575,-3.01,ALERT
706.567,0.3184,0.0855,1.03,ALERT
706.6,0.302,0.148,1.99,ALERT
706.633,0.3203,0.1227,-3.77,ALERT
706.667,0.2834,0.1156,-0.01,ALERT
706.7,0.2897,0.1888,0.55,ALERT
706.733,0.3309,0.1269,-1.96,ALERT
706.767,0.3331,0.1716,0.53,ALERT
706.8,0.3275,0.0953,-3.28,ALERT
706.833,0.2949,0.1076,2.32,ALERT
706.867,0.2932,0.0904,-0.78,ALERT
706.9,0.3163,0.1886,0.08,ALERT
706.933,0.2949,0.1772,0.56,ALERT
706.967,0.3242,0.1178,-1.23,ALERT
707.0,0.3184,0.2103,2.97,ALERT
707.033,0.3333,0.1485,-3.17,ALERT
707.067,0.3214,0.1649,2.84,ALERT
707.1,0.3021,0.1648,0.48,ALERT
707.133,0.3228,0.0837,-0.91,ALERT
707.167,0.2877,0.1135,-3.33,ALERT
707.2,0.3211,0.1682,-0.84,ALERT
707.233,0.3072,0.0899,-1.62,ALERT
707.267,0.3393,0.1206,-1.55,ALERT
707.3,0.3372,0.1238,3.08,ALERT
707.333,0.3308,0.2077,0.19,ALERT
707.367,0.3122,0.1104,1.27,ALERT
707.4,0.2854,0.2082,2.3,ALERT
707.433,0.2972,0.1729,-3.7,ALERT
707.467,0.3366,0.1504,0.07,ALERT
707.5,0.3385,0.1899,-2.96,ALERT
707.533,0.3039,0.1837,-0.87,ALERT
707.567,0.2914,0.1106,3.34,ALERT
707.6,0.3194,0.2061,-0.42,ALERT
707.633,0.2887,0.1598,3.96,ALERT
707.667,0.3088,0.1046,2.06,ALERT
707.7,0.3214,0.2173,3.49,ALERT
707.733,0.2957,0.0844,2.74,ALERT
707.767,0.3244,0.0893,-1.43,ALERT
707.8,0.2843,0.1118,2.46,ALERT
707.833,0.3045,0.173,2.21,ALERT
707.867,0.3389,0.1117,2.7,ALERT
707.9,0.2847,0.1934,2.73,ALERT
707.933,0.3117,0.1974,1.37,ALERT
707.967,0.3001,0.1503,-3.77,ALERT
708.0,0.2872,0.1891,-0.88,ALERT
708.033,0.3097,0.0805,0.43,ALERT
708.067,0.3131,0.201,-1.94,ALERT
708.1,0.1758,0.1762,2.65,ALERT
708.133,0.3245,0.1253,2.22,ALERT
708.167,0.3299,0.1072,-0.35,ALERT
708.2,0.3119,0.0991,0.09,ALERT
708.233,0.2901,0.1314,-0.23,ALERT
708.267,0.32,0.118,-2.24,ALERT
708.3,0.3096,0.0974,3.46,ALERT
708.333,0.2992,0.1888,-0.15,ALERT
708.367,0.3096,0.2086,2.21,ALERT
708.4,0.1462,0.2143,-2.39,ALERT
708.433,0.2907,0.1329,3.2,ALERT
708.467,0.3042,0.1681,-2.47,ALERT
708.5,0.2842,0.1231,3.69,ALERT
708.533,0.2956,0.1791,1.87,ALERT
708.567,0.146,0.1126,-1.13,ALERT
708.6,0.3123,0.1335,1.04,ALERT
708.633,0.2865,0.1169,-1.05,ALERT
708.667,0.2825,0.1034,1.77,ALERT
708.7,0.3168,0.155,-3.56,ALERT
708.733,0.1047,0.1843,-19.1,CRITICAL
708.767,0.1184,0.222,-23.69,CRITICAL
708.8,0.0864,0.16,-16.87,CRITICAL
708.833,0.1137,0.1169,-20.6,CRITICAL
708.867,0.1236,0.2206,-15.14,CRITICAL
708.9,0.1033,0.2643,-18.65,CRITICAL
708.933,0.1188,0.1388,-19.33,CRITICAL
708.967,0.0909,0.1253,-18.18,CRITICAL
709.0,0.1004,0.2765,-20.36,CRITICAL
709.033,0.0837,0.1083,-24.71,CRITICAL
709.067,0.1154,0.1928,-20.97,CRITICAL
709.1,0.1339,0.184,-22.4,CRITICAL
709.133,0.1356,0.2405,-17.26,CRITICAL
709.167,0.0887,0.1151,-24.98,CRITICAL
709.2,0.1098,0.1808,-20.99,CRITICAL
709.233,0.094,0.1576,-18.84,CRITICAL
709.267,0.107,0.2583,-18.5,CRITICAL
709.3,0.1129,0.1574,-24.47,CRITICAL
709.333,0.0857,0.1984,-20.57,CRITICAL
709.367,0.0841,0.2541,-16.01,CRITICAL
709.4,0.1312,0.2579,-23.04,CRITICAL
709.433,0.106,0.135,-19.24,CRITICAL
709.467,0.0839,0.1574,-19.55,CRITICAL
709.5,0.1231,0.2985,-24.97,CRITICAL
709.533,0.1248,0.1281,-23.38,CRITICAL
709.567,0.0803,0.2948,-19.45,CRITICAL
709.6,0.087,0.2042,-20.05,CRITICAL
709.633,0.114,0.2182,-24.0,CRITICAL
709.667,0.135,0.1541,-24.63,CRITICAL
709.7,0.1372,0.2769,-18.13,CRITICAL
709.733,0.1235,0.2398,-20.7,CRITICAL
709.767,0.0967,0.209,-16.9,CRITICAL
709.8,0.1112,0.2279,-15.72,CRITICAL
709.833,0.1127,0.2172,-24.29,CRITICAL
709.867,0.0803,0.2144,-22.86,CRITICAL
709.9,0.1326,0.2707,-18.77,CRITICAL
709.933,0.1383,0.2689,-22.31,CRITICAL
709.967,0.0988,0.1174,-23.6,CRITICAL
710.0,0.1365,0.1105,-24.1,CRITICAL
710.033,0.1252,0.2773,-16.51,CRITICAL
710.067,0.0885,0.1692,-17.64,CRITICAL
710.1,0.1045,0.2078,-18.61,CRITICAL
710.133,0.0829,0.1275,-15.36,CRITICAL
710.167,0.1108,0.231,-19.68,CRITICAL
710.2,0.1082,0.1008,-22.5,CRITICAL
710.233,0.1005,0.2918,-22.62,CRITICAL
710.267,0.1327,0.2348,-22.76,CRITICAL
710.3,0.1147,0.1028,-24.45,CRITICAL
710.333,0.1294,0.283,-19.23,CRITICAL
710.367,0.1277,0.2752,-21.0,CRITICAL
710.4,0.0993,0.1927,-18.13,CRITICAL
710.433,0.133,0.2291,-15.77,CRITICAL
710.467,0.123,0.1307,-24.11,CRITICAL
710.5,0.0953,0.1357,-23.26,CRITICAL
710.533,0.1396,0.2254,-16.29,CRITICAL
710.567,0.1075,0.2248,-16.92,CRITICAL
710.6,0.125,0.105,-16.5,CRITICAL
710.633,0.1179,0.2812,-17.56,CRITICAL
710.667,0.1396,0.2939,-18.75,CRITICAL
710.7,0.1021,0.142,-20.51,CRITICAL
710.733,0.0865,0.1383,-20.39,CRITICAL
710.767,0.0925,0.1845,-16.53,CRITICAL
710.8,0.1231,0.1345,-23.74,CRITICAL
710.833,0.1378,0.1079,-22.59,CRITICAL
710.867,0.0927,0.2522,-22.97,CRITICAL
710.9,0.0886,0.2328,-19.29,CRITICAL
710.933,0.1293,0.2297,-18.28,CRITICAL
710.967,0.0941,0.2706,-17.85,CRITICAL
711.0,0.1008,0.2942,-19.64,CRITICAL
711.033,0.1373,0.2146,-23.44,CRITICAL
711.067,0.1304,0.1178,-19.95,CRITICAL
711.1,0.086,0.2764,-18.8,CRITICAL
711.133,0.1049,0.1781,-22.29,CRITICAL
711.167,0.0869,0.1616,-19.47,CRITICAL
711.2,0.1255,0.2302,-22.72,CRITICAL
711.233,0.0973,0.2091,-20.78,CRITICAL
711.267,0.1196,0.1921,-17.12,CRITICAL
711.3,0.1024,0.1662,-21.86,CRITICAL
711.333,0.1277,0.2904,-19.34,CRITICAL
711.367,0.1104,0.2385,-16.36,CRITICAL
711.4,0.1157,0.2696,-19.59,CRITICAL
711.433,0.0882,0.2716,-16.38,CRITICAL
711.467,0.123,0.1213,-20.0,CRITICAL
711.5,0.1393,0.2549,-21.61,CRITICAL
711.533,0.122,0.1804,-21.91,CRITICAL
711.567,0.1017,0.2326,-19.28,CRITICAL
711.6,0.1178,0.1749,-16.46,CRITICAL
711.633,0.1239,0.2111,-22.65,CRITICAL
711.667,0.1367,0.2075,-17.83,CRITICAL
711.7,0.1096,0.1903,-16.75,CRITICAL
711.733,0.1176,0.1313,-17.62,CRITICAL
711.767,0.102,0.281,-18.14,CRITICAL
711.8,0.1204,0.2477,-24.68,CRITICAL
711.833,0.1206,0.208,-22.91,CRITICAL
711.867,0.1033,0.1642,-15.14,CRITICAL
711.9,0.1237,0.1383,-23.05,CRITICAL
711.933,0.0983,0.1695,-15.75,CRITICAL
711.967,0.1222,0.1541,-18.55,CRITICAL
712.0,0.1079,0.1757,-24.61,CRITICAL
712.033,0.0966,0.12,-24.06,CRITICAL
712.067,0.1385,0.2356,-18.41,CRITICAL
712.1,0.1105,0.2455,-17.17,CRITICAL
712.133,0.0868,0.1815,-17.52,CRITICAL
712.167,0.1342,0.1065,-19.87,CRITICAL
712.2,0.1313,0.1783,-21.4,CRITICAL
712.233,0.1304,0.1696,-19.03,CRITICAL
712.267,0.1369,0.2463,-15.58,CRITICAL
712.3,0.1236,0.1717,-22.46,CRITICAL
712.333,0.0852,0.1277,-24.43,CRITICAL
712.367,0.1048,0.2933,-24.79,CRITICAL
712.4,0.1058,0.1583,-22.34,CRITICAL
712.433,0.1057,0.1795,-24.33,CRITICAL
712.467,0.1069,0.1423,-21.33,CRITICAL
712.5,0.1112,0.2697,-21.34,CRITICAL
712.533,0.1076,0.2284,-16.45,CRITICAL
712.567,0.1012,0.1691,-20.41,CRITICAL
712.6,0.1217,0.1777,-20.65,CRITICAL
712.633,0.0955,0.2654,-21.06,CRITICAL
712.667,0.1394,0.2604,-23.26,CRITICAL
712.7,0.1102,0.2393,-16.55,CRITICAL
712.733,0.0871,0.2442,-16.54,CRITICAL
712.767,0.1212,0.2205,-20.28,CRITICAL
712.8,0.0811,0.2565,-18.56,CRITICAL
712.833,0.3124,0.1246,-3.79,ALERT
712.867,0.2972,0.1653,-1.44,ALERT
712.9,0.2998,0.083,-2.87,ALERT
712.933,0.3374,0.2126,-3.13,ALERT
712.967,0.2851,0.095,-1.62,ALERT
713.0,0.2853,0.1126,-3.63,ALERT
713.033,0.3186,0.1031,2.42,ALERT
713.067,0.308,0.1719,-1.65,ALERT
713.1,0.2903,0.1856,-1.88,ALERT
713.133,0.2887,0.1592,-3.24,ALERT
713.167,0.2818,0.1125,0.05,ALERT
713.2,0.3296,0.1884,-2.67,ALERT
713.233,0.3268,0.1199,-0.31,ALERT
713.267,0.3209,0.0804,-1.13,ALERT
713.3,0.3061,0.1939,2.8,ALERT
713.333,0.3106,0.0811,-3.53,ALERT
713.367,0.2956,0.162,2.16,ALERT
713.4,0.3269,0.1588,0.28,ALERT
713.433,0.2892,0.0823,-3.05,ALERT
713.467,0.3107,0.1012,1.4,ALERT
713.5,0.3154,0.1428,-2.98,ALERT
713.533,0.3028,0.1904,3.02,ALERT
713.567,0.2883,0.1139,-0.71,ALERT
713.6,0.2967,0.0808,-3.16,ALERT
713.633,0.2879,0.1132,1.08,ALERT
713.667,0.322,0.1997,-1.65,ALERT
713.7,0.3384,0.2158,-0.67,ALERT
713.733,0.3368,0.2018,2.03,ALERT
713.767,0.3139,0.2135,1.53,ALERT
713.8,0.313,0.1429,-2.26,ALERT
713.833,0.292,0.1249,2.05,ALERT
713.867,0.323,0.1676,0.87,ALERT
713.9,0.2951,0.1719,-2.07,ALERT
713.933,0.291,0.1285,-1.84,ALERT
713.967,0.3119,0.1574,-2.58,ALERT
714.0,0.3382,0.1549,2.34,ALERT
714.033,0.2854,0.164,-2.21,ALERT
714.067,0.3202,0.133,-1.89,ALERT
714.1,0.3205,0.1328,2.55,ALERT
714.133,0.3151,0.184,1.39,ALERT
714.167,0.3357,0.1323,-2.8,ALERT
714.2,0.2958,0.1825,-3.06,ALERT
714.233,0.1528,0.1555,2.75,ALERT
714.267,0.2914,0.1675,0.61,ALERT
714.3,0.3342,0.1445,1.18,ALERT
714.333,0.3355,0.185,0.51,ALERT
714.367,0.2997,0.0819,-3.13,ALERT
714.4,0.3226,0.1193,-2.33,ALERT
714.433,0.3255,0.1634,3.14,ALERT
714.467,0.3025,0.1843,-1.75,ALERT
714.5,0.2947,0.1078,-2.34,ALERT
714.533,0.33,0.1849,-2.09,ALERT
714.567,0.3272,0.1803,3.35,ALERT
714.6,0.2832,0.1268,-3.83,ALERT
714.633,0.3302,0.1507,2.88,ALERT
714.667,0.3145,0.1367,2.03,ALERT
714.7,0.2842,0.1104,-1.41,ALERT
714.733,0.336,0.171,0.83,ALERT
714.767,0.2962,0.1327,3.42,ALERT
714.8,0.3309,0.1447,1.87,ALERT
714.833,0.2884,0.0965,-2.24,ALERT
714.867,0.291,0.1662,-1.1,ALERT
714.9,0.332,0.1461,-0.42,ALERT
714.933,0.3017,0.1363,1.44,ALERT
714.967,0.2873,0.1541,0.67,ALERT
715.0,0.3316,0.1962,-0.95,ALERT
715.033,0.3311,0.0929,-0.38,ALERT
715.067,0.3043,0.1121,1.12,ALERT
715.1,0.296,0.1785,1.35,ALERT
715.133,0.1748,0.1332,-2.78,ALERT
715.167,0.2857,0.121,-1.52,ALERT
715.2,0.3117,0.1737,-2.28,ALERT
715.233,0.3326,0.0968,-1.83,ALERT
715.267,0.3349,0.1406,0.89,ALERT
715.3,0.2894,0.1778,-1.91,ALERT
715.333,0.3123,0.1366,-3.93,ALERT
715.367,0.3155,0.1446,-3.73,ALERT
715.4,0.3116,0.1241,1.05,ALERT
715.433,0.3246,0.192,1.29,ALERT
715.467,0.3245,0.1622,-1.09,ALERT
715.5,0.3319,0.0952,-3.07,ALERT
715.533,0.3175,0.1711,2.44,ALERT
715.567,0.3171,0.1039,1.28,ALERT
715.6,0.3394,0.1419,-0.35,ALERT
715.633,0.3294,0.1885,-2.76,ALERT
715.667,0.3044,0.0851,0.53,ALERT
715.7,0.3109,0.1697,3.92,ALERT
715.733,0.3317,0.0969,1.09,ALERT
715.767,0.3143,0.0805,2.44,ALERT
715.8,0.29,0.148,-0.2,ALERT
715.833,0.3063,0.1901,2.2,ALERT
715.867,0.3064,0.1508,1.08,ALERT
715.9,0.2889,0.1488,2.09,ALERT
715.933,0.3199,0.1832,2.21,ALERT
715.967,0.3167,0.1621,-1.94,ALERT
716.0,0.3094,0.0878,2.63,ALERT
716.033,0.2822,0.1168,3.18,ALERT
716.067,0.3024,0.1401,2.53,ALERT
716.1,0.3295,0.1875,3.06,ALERT
716.133,0.3197,0.1234,1.08,ALERT
716.167,0.2804,0.0843,-2.8,ALERT
716.2,0.3115,0.1579,2.86,ALERT
716.233,0.1276,0.1141,0.17,ALERT
716.267,0.3388,0.1544,-1.39,ALERT
716.3,0.314,0.1571,3.37,ALERT
716.333,0.283,0.1634,-1.34,ALERT
716.367,0.3229,0.1779,-3.39,ALERT
716.4,0.3144,0.2039,-2.75,ALERT
716.433,0.2893,0.111,1.64,ALERT
716.467,0.289,0.2009,-1.61,ALERT
716.5,0.2852,0.1376,-0.86,ALERT
716.533,0.2947,0.1537,-1.91,ALERT
716.567,0.3215,0.1244,3.22,ALERT
716.6,0.3351,0.18,-1.76,ALERT
716.633,0.3013,0.0924,3.26,ALERT
716.667,0.298,0.0889,-1.03,ALERT
716.7,0.3398,0.1814,2.63,ALERT
716.733,0.3312,0.1297,-0.7,ALERT
716.767,0.2985,0.1687,3.79,ALERT
716.8,0.3393,0.2032,-0.32,ALERT
716.833,0.3195,0.0911,-0.41,ALERT
716.867,0.3106,0.191,1.59,ALERT
716.9,0.2907,0.1218,0.07,ALERT
716.933,0.2962,0.1286,1.74,ALERT
716.967,0.3101,0.1814,-1.6,ALERT
717.0,0.1315,0.1211,0.13,ALERT
717.033,0.2894,0.219,-1.12,ALERT
717.067,0.3294,0.1935,-0.47,ALERT
717.1,0.3318,0.1463,-0.3,ALERT
717.133,0.3272,0.0876,-3.5,ALERT
717.167,0.3325,0.1591,-2.83,ALERT
717.2,0.2931,0.0905,1.16,ALERT
717.233,0.3066,0.1319,-3.5,ALERT
717.267,0.3082,0.1701,-0.15,ALERT
717.3,0.2816,0.0973,-3.04,ALERT
717.333,0.1331,0.1834,-0.34,ALERT
717.367,0.291,0.1687,-0.19,ALERT
717.4,0.2822,0.1228,1.15,ALERT
717.433,0.1374,0.1793,1.26,ALERT
717.467,0.3111,0.2004,0.25,ALERT
717.5,0.3048,0.0938,2.03,ALERT
717.533,0.165,0.118,0.79,ALERT
717.567,0.3367,0.1427,0.38,ALERT
717.6,0.3041,0.1772,-0.28,ALERT
717.633,0.3009,0.1205,2.8,ALERT
717.667,0.2924,0.2188,2.01,ALERT
717.7,0.1204,0.0816,0.94,ALERT
717.733,0.3366,0.1719,-3.1,ALERT
717.767,0.3236,0.1032,0.65,ALERT
717.8,0.3382,0.1158,0.88,ALERT
717.833,0.2848,0.1403,1.07,ALERT
717.867,0.3153,0.0866,3.42,ALERT
717.9,0.3077,0.124,-1.43,ALERT
717.933,0.2936,0.2054,-3.71,ALERT
717.967,0.3174,0.0995,0.76,ALERT
718.0,0.294,0.1337,3.28,ALERT
718.033,0.3326,0.1844,-2.42,ALERT
718.067,0.3213,0.1134,1.44,ALERT
718.1,0.3022,0.2021,-3.1,ALERT
718.133,0.304,0.0861,2.6,ALERT
718.167,0.2998,0.0902,-1.01,ALERT
718.2,0.2869,0.182,1.7,ALERT
718.233,0.3008,0.1333,3.94,ALERT
718.267,0.3272,0.0855,-2.07,ALERT
718.3,0.289,0.1077,1.29,ALERT
718.333,0.2861,0.167,2.3,ALERT
718.367,0.2805,0.1118,-3.05,ALERT
718.4,0.3134,0.1844,3.22,ALERT
718.433,0.3081,0.2133,-0.15,ALERT
718.467,0.3008,0.1514,-3.92,ALERT
718.5,0.2897,0.1505,3.4,ALERT
718.533,0.2972,0.1693,1.1,ALERT
718.567,0.3319,0.1819,2.84,ALERT
718.6,0.2878,0.0955,-2.83,ALERT
718.633,0.282,0.1494,-2.82,ALERT
718.667,0.33,0.1355,-3.56,ALERT
718.7,0.298,0.1104,-1.13,ALERT
718.733,0.2838,0.19,0.79,ALERT
718.767,0.3374,0.1785,0.38,ALERT
718.8,0.339,0.1518,-1.06,ALERT
718.833,0.3239,0.1975,-2.94,ALERT
718.867,0.3009,0.1209,3.39,ALERT
718.9,0.3115,0.1963,2.9,ALERT
718.933,0.3243,0.1389,1.02,ALERT
718.967,0.3168,0.1314,-0.43,ALERT
719.0,0.2919,0.1805,1.34,ALERT
719.033,0.3387,0.0855,-2.07,ALERT
719.067,0.3268,0.1763,0.1,ALERT
719.1,0.3061,0.0872,-0.28,ALERT
719.133,0.3155,0.1555,-2.6,ALERT
719.167,0.3213,0.1567,1.89,ALERT
719.2,0.3378,0.1811,-3.13,ALERT
719.233,0.3313,0.1803,-0.26,ALERT
719.267,0.294,0.1881,2.27,ALERT
719.3,0.3248,0.1182,-0.14,ALERT
719.333,0.3216,0.1431,1.48,ALERT
719.367,0.3179,0.2145,1.82,ALERT
719.4,0.2831,0.167,1.01,ALERT
719.433,0.3073,0.1708,3.8,ALERT
719.467,0.3092,0.1456,3.56,ALERT
719.5,0.3333,0.0823,1.69,ALERT
719.533,0.326,0.1697,-1.3,ALERT
719.567,0.3308,0.1853,1.69,ALERT
719.6,0.3095,0.1882,3.1,ALERT
719.633,0.336,0.127,-0.34,ALERT
719.667,0.3094,0.192,1.91,ALERT
719.7,0.3264,0.1407,-0.38,ALERT
719.733,0.3241,0.1196,-2.52,ALERT
719.767,0.2954,0.1223,-1.91,ALERT
719.8,0.334,0.1002,-0.18,ALERT
719.833,0.2995,0.1029,3.59,ALERT
719.867,0.3293,0.1071,3.23,ALERT
719.9,0.3307,0.1331,3.84,ALERT
719.933,0.2828,0.1715,3.43,ALERT
719.967,0.3262,0.1982,2.12,ALERT
720.0,0.331,0.1613,3.63,ALERT
720.033,0.3025,0.1233,0.35,ALERT
720.067,0.2881,0.2098,-0.59,ALERT
720.1,0.3366,0.1313,1.63,ALERT
720.133,0.3194,0.1338,-1.25,ALERT
720.167,0.3083,0.1783,-1.83,ALERT
720.2,0.2952,0.1752,3.85,ALERT
720.233,0.1575,0.1138,-0.44,ALERT
720.267,0.337,0.1031,-0.72,ALERT
720.3,0.3003,0.1026,-2.16,ALERT
720.333,0.3306,0.0893,1.46,ALERT
720.367,0.1529,0.1254,2.68,ALERT
720.4,0.2988,0.0897,2.44,ALERT
720.433,0.3162,0.1876,-1.06,ALERT
720.467,0.2852,0.1722,-2.07,ALERT
720.5,0.281,0.1885,-3.37,ALERT
720.533,0.3079,0.114,3.97,ALERT
720.567,0.3091,0.1333,3.95,ALERT
720.6,0.3203,0.1259,1.86,ALERT
720.633,0.3095,0.1041,0.15,ALERT
720.667,0.2979,0.1052,-0.53,ALERT
720.7,0.3235,0.1898,-1.91,ALERT
720.733,0.1371,0.1844,0.7,ALERT
720.767,0.3063,0.1427,0.49,ALERT
720.8,0.2976,0.1911,-0.43,ALERT
720.833,0.3132,0.2123,3.35,ALERT
720.867,0.3134,0.1514,2.29,ALERT
720.9,0.337,0.1003,3.81,ALERT
720.933,0.1592,0.1637,-1.11,ALERT
720.967,0.2917,0.1274,-2.93,ALERT
721.0,0.3353,0.1063,-3.02,ALERT
721.033,0.3322,0.1263,2.13,ALERT
721.067,0.2872,0.1129,2.01,ALERT
721.1,0.2848,0.084,-2.65,ALERT
721.133,0.3335,0.21,3.96,ALERT
721.167,0.3271,0.187,-1.42,ALERT
721.2,0.2921,0.1228,2.92,ALERT
721.233,0.2879,0.1655,-2.2,ALERT
721.267,0.3036,0.1292,1.89,ALERT
721.3,0.3142,0.2187,3.36,ALERT
721.333,0.2913,0.1605,1.72,ALERT
721.367,0.3179,0.1015,-3.91,ALERT
721.4,0.1498,0.1895,3.11,ALERT
721.433,0.3385,0.211,2.17,ALERT
721.467,0.2878,0.2077,1.37,ALERT
721.5,0.2965,0.16,-0.65,ALERT
721.533,0.2873,0.0805,-3.22,ALERT
721.567,0.2874,0.1036,-2.96,ALERT
721.6,0.304,0.1956,-1.11,ALERT
721.633,0.2894,0.1235,1.84,ALERT
721.667,0.3367,0.0989,2.03,ALERT
721.7,0.3006,0.1119,-0.87,ALERT
721.733,0.2848,0.1493,-3.48,ALERT
721.767,0.2961,0.1492,-3.17,ALERT
721.8,0.2879,0.1984,-2.1,ALERT
721.833,0.2873,0.1591,1.33,ALERT
721.867,0.3195,0.1639,0.68,ALERT
721.9,0.3272,0.1782,-3.57,ALERT
721.933,0.3095,0.2182,-2.17,ALERT
721.967,0.2958,0.1619,1.24,ALERT
722.0,0.3256,0.1522,-3.22,ALERT
722.033,0.2801,0.1948,2.07,ALERT
722.067,0.34,0.2033,-1.04,ALERT
722.1,0.2927,0.1178,-3.69,ALERT
722.133,0.319,0.1465,-0.79,ALERT
722.167,0.3059,0.2147,2.18,ALERT
722.2,0.2877,0.1317,-0.44,ALERT
722.233,0.3251,0.1548,2.8,ALERT
722.267,0.3113,0.1071,2.98,ALERT
722.3,0.305,0.1488,0.57,ALERT
722.333,0.337,0.1426,0.37,ALERT
722.367,0.3025,0.1074,2.65,ALERT
722.4,0.2895,0.1177,2.58,ALERT
722.433,0.3097,0.1062,0.5,ALERT
722.467,0.2801,0.1502,0.7,ALERT
722.5,0.3364,0.2114,-0.57,ALERT
722.533,0.2833,0.1072,-2.31,ALERT
722.567,0.3125,0.2063,-0.06,ALERT
722.6,0.3092,0.2139,-1.37,ALERT
722.633,0.326,0.1309,1.77,ALERT
722.667,0.2849,0.1525,0.63,ALERT
722.7,0.3051,0.0977,-2.13,ALERT
722.733,0.3167,0.1317,1.56,ALERT
722.767,0.3068,0.085,-1.82,ALERT
722.8,0.3344,0.1026,2.91,ALERT
722.833,0.3344,0.1301,-1.0,ALERT
722.867,0.2851,0.1028,2.34,ALERT
722.9,0.2922,0.1044,2.78,ALERT
722.933,0.315,0.1386,3.2,ALERT
722.967,0.3083,0.2,3.13,ALERT
723.0,0.3124,0.1346,3.92,ALERT
723.033,0.3378,0.1015,0.3,ALERT
723.067,0.2972,0.1541,0.95,ALERT
723.1,0.3187,0.1661,3.11,ALERT
723.133,0.3107,0.1712,-0.05,ALERT
723.167,0.2853,0.1721,-0.1,ALERT
723.2,0.2999,0.1373,3.51,ALERT
723.233,0.2903,0.0931,-3.61,ALERT
723.267,0.3226,0.1359,0.39,ALERT
723.3,0.1573,0.203,-3.27,ALERT
723.333,0.2908,0.1735,-0.41,ALERT
723.367,0.3291,0.1771,-0.99,ALERT
723.4,0.3288,0.1227,2.6,ALERT
723.433,0.2975,0.1506,3.75,ALERT
723.467,0.3331,0.1647,1.27,ALERT
723.5,0.3339,0.1196,-0.16,ALERT
723.533,0.2896,0.0967,1.46,ALERT
723.567,0.3309,0.1969,1.58,ALERT
723.6,0.3212,0.2173,1.04,ALERT
723.633,0.3358,0.1675,-1.38,ALERT
723.667,0.2899,0.1237,3.17,ALERT
723.7,0.336,0.1753,1.56,ALERT
723.733,0.2869,0.1786,2.57,ALERT
723.767,0.2873,0.142,-2.98,ALERT
723.8,0.3025,0.143,1.98,ALERT
723.833,0.2993,0.0929,2.1,ALERT
723.867,0.2895,0.1571,-1.85,ALERT
723.9,0.2865,0.1072,-3.69,ALERT
723.933,0.2864,0.2183,-0.14,ALERT
723.967,0.2926,0.212,-3.61,ALERT
724.0,0.3388,0.0816,-0.76,ALERT
724.033,0.304,0.219,-2.98,ALERT
724.067,0.2914,0.1444,0.4,ALERT
724.1,0.3292,0.1817,1.89,ALERT
724.133,0.2814,0.1655,-2.54,ALERT
724.167,0.3393,0.0963,-3.61,ALERT
724.2,0.3123,0.0859,2.93,ALERT
724.233,0.3383,0.1543,0.55,ALERT
724.267,0.3152,0.1338,-1.69,ALERT
724.3,0.3251,0.1547,3.97,ALERT
724.333,0.3121,0.1377,-1.68,ALERT
724.367,0.3093,0.206,1.2,ALERT
724.4,0.2882,0.1979,-2.47,ALERT
724.433,0.3032,0.201,2.15,ALERT
724.467,0.3094,0.0856,1.0,ALERT
724.5,0.2994,0.1969,1.35,ALERT
724.533,0.3332,0.0854,-2.78,ALERT
724.567,0.3122,0.1828,2.97,ALERT
724.6,0.3396,0.1033,0.13,ALERT
724.633,0.3018,0.1842,0.62,ALERT
724.667,0.3061,0.138,0.78,ALERT
724.7,0.3365,0.1185,-2.69,ALERT
724.733,0.3197,0.1101,0.23,ALERT
724.767,0.339,0.1954,3.78,ALERT
724.8,0.2896,0.1389,3.54,ALERT
724.833,0.2898,0.2069,0.79,ALERT
724.867,0.3325,0.1161,0.78,ALERT
724.9,0.3357,0.1528,1.23,ALERT
724.933,0.2938,0.1162,2.63,ALERT
724.967,0.3389,0.0919,3.0,ALERT
725.0,0.33,0.1455,-1.54,ALERT
725.033,0.3376,0.1097,2.93,ALERT
725.067,0.2926,0.0955,-1.96,ALERT
725.1,0.329,0.1086,-0.63,ALERT
725.133,0.2903,0.1692,-1.63,ALERT
725.167,0.3177,0.1371,-3.32,ALERT
725.2,0.2949,0.2125,1.27,ALERT
725.233,0.2977,0.1662,2.54,ALERT
725.267,0.286,0.1519,0.58,ALERT
725.3,0.2965,0.119,-1.12,ALERT
725.333,0.2982,0.1427,3.0,ALERT
725.367,0.3299,0.1143,-1.75,ALERT
725.4,0.3384,0.2089,-0.66,ALERT
725.433,0.297,0.1415,0.24,ALERT
725.467,0.299,0.1395,2.93,ALERT
725.5,0.313,0.0932,-0.3,ALERT
725.533,0.2907,0.0829,2.39,ALERT
725.567,0.2916,0.1255,-1.97,ALERT
725.6,0.3104,0.177,1.58,ALERT
725.633,0.3231,0.1838,2.4,ALERT
725.667,0.2935,0.1837,3.03,ALERT
725.7,0.3236,0.1184,-3.54,ALERT
725.733,0.2945,0.1646,-1.59,ALERT
725.767,0.2926,0.1618,-2.95,ALERT
725.8,0.3294,0.0922,-3.49,ALERT
725.833,0.3128,0.1637,2.13,ALERT
725.867,0.2957,0.1425,-3.88,ALERT
725.9,0.3298,0.1974,-2.29,ALERT
725.933,0.308,0.1741,2.84,ALERT
725.967,0.2862,0.1126,3.41,ALERT
726.0,0.3145,0.0825,-1.19,ALERT
726.033,0.3319,0.218,-0.41,ALERT
726.067,0.3151,0.129,-3.66,ALERT
726.1,0.331,0.1103,2.97,ALERT
726.133,0.2131,0.1833,-3.94,WARNING
726.167,0.249,0.8345,-1.97,WARNING
726.2,0.2547,0.6283,-4.07,WARNING
726.233,0.2363,0.714,-0.38,WARNING
726.267,0.2071,0.17,-5.91,WARNING
726.3,0.21,0.2075,-1.84,WARNING
726.333,0.22,0.2586,-5.12,WARNING
726.367,0.2087,0.6014,-4.9,WARNING
726.4,0.2376,0.8396,-1.7,WARNING
726.433,0.2183,0.7398,-0.89,WARNING
726.467,0.2078,0.6364,-1.16,WARNING
726.5,0.2445,0.6032,-1.75,WARNING
726.533,0.2321,0.664,-0.23,WARNING
726.567,0.2311,0.6892,-7.19,WARNING
726.6,0.2046,0.1838,-1.04,WARNING
726.633,0.2202,0.7489,-7.76,WARNING
726.667,0.2012,0.719,-3.12,WARNING
726.7,0.2365,0.7279,-5.55,WARNING
726.733,0.2119,0.2103,-7.25,WARNING
726.767,0.1939,0.172,-2.31,WARNING
726.8,0.2408,0.6455,-1.46,WARNING
726.833,0.2401,0.816,-0.17,WARNING
726.867,0.2014,0.178,-5.01,WARNING
726.9,0.2094,0.8345,-7.58,WARNING
726.933,0.2348,0.604,-5.15,WARNING
726.967,0.2061,0.702,-3.29,WARNING
727.0,0.2272,0.6445,-5.19,WARNING
727.033,0.2001,0.177,-4.22,WARNING
727.067,0.2091,0.1529,-4.59,WARNING
727.1,0.2152,0.2954,-1.46,WARNING
727.133,0.2117,0.8241,-1.43,WARNING
727.167,0.2182,0.6137,-4.54,WARNING
727.2,0.2002,0.8193,-6.56,WARNING
727.233,0.2393,0.6233,-7.22,WARNING
727.267,0.1989,0.2736,-6.05,WARNING
727.3,0.2497,0.6395,-7.93,WARNING
727.333,0.2273,0.6588,-3.94,WARNING
727.367,0.2333,0.7581,-5.02,WARNING
727.4,0.2026,0.7157,-3.18,WARNING
727.433,0.209,0.1548,-4.84,WARNING
727.467,0.2446,0.7259,-7.38,WARNING
727.5,0.2065,0.1689,-0.36,WARNING
727.533,0.2185,0.6582,-1.41,WARNING
727.567,0.2278,0.6256,-4.06,WARNING
727.6,0.2331,0.7433,-0.74,WARNING
727.633,0.2251,0.2933,-7.14,WARNING
727.667,0.2066,0.2389,-3.7,WARNING
727.7,0.2453,0.6522,-3.6,WARNING
727.733,0.2044,0.8181,-7.04,WARNING
727.767,0.2053,0.7005,-5.45,WARNING
727.8,0.2274,0.289,-5.5,WARNING
727.833,0.2114,0.2718,-0.36,WARNING
727.867,0.2028,0.707,-0.88,WARNING
727.9,0.2093,0.2468,-6.37,WARNING
727.933,0.2219,0.2288,-4.32,WARNING
727.967,0.2307,0.7575,-3.29,WARNING
728.0,0.2163,0.6551,-3.23,WARNING
728.033,0.2365,0.7693,-6.42,WARNING
728.067,0.2278,0.6539,-7.94,WARNING
728.1,0.2095,0.8472,-4.5,WARNING
728.133,0.242,0.7266,-4.37,WARNING
728.167,0.2242,0.7492,-0.69,WARNING
728.2,0.2097,0.157,-6.18,WARNING
728.233,0.2148,0.2638,-3.09,WARNING
728.267,0.2527,0.651,-1.34,WARNING
728.3,0.247,0.6884,-6.71,WARNING
728.333,0.2598,0.71,-4.83,WARNING
728.367,0.2029,0.1896,-0.82,WARNING
728.4,0.2338,0.6728,-5.21,WARNING
728.433,0.2239,0.2706,-6.91,WARNING
728.467,0.1953,0.2375,-4.56,WARNING
728.5,0.2267,0.2409,-0.36,WARNING
728.533,0.2583,0.7399,-7.2,WARNING
728.567,0.2593,0.6761,-1.92,WARNING
728.6,0.2029,0.2139,-4.72,WARNING
728.633,0.2173,0.1935,-0.48,WARNING
728.667,0.2011,0.2018,-6.66,WARNING
728.7,0.2188,0.2912,-6.36,WARNING
728.733,0.2052,0.1599,-2.6,WARNING
728.767,0.2209,0.2302,-1.83,WARNING
728.8,0.2528,0.778,-7.29,WARNING
728.833,0.1966,0.234,-5.63,WARNING
728.867,0.2186,0.8179,-1.96,WARNING
728.9,0.2164,0.638,-6.97,WARNING
728.933,0.2375,0.8041,-2.52,WARNING
728.967,0.2442,0.7625,-0.83,WARNING
729.0,0.2266,0.2101,-2.0,WARNING
729.033,0.1903,0.2904,-3.11,WARNING
729.067,0.2543,0.6256,-4.46,WARNING
729.1,0.2146,0.2034,-2.04,WARNING
729.133,0.2262,0.6713,-6.27,WARNING
729.167,0.2014,0.2072,-0.89,WARNING
729.2,0.2286,0.747,-2.25,WARNING
729.233,0.2073,0.2776,-1.61,WARNING
729.267,0.1994,0.2214,-0.2,WARNING
729.3,0.243,0.7698,-7.77,WARNING
729.333,0.2223,0.7289,-5.94,WARNING
729.367,0.1959,0.2692,-0.69,WARNING
729.4,0.2245,0.6168,-5.72,WARNING
729.433,0.223,0.2589,-0.33,WARNING
729.467,0.2125,0.153,-3.11,WARNING
729.5,0.2003,0.2868,-2.16,WARNING
729.533,0.2024,0.6537,-6.41,WARNING
729.567,0.2198,0.2405,-3.44,WARNING
729.6,0.225,0.6248,-5.45,WARNING
729.633,0.2009,0.2993,-0.87,WARNING
729.667,0.2352,0.7755,-4.98,WARNING
729.7,0.2009,0.7082,-7.79,WARNING
729.733,0.2033,0.2119,-4.4,WARNING
729.767,0.2088,0.2547,-5.88,WARNING
729.8,0.2095,0.2056,-7.3,WARNING
729.833,0.2144,0.1942,-1.1,WARNING
729.867,0.2071,0.722,-1.53,WARNING
729.9,0.1973,0.1928,-5.58,WARNING
729.933,0.2002,0.6336,-6.9,WARNING
729.967,0.2418,0.6915,-6.12,WARNING
730.0,0.2065,0.752,-0.13,WARNING
730.033,0.232,0.7054,-2.35,WARNING
730.067,0.2558,0.7205,-3.79,WARNING
730.1,0.2586,0.8085,-1.04,WARNING
730.133,0.2033,0.7912,-5.97,WARNING
730.167,0.2054,0.6764,-1.03,WARNING
730.2,0.209,0.8199,-4.49,WARNING
730.233,0.1921,0.1943,-6.87,WARNING
730.267,0.214,0.7072,-5.46,WARNING
730.3,0.3136,0.1618,-2.63,ALERT
730.333,0.3169,0.0952,-0.26,ALERT
730.367,0.3233,0.1025,-1.28,ALERT
730.4,0.3244,0.1984,2.1,ALERT
730.433,0.3328,0.1373,-1.85,ALERT
730.467,0.3315,0.1396,-1.41,ALERT
730.5,0.17,0.1875,2.24,ALERT
730.533,0.3233,0.214,2.63,ALERT
730.567,0.1477,0.1002,-2.59,ALERT
730.6,0.3383,0.1277,-2.05,ALERT
730.633,0.3301,0.2107,-3.53,ALERT
730.667,0.2959,0.1829,-3.6,ALERT
730.7,0.3135,0.0837,0.49,ALERT
730.733,0.3331,0.1035,2.62,ALERT
730.767,0.3053,0.0881,-2.29,ALERT
730.8,0.2888,0.2186,2.04,ALERT
730.833,0.329,0.097,-0.7,ALERT
730.867,0.3179,0.1721,-3.82,ALERT
730.9,0.3379,0.2163,2.89,ALERT
730.933,0.3378,0.1179,0.17,ALERT
730.967,0.285,0.0971,1.8,ALERT
731.0,0.2872,0.1295,-2.8,ALERT
731.033,0.3079,0.171,0.31,ALERT
731.067,0.2987,0.2106,1.91,ALERT
731.1,0.2817,0.0998,0.17,ALERT
731.133,0.2851,0.1218,-3.38,ALERT
731.167,0.3181,0.2126,2.73,ALERT
731.2,0.2936,0.1204,1.62,ALERT
731.233,0.3351,0.1619,-3.81,ALERT
731.267,0.3204,0.1771,-0.34,ALERT
731.3,0.2879,0.1788,-0.75,ALERT
731.333,0.2921,0.1818,-0.53,ALERT
731.367,0.3032,0.1992,-1.41,ALERT
731.4,0.2996,0.1613,2.9,ALERT
731.433,0.3134,0.1167,-1.61,ALERT
731.467,0.3125,0.1531,-1.48,ALERT
731.5,0.3316,0.1038,2.51,ALERT
731.533,0.2991,0.1096,-3.83,ALERT
731.567,0.2877,0.1752,3.77,ALERT
731.6,0.3267,0.1476,-2.17,ALERT
731.633,0.3218,0.0945,-1.24,ALERT
731.667,0.2904,0.0959,-0.56,ALERT
731.7,0.3389,0.1514,0.46,ALERT
731.733,0.2871,0.12,-0.94,ALERT
731.767,0.3191,0.1283,-3.39,ALERT
731.8,0.3335,0.0945,-2.69,ALERT
731.833,0.2866,0.1807,3.12,ALERT
731.867,0.3005,0.1671,2.37,ALERT
731.9,0.2905,0.2052,-0.82,ALERT
731.933,0.3115,0.1389,3.64,ALERT
731.967,0.3048,0.2048,1.9,ALERT
732.0,0.3213,0.0952,3.51,ALERT
732.033,0.3197,0.1905,1.41,ALERT
732.067,0.1216,0.1379,0.07,ALERT
732.1,0.2876,0.1954,2.4,ALERT
732.133,0.318,0.2019,1.37,ALERT
732.167,0.3046,0.1428,0.43,ALERT
732.2,0.3201,0.1545,3.59,ALERT
732.233,0.2832,0.1058,-3.71,ALERT
732.267,0.3018,0.0882,-2.51,ALERT
732.3,0.3084,0.1725,-1.79,ALERT
732.333,0.3313,0.1236,3.78,ALERT
732.367,0.3145,0.1245,-0.86,ALERT
732.4,0.2951,0.1974,2.14,ALERT
732.433,0.3125,0.1132,-2.69,ALERT
732.467,0.2848,0.0927,1.0,ALERT
732.5,0.2965,0.1318,-3.33,ALERT
732.533,0.3204,0.1767,-0.43,ALERT
732.567,0.2833,0.1371,0.81,ALERT
732.6,0.3206,0.0895,-0.59,ALERT
732.633,0.31,0.159,1.4,ALERT
732.667,0.311,0.1174,0.28,ALERT
732.7,0.2899,0.1352,1.48,ALERT
732.733,0.3347,0.0862,3.93,ALERT
732.767,0.3305,0.105,3.65,ALERT
732.8,0.3095,0.2191,3.04,ALERT
732.833,0.3237,0.1961,1.05,ALERT
732.867,0.2897,0.0938,-3.51,ALERT
732.9,0.2953,0.1006,2.47,ALERT
732.933,0.1311,0.1147,-2.42,ALERT
732.967,0.2995,0.1338,2.22,ALERT
733.0,0.316,0.1042,-0.32,ALERT
733.033,0.3364,0.1329,2.05,ALERT
733.067,0.2812,0.1622,2.6,ALERT
733.1,0.2978,0.2096,1.49,ALERT
733.133,0.3246,0.1965,-0.63,ALERT
733.167,0.2817,0.0971,2.24,ALERT
733.2,0.3334,0.1062,-1.96,ALERT
733.233,0.3297,0.0843,-2.19,ALERT
733.267,0.3307,0.1603,3.7,ALERT
733.3,0.3033,0.1108,3.77,ALERT
733.333,0.2999,0.1029,1.95,ALERT
733.367,0.2879,0.1546,-3.17,ALERT
733.4,0.2835,0.089,3.5,ALERT
733.433,0.3228,0.2047,3.76,ALERT
733.467,0.3282,0.1024,2.47,ALERT
733.5,0.3108,0.1175,2.98,ALERT
733.533,0.2975,0.2073,-3.66,ALERT
733.567,0.3056,0.1338,1.98,ALERT
733.6,0.2901,0.1233,0.74,ALERT
733.633,0.3358,0.125,-1.2,ALERT
733.667,0.2838,0.1431,-1.71,ALERT
733.7,0.3392,0.1064,0.79,ALERT
733.733,0.3165,0.216,0.28,ALERT
733.767,0.2882,0.2009,0.08,ALERT
733.8,0.3077,0.0952,-0.54,ALERT
733.833,0.3244,0.214,-0.92,ALERT
733.867,0.2839,0.0926,-1.85,ALERT
733.9,0.3151,0.1004,-1.78,ALERT
733.933,0.125,0.1457,-2.99,ALERT
733.967,0.3122,0.1583,2.36,ALERT
734.0,0.2812,0.1438,-1.74,ALERT
734.033,0.3255,0.1335,0.28,ALERT
734.067,0.3018,0.1136,-0.53,ALERT
734.1,0.3032,0.0969,0.47,ALERT
734.133,0.3367,0.1915,-2.32,ALERT
734.167,0.324,0.2192,0.33,ALERT
734.2,0.3306,0.0986,3.69,ALERT
734.233,0.1743,0.1841,0.05,ALERT
734.267,0.299,0.1039,4.0,ALERT
734.3,0.2894,0.1913,-0.42,ALERT
734.333,0.3174,0.1709,-0.15,ALERT
734.367,0.3239,0.1728,0.97,ALERT
734.4,0.2922,0.0947,1.78,ALERT
734.433,0.3381,0.0971,3.19,ALERT
734.467,0.2947,0.0925,1.22,ALERT
734.5,0.2965,0.1294,0.07,ALERT
734.533,0.2949,0.0805,0.24,ALERT
734.567,0.3021,0.1644,1.78,ALERT
734.6,0.3284,0.1562,0.04,ALERT
734.633,0.3033,0.2128,2.94,ALERT
734.667,0.3278,0.135,0.74,ALERT
734.7,0.3359,0.1684,-2.17,ALERT
734.733,0.3157,0.1839,1.46,ALERT
734.767,0.3137,0.1114,0.13,ALERT
734.8,0.3247,0.2072,3.43,ALERT
734.833,0.1229,0.1527,2.98,ALERT
734.867,0.333,0.1948,1.8,ALERT
734.9,0.2886,0.1707,0.52,ALERT
734.933,0.3053,0.0816,-2.69,ALERT
734.967,0.3075,0.1939,1.87,ALERT
735.0,0.3125,0.0993,0.59,ALERT
735.033,0.3151,0.0908,0.39,ALERT
735.067,0.33,0.0832,2.54,ALERT
735.1,0.2995,0.1341,3.36,ALERT
735.133,0.3193,0.0821,-1.76,ALERT
735.167,0.3098,0.2088,-2.55,ALERT
735.2,0.3048,0.1563,-2.39,ALERT
735.233,0.3212,0.2106,2.08,ALERT
735.267,0.3116,0.2046,-1.92,ALERT
735.3,0.321,0.089,3.39,ALERT
735.333,0.3213,0.1529,-1.53,ALERT
735.367,0.2981,0.2099,-1.58,ALERT
735.4,0.3024,0.1529,-1.84,ALERT
735.433,0.3385,0.0921,-1.22,ALERT
735.467,0.2886,0.1515,1.01,ALERT
735.5,0.323,0.0807,3.46,ALERT
735.533,0.2869,0.1594,0.19,ALERT
735.567,0.3307,0.129,2.28,ALERT
735.6,0.3285,0.1395,3.29,ALERT
735.633,0.2956,0.1222,0.61,ALERT
735.667,0.3252,0.1012,0.79,ALERT
735.7,0.3242,0.2037,2.17,ALERT
735.733,0.3273,0.1061,0.25,ALERT
735.767,0.2838,0.1299,1.5,ALERT
735.8,0.3116,0.1661,0.46,ALERT
735.833,0.3005,0.1899,-2.2,ALERT
735.867,0.3131,0.1681,-2.07,ALERT
735.9,0.3179,0.1313,-3.68,ALERT
735.933,0.2902,0.1548,1.47,ALERT
735.967,0.3073,0.1213,-2.91,ALERT
736.0,0.3142,0.1012,-1.26,ALERT
736.033,0.3269,0.1923,1.67,ALERT
736.067,0.3105,0.1412,-0.19,ALERT
736.1,0.3219,0.1326,-1.15,ALERT
736.133,0.3322,0.0927,0.06,ALERT
736.167,0.3127,0.1475,-3.68,ALERT
736.2,0.1666,0.2005,-14.53,DROWSY
736.233,0.1185,0.3196,-17.88,DROWSY
736.267,0.1202,0.2455,-16.06,DROWSY
736.3,0.1117,0.3353,-17.96,DROWSY
736.333,0.1142,0.3469,-12.95,DROWSY
736.367,0.1073,0.2397,-14.05,DROWSY
736.4,0.1368,0.225,-11.53,DROWSY
736.433,0.1011,0.3419,-17.12,DROWSY
736.467,0.1141,0.3833,-10.78,DROWSY
736.5,0.1265,0.2685,-10.49,DROWSY
736.533,0.1474,0.3985,-15.92,DROWSY
736.567,0.1037,0.2247,-12.89,DROWSY
736.6,0.1657,0.2256,-10.65,DROWSY
736.633,0.1013,0.2337,-13.72,DROWSY
736.667,0.1247,0.2309,-11.54,DROWSY
736.7,0.1306,0.3717,-10.63,DROWSY
736.733,0.1015,0.2541,-17.36,DROWSY
736.767,0.1073,0.2328,-11.85,DROWSY
736.8,0.124,0.3759,-11.94,DROWSY
736.833,0.1423,0.2058,-14.15,DROWSY
736.867,0.1526,0.3047,-14.14,DROWSY
736.9,0.1108,0.2148,-17.88,DROWSY
736.933,0.1458,0.243,-10.77,DROWSY
736.967,0.1382,0.3874,-14.11,DROWSY
737.0,0.1203,0.2327,-14.84,DROWSY
737.033,0.1157,0.2297,-14.93,DROWSY
737.067,0.1371,0.3373,-12.2,DROWSY
737.1,0.1293,0.2233,-15.42,DROWSY
737.133,0.1029,0.2426,-17.73,DROWSY
737.167,0.1028,0.2201,-13.32,DROWSY
737.2,0.1062,0.2415,-15.41,DROWSY
737.233,0.12,0.1907,-17.6,DROWSY
737.267,0.1566,0.2012,-17.05,DROWSY
737.3,0.1535,0.3177,-17.93,DROWSY
737.333,0.1131,0.1962,-14.02,DROWSY
737.367,0.1342,0.3638,-12.98,DROWSY
737.4,0.1565,0.3764,-12.49,DROWSY
737.433,0.1522,0.3825,-15.77,DROWSY
737.467,0.1166,0.287,-10.78,DROWSY
737.5,0.1249,0.2169,-16.06,DROWSY
737.533,0.1679,0.1859,-16.83,DROWSY
737.567,0.1398,0.2848,-13.23,DROWSY
737.6,0.1155,0.3294,-11.4,DROWSY
737.633,0.1058,0.2895,-12.73,DROWSY
737.667,0.1199,0.3745,-16.92,DROWSY
737.7,0.1316,0.2546,-17.8,DROWSY
737.733,0.1574,0.3015,-13.19,DROWSY
737.767,0.1285,0.3304,-16.78,DROWSY
737.8,0.1058,0.3433,-17.43,DROWSY
737.833,0.1047,0.1529,-14.63,DROWSY
737.867,0.1138,0.3448,-15.1,DROWSY
737.9,0.1459,0.1517,-13.7,DROWSY
737.933,0.1454,0.2051,-12.56,DROWSY
737.967,0.1246,0.253,-10.29,DROWSY
738.0,0.109,0.162,-16.7,DROWSY
738.033,0.1576,0.2655,-13.09,DROWSY
738.067,0.1631,0.3747,-13.94,DROWSY
738.1,0.1204,0.3388,-12.08,DROWSY
738.133,0.1334,0.3741,-13.12,DROWSY
738.167,0.1274,0.1587,-15.74,DROWSY
738.2,0.1222,0.3271,-17.62,DROWSY
738.233,0.1605,0.2866,-12.09,DROWSY
738.267,0.124,0.3615,-13.53,DROWSY
738.3,0.1392,0.2674,-15.12,DROWSY
738.333,0.1476,0.3536,-12.33,DROWSY
738.367,0.164,0.2436,-17.94,DROWSY
738.4,0.13,0.169,-16.89,DROWSY
738.433,0.1547,0.3971,-17.75,DROWSY
738.467,0.1088,0.3228,-17.23,DROWSY
738.5,0.1155,0.3988,-17.0,DROWSY
738.533,0.1438,0.3133,-12.29,DROWSY
738.567,0.1651,0.3027,-13.71,DROWSY
738.6,0.1272,0.3378,-13.17,DROWSY
738.633,0.12,0.2803,-10.3,DROWSY
738.667,0.1203,0.3849,-10.15,DROWSY
738.7,0.1105,0.2865,-12.21,DROWSY
738.733,0.1546,0.3381,-11.12,DROWSY
738.767,0.1587,0.155,-11.39,DROWSY
738.8,0.1142,0.2752,-14.27,DROWSY
738.833,0.1651,0.3661,-12.3,DROWSY
738.867,0.1425,0.2317,-15.92,DROWSY
738.9,0.1654,0.2379,-10.04,DROWSY
738.933,0.1102,0.3123,-12.0,DROWSY
738.967,0.1654,0.2683,-12.73,DROWSY
739.0,0.1444,0.1882,-17.44,DROWSY
739.033,0.157,0.2138,-14.02,DROWSY
739.067,0.1698,0.3296,-13.37,DROWSY
739.1,0.1084,0.1539,-10.64,DROWSY
739.133,0.1218,0.1692,-16.28,DROWSY
739.167,0.1368,0.3289,-14.14,DROWSY
739.2,0.1082,0.3734,-15.67,DROWSY
739.233,0.1561,0.1679,-10.35,DROWSY
739.267,0.1398,0.326,-15.95,DROWSY
739.3,0.2232,0.6916,-6.71,WARNING
739.333,0.2065,0.2059,-3.25,WARNING
739.367,0.1936,0.2308,-3.85,WARNING
739.4,0.2061,0.2082,-4.89,WARNING
739.433,0.2229,0.6332,-6.24,WARNING
739.467,0.2071,0.7711,-0.92,WARNING
739.5,0.2117,0.1555,-0.82,WARNING
739.533,0.2384,0.7021,-6.19,WARNING
739.567,0.2215,0.6749,-5.26,WARNING
739.6,0.2145,0.2084,-4.25,WARNING
739.633,0.2586,0.8132,-3.88,WARNING
739.667,0.1946,0.2922,-2.99,WARNING
739.7,0.2083,0.7411,-3.9,WARNING
739.733,0.2249,0.1567,-0.36,WARNING
739.767,0.2202,0.2023,-6.56,WARNING
739.8,0.1969,0.1561,-6.07,WARNING
739.833,0.1977,0.2579,-7.19,WARNING
739.867,0.227,0.6478,-6.47,WARNING
739.9,0.2148,0.1898,-5.23,WARNING
739.933,0.2453,0.7365,-2.17,WARNING
739.967,0.2088,0.2386,-2.24,WARNING
740.0,0.2017,0.2938,-0.62,WARNING
740.033,0.2512,0.8101,-7.96,WARNING
740.067,0.244,0.611,-7.69,WARNING
740.1,0.2115,0.6782,-0.47,WARNING
740.133,0.2033,0.1723,-1.69,WARNING
740.167,0.2419,0.6878,-5.95,WARNING
740.2,0.2493,0.7969,-7.03,WARNING
740.233,0.1928,0.2371,-6.42,WARNING
740.267,0.2475,0.8059,-6.68,WARNING
740.3,0.2266,0.7517,-4.3,WARNING
740.333,0.2187,0.7785,-6.6,WARNING
740.367,0.1908,0.1846,-4.96,WARNING
740.4,0.2003,0.7634,-6.48,WARNING
740.433,0.2331,0.6949,-6.64,WARNING
740.467,0.2413,0.8305,-5.02,WARNING
740.5,0.1914,0.2194,-2.11,WARNING
740.533,0.1981,0.218,-6.17,WARNING
740.567,0.2284,0.7229,-6.28,WARNING
740.6,0.2298,0.7847,-0.45,WARNING
740.633,0.2003,0.7943,-6.87,WARNING
740.667,0.2236,0.6862,-4.88,WARNING
740.7,0.1932,0.2216,-3.94,WARNING
740.733,0.213,0.6636,-5.56,WARNING
740.767,0.2224,0.6989,-1.02,WARNING
740.8,0.2088,0.8099,-1.87,WARNING
740.833,0.2288,0.2506,-0.45,WARNING
740.867,0.2331,0.8063,-1.25,WARNING
740.9,0.2136,0.7113,-5.91,WARNING
740.933,0.214,0.2062,-4.02,WARNING
740.967,0.2392,0.7655,-3.24,WARNING
741.0,0.2226,0.2985,-3.6,WARNING
741.033,0.2263,0.6262,-7.39,WARNING
741.067,0.2185,0.2928,-3.06,WARNING
741.1,0.204,0.2499,-7.2,WARNING
741.133,0.2078,0.7717,-2.32,WARNING
741.167,0.223,0.2359,-3.38,WARNING
741.2,0.2461,0.8111,-4.83,WARNING
741.233,0.1946,0.1933,-0.02,WARNING
741.267,0.2076,0.65,-6.93,WARNING
741.3,0.224,0.2497,-3.2,WARNING
741.333,0.2047,0.7085,-6.56,WARNING
741.367,0.2209,0.2583,-7.69,WARNING
741.4,0.2477,0.6866,-2.55,WARNING
741.433,0.2123,0.846,-2.85,WARNING
741.467,0.2334,0.7489,-3.29,WARNING
741.5,0.2456,0.7545,-5.83,WARNING
741.533,0.2447,0.8026,-6.58,WARNING
741.567,0.2004,0.2461,-0.48,WARNING
741.6,0.2443,0.7059,-7.82,WARNING
741.633,0.2079,0.2888,-6.84,WARNING
741.667,0.2275,0.7968,-7.9,WARNING
741.7,0.2415,0.6085,-2.07,WARNING
741.733,0.2292,0.2719,-3.6,WARNING
741.767,0.2546,0.8107,-7.7,WARNING
741.8,0.2217,0.6798,-4.58,WARNING
741.833,0.2063,0.2893,-4.54,WARNING
741.867,0.2037,0.175,-6.91,WARNING
741.9,0.2335,0.7862,-6.49,WARNING
741.933,0.1979,0.2318,-4.59,WARNING
741.967,0.2039,0.6108,-7.68,WARNING
742.0,0.2198,0.1538,-0.51,WARNING
742.033,0.2807,0.112,-0.97,ALERT
742.067,0.3039,0.1803,-0.35,ALERT
742.1,0.3091,0.097,1.75,ALERT
742.133,0.3082,0.0927,2.68,ALERT
742.167,0.2824,0.1822,0.24,ALERT
742.2,0.2912,0.0875,2.77,ALERT
742.233,0.2834,0.1029,-1.65,ALERT
742.267,0.3374,0.1732,0.24,ALERT
742.3,0.283,0.2029,1.08,ALERT
742.333,0.3068,0.1405,3.8,ALERT
742.367,0.2815,0.1236,2.5,ALERT
742.4,0.2872,0.2074,1.81,ALERT
742.433,0.2922,0.2155,0.21,ALERT
742.467,0.3357,0.2099,3.5,ALERT
742.5,0.3177,0.1075,-0.86,ALERT
742.533,0.33,0.1561,2.05,ALERT
742.567,0.3129,0.1991,2.91,ALERT
742.6,0.3388,0.1005,0.55,ALERT
742.633,0.3359,0.2174,-0.08,ALERT
742.667,0.2815,0.1803,0.2,ALERT
742.7,0.2956,0.1485,-1.18,ALERT
742.733,0.2988,0.1739,3.95,ALERT
742.767,0.2966,0.1698,-2.86,ALERT
742.8,0.1335,0.2066,1.76,ALERT
742.833,0.3213,0.1738,-3.29,ALERT
742.867,0.3276,0.2171,-1.02,ALERT
742.9,0.3054,0.0818,-2.28,ALERT
742.933,0.3144,0.1276,-1.04,ALERT
742.967,0.314,0.1496,-2.69,ALERT
743.0,0.3072,0.0945,1.22,ALERT
743.033,0.2995,0.1226,-3.57,ALERT
743.067,0.3271,0.103,1.76,ALERT
743.1,0.3017,0.0877,-0.9,ALERT
743.133,0.3292,0.1523,3.97,ALERT
743.167,0.3171,0.1243,2.01,ALERT
743.2,0.2844,0.1199,3.65,ALERT
743.233,0.3354,0.178,3.14,ALERT
743.267,0.282,0.0809,3.58,ALERT
743.3,0.3179,0.1228,3.83,ALERT
743.333,0.3034,0.2045,-0.74,ALERT
743.367,0.2958,0.1007,-1.48,ALERT
743.4,0.3119,0.1884,0.38,ALERT
743.433,0.3366,0.1095,-1.13,ALERT
743.467,0.3084,0.1713,0.39,ALERT
743.5,0.2952,0.1524,-0.5,ALERT
743.533,0.2834,0.1453,-2.0,ALERT
743.567,0.3302,0.1887,-2.28,ALERT
743.6,0.3038,0.0977,0.21,ALERT
743.633,0.3361,0.1206,-1.3,ALERT
743.667,0.3356,0.2071,3.68,ALERT
743.7,0.288,0.1756,2.03,ALERT
743.733,0.2991,0.0918,2.76,ALERT
743.767,0.2859,0.1728,0.09,ALERT
743.8,0.3383,0.1585,-2.24,ALERT
743.833,0.3068,0.161,0.78,ALERT
743.867,0.3356,0.1515,-0.39,ALERT
743.9,0.3212,0.1124,3.64,ALERT
743.933,0.2941,0.1473,-3.08,ALERT
743.967,0.3134,0.1222,2.13,ALERT
744.0,0.3183,0.179,0.33,ALERT
744.033,0.2948,0.1306,3.64,ALERT
744.067,0.3035,0.1428,-2.75,ALERT
744.1,0.3093,0.1756,2.44,ALERT
744.133,0.3291,0.2103,1.89,ALERT
744.167,0.2959,0.1174,-2.67,ALERT
744.2,0.311,0.2039,0.44,ALERT
744.233,0.2895,0.1201,3.26,ALERT
744.267,0.3322,0.1029,2.07,ALERT
744.3,0.3326,0.1259,0.44,ALERT
744.333,0.3084,0.1758,-1.19,ALERT
744.367,0.3297,0.1754,-1.68,ALERT
744.4,0.334,0.2061,3.75,ALERT
744.433,0.2872,0.094,0.51,ALERT
744.467,0.3033,0.1892,-3.37,ALERT
744.5,0.3079,0.1889,-3.62,ALERT
744.533,0.326,0.1222,0.7,ALERT
744.567,0.2847,0.1907,-2.07,ALERT
744.6,0.3116,0.1954,-1.0,ALERT
744.633,0.3241,0.1346,3.63,ALERT
744.667,0.322,0.1044,3.94,ALERT
744.7,0.2845,0.1157,-2.06,ALERT
744.733,0.2962,0.1276,-2.99,ALERT
744.767,0.3237,0.1871,-3.22,ALERT
744.8,0.3127,0.1185,-2.83,ALERT
744.833,0.2886,0.1134,1.2,ALERT
744.867,0.3238,0.1206,-2.13,ALERT
744.9,0.3096,0.2041,-3.72,ALERT
744.933,0.2839,0.1042,-1.24,ALERT
744.967,0.2888,0.1203,3.55,ALERT
745.0,0.3302,0.1343,-2.25,ALERT
745.033,0.1779,0.1659,2.68,ALERT
745.067,0.3063,0.1448,-1.64,ALERT
745.1,0.2881,0.1071,2.31,ALERT
745.133,0.3083,0.1549,-2.75,ALERT
745.167,0.2825,0.1374,-2.17,ALERT
745.2,0.3244,0.2096,3.76,ALERT
745.233,0.2823,0.0951,2.17,ALERT
745.267,0.3073,0.1802,-2.06,ALERT
745.3,0.3272,0.1328,1.1,ALERT
745.333,0.3178,0.0848,-0.79,ALERT
745.367,0.3314,0.1486,-0.87,ALERT
745.4,0.3084,0.166,-1.31,ALERT
745.433,0.3242,0.1774,2.01,ALERT
745.467,0.302,0.1999,-0.08,ALERT
745.5,0.2906,0.1491,-2.56,ALERT
745.533,0.3336,0.0883,-1.37,ALERT
745.567,0.3325,0.1259,1.22,ALERT
745.6,0.3148,0.186,-1.24,ALERT
745.633,0.3015,0.2092,-1.39,ALERT
745.667,0.3141,0.1461,-2.04,ALERT
745.7,0.2917,0.1095,-0.17,ALERT
745.733,0.3395,0.166,3.39,ALERT
745.767,0.2918,0.1533,-2.13,ALERT
745.8,0.3052,0.1748,-1.24,ALERT
745.833,0.3355,0.0906,-1.85,ALERT
745.867,0.3282,0.1444,2.8,ALERT
745.9,0.2871,0.1284,-3.75,ALERT
745.933,0.2968,0.1105,-2.45,ALERT
745.967,0.333,0.1783,-0.28,ALERT
746.0,0.3306,0.0832,2.42,ALERT
746.033,0.3056,0.2131,0.49,ALERT
746.067,0.3339,0.0869,-2.47,ALERT
746.1,0.3306,0.1445,0.02,ALERT
746.133,0.296,0.1086,-2.56,ALERT
746.167,0.3305,0.09,1.31,ALERT
746.2,0.2805,0.1113,-2.69,ALERT
746.233,0.2859,0.1991,1.3,ALERT
746.267,0.3012,0.0894,-2.27,ALERT
746.3,0.3195,0.1288,-2.37,ALERT
746.333,0.3005,0.1756,3.25,ALERT
746.367,0.2802,0.0946,-2.94,ALERT
746.4,0.3049,0.1719,3.8,ALERT
746.433,0.3012,0.18,1.38,ALERT
746.467,0.3156,0.2127,-3.45,ALERT
746.5,0.3047,0.1255,-0.63,ALERT
746.533,0.3037,0.0922,-0.11,ALERT
746.567,0.2915,0.1724,-0.06,ALERT
746.6,0.3312,0.1941,-0.46,ALERT
746.633,0.3021,0.2116,-1.1,ALERT
746.667,0.3246,0.1846,-0.22,ALERT
746.7,0.3263,0.1806,-0.92,ALERT
746.733,0.3339,0.1041,-2.2,ALERT
746.767,0.2849,0.1243,2.31,ALERT
746.8,0.1498,0.1859,-3.99,ALERT
746.833,0.2811,0.1579,3.84,ALERT
746.867,0.3163,0.0889,3.95,ALERT
746.9,0.3142,0.0939,-2.15,ALERT
746.933,0.2911,0.136,-0.59,ALERT
746.967,0.3336,0.1915,0.52,ALERT
747.0,0.2827,0.2017,-3.85,ALERT
747.033,0.3324,0.1501,-2.5,ALERT
747.067,0.3259,0.1099,-0.37,ALERT
747.1,0.3035,0.1615,2.25,ALERT
747.133,0.325,0.1345,3.47,ALERT
747.167,0.3025,0.1795,-3.66,ALERT
747.2,0.3021,0.22,-3.49,ALERT
747.233,0.3341,0.1854,-3.74,ALERT
747.267,0.3029,0.1777,1.28,ALERT
747.3,0.305,0.1887,3.89,ALERT
747.333,0.3321,0.1319,3.81,ALERT
747.367,0.298,0.1384,2.58,ALERT
747.4,0.319,0.0871,3.61,ALERT
747.433,0.2826,0.0999,-3.96,ALERT
747.467,0.2947,0.1699,-0.36,ALERT
747.5,0.2859,0.108,-2.63,ALERT
747.533,0.3013,0.2118,0.63,ALERT
747.567,0.2838,0.1753,1.23,ALERT
747.6,0.3073,0.1862,3.65,ALERT
747.633,0.2801,0.1498,-3.99,ALERT
747.667,0.3148,0.1013,-2.41,ALERT
747.7,0.2957,0.2158,2.15,ALERT
747.733,0.281,0.1359,2.91,ALERT
747.767,0.3316,0.0949,2.59,ALERT
747.8,0.3133,0.1638,-2.11,ALERT
747.833,0.3299,0.1184,-3.77,ALERT
747.867,0.1767,0.1906,-2.38,ALERT
747.9,0.3381,0.1519,1.93,ALERT
747.933,0.298,0.1246,-1.21,ALERT
747.967,0.3066,0.1659,-0.05,ALERT
748.0,0.3114,0.2027,-0.32,ALERT
748.033,0.2945,0.1418,-1.62,ALERT
748.067,0.3179,0.1724,-3.84,ALERT
748.1,0.3114,0.2115,1.83,ALERT
748.133,0.3286,0.0925,3.91,ALERT
748.167,0.3046,0.1407,0.88,ALERT
748.2,0.3064,0.1509,3.7,ALERT
748.233,0.3244,0.1147,3.51,ALERT
748.267,0.2819,0.1414,1.94,ALERT
748.3,0.2916,0.0814,-0.07,ALERT
748.333,0.3029,0.2106,-2.34,ALERT
748.367,0.3063,0.1389,-2.58,ALERT
748.4,0.3283,0.1991,-3.22,ALERT
748.433,0.2997,0.092,0.5,ALERT
748.467,0.2869,0.1947,-0.08,ALERT
748.5,0.3313,0.0991,2.94,ALERT
748.533,0.3305,0.0905,0.9,ALERT
748.567,0.307,0.2158,-3.74,ALERT
748.6,0.3145,0.1906,2.97,ALERT
748.633,0.2973,0.1377,-3.35,ALERT
748.667,0.2825,0.0902,2.91,ALERT
748.7,0.333,0.0851,3.81,ALERT
748.733,0.3019,0.1671,1.64,ALERT
748.767,0.3196,0.0859,1.16,ALERT
748.8,0.2935,0.1662,0.14,ALERT
748.833,0.3317,0.205,0.53,ALERT
748.867,0.3309,0.1821,-0.59,ALERT
748.9,0.302,0.1459,0.23,ALERT
748.933,0.3247,0.1834,0.63,ALERT
748.967,0.2827,0.1286,-0.06,ALERT
749.0,0.3161,0.0894,1.83,ALERT
749.033,0.337,0.1163,0.23,ALERT
749.067,0.3357,0.1609,-1.71,ALERT
749.1,0.2889,0.169,-2.74,ALERT
749.133,0.3259,0.1311,-1.15,ALERT
749.167,0.2804,0.1764,2.15,ALERT
749.2,0.3356,0.0821,0.78,ALERT
749.233,0.3037,0.1011,2.14,ALERT
749.267,0.307,0.1978,2.74,ALERT
749.3,0.3293,0.1484,-0.44,ALERT
749.333,0.3297,0.1654,-1.07,ALERT
749.367,0.3044,0.1143,-0.38,ALERT
749.4,0.3011,0.1739,2.74,ALERT
749.433,0.3329,0.1548,-0.05,ALERT
749.467,0.3108,0.215,-1.93,ALERT
749.5,0.3378,0.0811,-0.4,ALERT
749.533,0.325,0.0807,-1.12,ALERT
749.567,0.3087,0.198,-3.84,ALERT
749.6,0.3396,0.1948,3.43,ALERT
749.633,0.2834,0.1612,3.34,ALERT
749.667,0.3046,0.1751,-1.01,ALERT
749.7,0.2933,0.1394,-3.66,ALERT
749.733,0.3306,0.1066,-1.16,ALERT
749.767,0.338,0.1269,-3.66,ALERT
749.8,0.336,0.0958,2.56,ALERT
749.833,0.2997,0.1255,1.71,ALERT
749.867,0.3139,0.1059,-0.93,ALERT
749.9,0.3181,0.1188,-2.05,ALERT
749.933,0.3304,0.1283,-1.04,ALERT
749.967,0.3048,0.2142,-1.46,ALERT
750.0,0.3049,0.1327,2.01,ALERT
750.033,0.3326,0.1289,2.68,ALERT
750.067,0.2938,0.1624,-2.49,ALERT
750.1,0.3113,0.1654,-0.08,ALERT
750.133,0.3346,0.15,0.18,ALERT
750.167,0.3196,0.1861,0.75,ALERT
750.2,0.2803,0.107,-2.72,ALERT
750.233,0.3321,0.2175,0.62,ALERT
750.267,0.2989,0.1716,3.59,ALERT
750.3,0.2943,0.2013,2.67,ALERT
750.333,0.2816,0.1089,3.63,ALERT
750.367,0.3135,0.1318,-0.56,ALERT
750.4,0.3015,0.1048,2.42,ALERT
750.433,0.3039,0.1556,-3.7,ALERT
750.467,0.2954,0.1461,3.38,ALERT
750.5,0.1551,0.19,-3.47,ALERT
750.533,0.3144,0.1556,3.05,ALERT
750.567,0.2983,0.0815,-4.0,ALERT
750.6,0.3379,0.1443,0.72,ALERT
750.633,0.329,0.218,1.57,ALERT
750.667,0.3312,0.2187,3.26,ALERT
750.7,0.3265,0.1512,0.93,ALERT
750.733,0.3233,0.1241,3.84,ALERT
750.767,0.3089,0.1983,-1.26,ALERT
750.8,0.2996,0.1446,-1.13,ALERT
750.833,0.3345,0.1912,-3.63,ALERT
750.867,0.3022,0.1552,1.17,ALERT
750.9,0.3058,0.1441,1.93,ALERT
750.933,0.311,0.1539,1.95,ALERT
750.967,0.3044,0.19,2.94,ALERT
751.0,0.3203,0.0995,-3.55,ALERT
751.033,0.3135,0.1406,3.22,ALERT
751.067,0.3365,0.1157,2.6,ALERT
751.1,0.3026,0.1564,-0.31,ALERT
751.133,0.3158,0.107,-3.12,ALERT
751.167,0.2864,0.0804,0.79,ALERT
751.2,0.2807,0.1262,-2.55,ALERT
751.233,0.3054,0.1217,3.0,ALERT
751.267,0.3229,0.0806,0.06,ALERT
751.3,0.3398,0.148,-0.41,ALERT
751.333,0.3344,0.1046,-1.88,ALERT
751.367,0.3087,0.1266,2.03,ALERT
751.4,0.3373,0.2073,-3.85,ALERT
751.433,0.2846,0.1266,-0.11,ALERT
751.467,0.3266,0.1265,0.21,ALERT
751.5,0.2805,0.1265,-2.88,ALERT
751.533,0.2967,0.2083,3.61,ALERT
751.567,0.3107,0.1196,-2.86,ALERT
751.6,0.3265,0.0956,-2.43,ALERT
751.633,0.2875,0.1509,-3.26,ALERT
751.667,0.3387,0.1741,1.7,ALERT
751.7,0.2837,0.1892,1.01,ALERT
751.733,0.2955,0.0877,-1.09,ALERT
751.767,0.3088,0.1865,2.6,ALERT
751.8,0.3234,0.1325,-0.2,ALERT
751.833,0.2809,0.135,-3.65,ALERT
751.867,0.2826,0.1195,-2.92,ALERT
751.9,0.3043,0.16,0.47,ALERT
751.933,0.2867,0.1619,0.14,ALERT
751.967,0.3278,0.1019,0.47,ALERT
752.0,0.3111,0.1282,-3.7,ALERT
752.033,0.3165,0.1924,-1.4,ALERT
752.067,0.34,0.2013,-1.41,ALERT
752.1,0.1534,0.1524,3.74,ALERT
752.133,0.3285,0.1267,-0.43,ALERT
752.167,0.3135,0.1594,-3.24,ALERT
752.2,0.3209,0.115,-0.67,ALERT
752.233,0.3339,0.1729,-3.96,ALERT
752.267,0.3127,0.0812,0.38,ALERT
752.3,0.306,0.117,3.13,ALERT
752.333,0.3347,0.2152,1.88,ALERT
752.367,0.3164,0.1036,1.24,ALERT
752.4,0.3046,0.1238,-2.85,ALERT
752.433,0.3028,0.1517,-1.82,ALERT
752.467,0.3298,0.127,-3.14,ALERT
752.5,0.3163,0.1442,2.35,ALERT
752.533,0.2842,0.1788,-0.81,ALERT
752.567,0.2815,0.1169,2.54,ALERT
752.6,0.3032,0.1826,-0.42,ALERT
752.633,0.314,0.1676,0.6,ALERT
752.667,0.1435,0.154,3.17,ALERT
752.7,0.3377,0.0846,2.13,ALERT
752.733,0.3103,0.161,-1.0,ALERT
752.767,0.2877,0.0886,2.44,ALERT
752.8,0.3099,0.1752,-1.55,ALERT
752.833,0.3106,0.1285,-0.67,ALERT
752.867,0.1539,0.1143,0.31,ALERT
752.9,0.3235,0.086,2.69,ALERT
752.933,0.2966,0.1811,0.22,ALERT
752.967,0.3213,0.1323,-2.39,ALERT
753.0,0.3294,0.1564,1.61,ALERT
753.033,0.2893,0.1786,-3.58,ALERT
753.067,0.3253,0.1723,0.2,ALERT
753.1,0.3092,0.1369,-3.54,ALERT
753.133,0.3096,0.0908,-1.08,ALERT
753.167,0.3282,0.1052,-0.93,ALERT
753.2,0.3039,0.1298,-1.19,ALERT
753.233,0.3171,0.0805,0.23,ALERT
753.267,0.3099,0.1589,0.63,ALERT
753.3,0.3244,0.1797,-0.22,ALERT
753.333,0.3167,0.1605,2.64,ALERT
753.367,0.3117,0.139,2.94,ALERT
753.4,0.1432,0.141,-1.21,ALERT
753.433,0.3186,0.1474,-1.6,ALERT
753.467,0.3021,0.1551,-2.16,ALERT
753.5,0.3027,0.0911,2.07,ALERT
753.533,0.3244,0.1968,3.35,ALERT
753.567,0.3356,0.0918,0.26,ALERT
753.6,0.2844,0.19,3.84,ALERT
753.633,0.0863,0.2862,-19.38,CRITICAL
753.667,0.1316,0.2578,-21.26,CRITICAL
753.7,0.0817,0.2631,-23.47,CRITICAL
753.733,0.0834,0.2058,-18.86,CRITICAL
753.767,0.1028,0.149,-24.39,CRITICAL
753.8,0.0948,0.171,-23.3,CRITICAL
753.833,0.1197,0.2636,-18.7,CRITICAL
753.867,0.0958,0.2588,-16.81,CRITICAL
753.9,0.09,0.2199,-19.83,CRITICAL
753.933,0.116,0.2145,-24.0,CRITICAL
753.967,0.123,0.2843,-19.87,CRITICAL
754.0,0.1115,0.2341,-23.09,CRITICAL
754.033,0.0813,0.2827,-24.7,CRITICAL
754.067,0.1059,0.1399,-15.02,CRITICAL
754.1,0.1154,0.2433,-17.44,CRITICAL
754.133,0.0995,0.1057,-23.77,CRITICAL
754.167,0.1365,0.1459,-18.68,CRITICAL
754.2,0.1061,0.2827,-23.18,CRITICAL
754.233,0.1025,0.1334,-21.4,CRITICAL
754.267,0.1377,0.1773,-21.26,CRITICAL
754.3,0.0881,0.2325,-18.25,CRITICAL
754.333,0.1251,0.1421,-22.64,CRITICAL
754.367,0.0803,0.2544,-15.83,CRITICAL
754.4,0.1367,0.1563,-19.41,CRITICAL
754.433,0.1346,0.2712,-24.11,CRITICAL
754.467,0.1341,0.1836,-22.05,CRITICAL
754.5,0.1235,0.2927,-21.41,CRITICAL
754.533,0.0908,0.2534,-17.6,CRITICAL
754.567,0.0883,0.1668,-23.21,CRITICAL
754.6,0.1144,0.1739,-15.87,CRITICAL
754.633,0.1183,0.1608,-21.9,CRITICAL
754.667,0.0926,0.1502,-19.05,CRITICAL
754.7,0.1197,0.1619,-15.18,CRITICAL
754.733,0.1208,0.2964,-20.79,CRITICAL
754.767,0.1145,0.1492,-23.97,CRITICAL
754.8,0.0873,0.1464,-20.6,CRITICAL
754.833,0.1049,0.2853,-22.14,CRITICAL
754.867,0.0958,0.1328,-16.01,CRITICAL
754.9,0.1258,0.1984,-16.31,CRITICAL
754.933,0.136,0.2307,-20.74,CRITICAL
754.967,0.1018,0.1926,-17.22,CRITICAL
755.0,0.0813,0.2422,-23.32,CRITICAL
755.033,0.0951,0.265,-21.27,CRITICAL
755.067,0.1356,0.1547,-23.81,CRITICAL
755.1,0.0858,0.2625,-18.59,CRITICAL
755.133,0.1119,0.2117,-23.26,CRITICAL
755.167,0.0963,0.1758,-20.82,CRITICAL
755.2,0.1184,0.1561,-21.73,CRITICAL
755.233,0.1337,0.1817,-21.08,CRITICAL
755.267,0.1382,0.1696,-21.69,CRITICAL
755.3,0.1143,0.2191,-15.35,CRITICAL
755.333,0.0912,0.1599,-16.82,CRITICAL
755.367,0.1031,0.2963,-19.17,CRITICAL
755.4,0.0924,0.1353,-20.35,CRITICAL
755.433,0.0878,0.2272,-23.86,CRITICAL
755.467,0.1198,0.2813,-18.14,CRITICAL
755.5,0.0998,0.2617,-20.61,CRITICAL
755.533,0.1132,0.2407,-16.92,CRITICAL
755.567,0.1238,0.1542,-15.14,CRITICAL
755.6,0.1079,0.2524,-21.53,CRITICAL
755.633,0.1336,0.2717,-21.12,CRITICAL
755.667,0.1209,0.1038,-22.9,CRITICAL
755.7,0.105,0.1669,-19.62,CRITICAL
755.733,0.1351,0.2006,-20.81,CRITICAL
755.767,0.1068,0.1031,-17.74,CRITICAL
755.8,0.0981,0.2801,-24.64,CRITICAL
755.833,0.1064,0.2981,-19.55,CRITICAL
755.867,0.1145,0.2679,-22.93,CRITICAL
755.9,0.0978,0.1755,-15.25,CRITICAL
755.933,0.1061,0.2246,-18.92,CRITICAL
755.967,0.0853,0.2282,-22.04,CRITICAL
756.0,0.1227,0.1669,-15.55,CRITICAL
756.033,0.1396,0.1543,-22.03,CRITICAL
756.067,0.1025,0.2677,-18.8,CRITICAL
756.1,0.0972,0.2966,-22.11,CRITICAL
756.133,0.0894,0.1149,-20.74,CRITICAL
756.167,0.0888,0.2235,-17.34,CRITICAL
756.2,0.1146,0.2816,-18.26,CRITICAL
756.233,0.0903,0.1597,-17.75,CRITICAL
756.267,0.1305,0.1148,-21.41,CRITICAL
756.3,0.1095,0.2106,-19.46,CRITICAL
756.333,0.1348,0.1125,-21.67,CRITICAL
756.367,0.0823,0.2166,-19.89,CRITICAL
756.4,0.1082,0.12,-23.52,CRITICAL
756.433,0.0995,0.1884,-21.32,CRITICAL
756.467,0.1241,0.2983,-15.08,CRITICAL
756.5,0.1039,0.2781,-19.8,CRITICAL
756.533,0.1181,0.2339,-22.82,CRITICAL
756.567,0.109,0.1328,-21.54,CRITICAL
756.6,0.1091,0.2678,-21.36,CRITICAL
756.633,0.0963,0.117,-25.0,CRITICAL
756.667,0.1001,0.1899,-17.66,CRITICAL
756.7,0.114,0.168,-21.54,CRITICAL
756.733,0.1015,0.1794,-20.2,CRITICAL
756.767,0.1277,0.1146,-20.84,CRITICAL
756.8,0.1328,0.2066,-18.12,CRITICAL
756.833,0.0956,0.217,-20.46,CRITICAL
756.867,0.0912,0.2634,-20.03,CRITICAL
756.9,0.1001,0.2684,-23.43,CRITICAL
756.933,0.1395,0.2005,-23.31,CRITICAL
756.967,0.1055,0.1858,-18.14,CRITICAL
757.0,0.1195,0.213,-24.72,CRITICAL
757.033,0.1086,0.2822,-20.67,CRITICAL
757.067,0.1238,0.1536,-15.35,CRITICAL
757.1,0.0935,0.2714,-23.21,CRITICAL
757.133,0.0805,0.2,-19.93,CRITICAL
757.167,0.0826,0.2552,-18.56,CRITICAL
757.2,0.1374,0.1964,-22.4,CRITICAL
757.233,0.0887,0.2896,-23.66,CRITICAL
757.267,0.0839,0.242,-24.33,CRITICAL
757.3,0.1384,0.1649,-23.73,CRITICAL
757.333,0.1293,0.285,-18.25,CRITICAL
757.367,0.1241,0.1358,-17.03,CRITICAL
757.4,0.0855,0.1727,-24.8,CRITICAL
757.433,0.0916,0.2597,-20.61,CRITICAL
757.467,0.1091,0.2968,-22.1,CRITICAL
757.5,0.1309,0.1183,-23.32,CRITICAL
757.533,0.0962,0.2338,-20.8,CRITICAL
757.567,0.1298,0.1789,-17.48,CRITICAL
757.6,0.116,0.1651,-18.64,CRITICAL
757.633,0.1008,0.2725,-22.59,CRITICAL
757.667,0.136,0.2552,-18.53,CRITICAL
757.7,0.0833,0.1671,-24.27,CRITICAL
757.733,0.113,0.2671,-17.4,CRITICAL
757.767,0.0986,0.1655,-24.54,CRITICAL
757.8,0.1081,0.231,-18.64,CRITICAL
757.833,0.1085,0.2615,-20.42,CRITICAL
757.867,0.1306,0.2995,-19.98,CRITICAL
757.9,0.1077,0.1379,-15.2,CRITICAL
757.933,0.1076,0.2186,-22.26,CRITICAL
757.967,0.09,0.233,-19.19,CRITICAL
758.0,0.1267,0.1742,-15.21,CRITICAL
758.033,0.1203,0.1307,-18.04,CRITICAL
758.067,0.0962,0.2262,-21.84,CRITICAL
758.1,0.1212,0.2969,-15.04,CRITICAL
758.133,0.1003,0.1314,-22.5,CRITICAL
758.167,0.1174,0.2047,-20.13,CRITICAL
758.2,0.1298,0.1376,-16.04,CRITICAL
758.233,0.1242,0.2904,-15.74,CRITICAL
758.267,0.1385,0.2372,-21.84,CRITICAL
758.3,0.1283,0.2791,-21.13,CRITICAL
758.333,0.119,0.1755,-18.27,CRITICAL
758.367,0.1083,0.1975,-21.28,CRITICAL
758.4,0.0904,0.2153,-17.15,CRITICAL
758.433,0.1063,0.1187,-21.93,CRITICAL
758.467,0.111,0.1391,-17.47,CRITICAL
758.5,0.1374,0.2631,-22.52,CRITICAL
758.533,0.1384,0.1437,-18.9,CRITICAL
758.567,0.1691,0.2908,-15.41,DROWSY
758.6,0.1504,0.3503,-16.45,DROWSY
758.633,0.1186,0.25,-14.81,DROWSY
758.667,0.1318,0.3259,-10.9,DROWSY
758.7,0.1123,0.3816,-17.14,DROWSY
758.733,0.1198,0.3245,-15.32,DROWSY
758.767,0.1082,0.2862,-14.25,DROWSY
758.8,0.1521,0.3907,-10.56,DROWSY
758.833,0.1249,0.354,-17.05,DROWSY
758.867,0.1548,0.3706,-15.56,DROWSY
758.9,0.1505,0.2964,-13.06,DROWSY
758.933,0.1167,0.2826,-11.46,DROWSY
758.967,0.1009,0.1687,-16.66,DROWSY
759.0,0.1069,0.1885,-12.73,DROWSY
759.033,0.1464,0.2515,-13.32,DROWSY
759.067,0.1695,0.1557,-10.17,DROWSY
759.1,0.1194,0.223,-13.98,DROWSY
759.133,0.1625,0.3389,-16.16,DROWSY
759.167,0.1458,0.2941,-13.8,DROWSY
759.2,0.1555,0.3523,-15.83,DROWSY
759.233,0.1494,0.3237,-15.64,DROWSY
759.267,0.1486,0.1649,-13.39,DROWSY
759.3,0.151,0.31,-12.45,DROWSY
759.333,0.118,0.2114,-16.62,DROWSY
759.367,0.1059,0.1829,-13.54,DROWSY
759.4,0.1051,0.1826,-11.83,DROWSY
759.433,0.1118,0.331,-15.2,DROWSY
759.467,0.1067,0.1705,-10.82,DROWSY
759.5,0.1193,0.343,-16.47,DROWSY
759.533,0.11,0.1745,-11.24,DROWSY
759.567,0.1334,0.1548,-13.56,DROWSY
759.6,0.1148,0.1598,-15.61,DROWSY
759.633,0.1421,0.1777,-17.41,DROWSY
759.667,0.1626,0.2762,-12.84,DROWSY
759.7,0.1267,0.3742,-13.15,DROWSY
759.733,0.109,0.2527,-11.28,DROWSY
759.767,0.1286,0.2775,-13.53,DROWSY
759.8,0.1435,0.1643,-16.45,DROWSY
759.833,0.12,0.261,-14.47,DROWSY
759.867,0.1623,0.1883,-13.19,DROWSY
759.9,0.1049,0.2094,-16.52,DROWSY
759.933,0.1579,0.1538,-13.42,DROWSY
759.967,0.164,0.177,-11.86,DROWSY
760.0,0.114,0.1575,-15.78,DROWSY
760.033,0.1253,0.3198,-15.19,DROWSY
760.067,0.1208,0.1847,-14.99,DROWSY
760.1,0.1131,0.3707,-13.05,DROWSY
760.133,0.1127,0.294,-11.73,DROWSY
760.167,0.125,0.3721,-15.75,DROWSY
760.2,0.1679,0.2623,-10.83,DROWSY
760.233,0.1393,0.2917,-11.95,DROWSY
760.267,0.1251,0.3224,-17.9,DROWSY
760.3,0.1323,0.3395,-10.48,DROWSY
760.333,0.1318,0.2002,-17.69,DROWSY
760.367,0.1345,0.351,-13.6,DROWSY
760.4,0.1092,0.2523,-17.61,DROWSY
760.433,0.1442,0.3948,-12.29,DROWSY
760.467,0.14,0.291,-15.13,DROWSY
760.5,0.1033,0.396,-12.96,DROWSY
760.533,0.1645,0.3464,-15.8,DROWSY
760.567,0.1661,0.3734,-14.47,DROWSY
760.6,0.1217,0.2231,-10.96,DROWSY
760.633,0.1222,0.2874,-12.56,DROWSY
760.667,0.1641,0.2826,-15.87,DROWSY
760.7,0.1133,0.2042,-13.19,DROWSY
760.733,0.1361,0.2117,-11.88,DROWSY
760.767,0.1132,0.3392,-16.4,DROWSY
760.8,0.128,0.1905,-16.16,DROWSY
760.833,0.1549,0.3128,-17.15,DROWSY
760.867,0.1,0.3612,-14.44,DROWSY
760.9,0.1258,0.36,-11.99,DROWSY
760.933,0.139,0.3863,-14.77,DROWSY
760.967,0.1342,0.1503,-16.28,DROWSY
761.0,0.1236,0.2537,-14.9,DROWSY
761.033,0.1541,0.3676,-13.52,DROWSY
761.067,0.1333,0.1962,-14.74,DROWSY
761.1,0.1182,0.3682,-14.51,DROWSY
761.133,0.1013,0.1622,-10.89,DROWSY
761.167,0.1354,0.2519,-10.12,DROWSY
761.2,0.1338,0.3676,-15.57,DROWSY
761.233,0.1298,0.16,-11.48,DROWSY
761.267,0.1042,0.3351,-11.69,DROWSY
761.3,0.1291,0.2614,-14.0,DROWSY
761.333,0.1162,0.2924,-12.59,DROWSY
761.367,0.1602,0.2986,-14.4,DROWSY
761.4,0.118,0.2128,-15.96,DROWSY
761.433,0.1579,0.3971,-12.94,DROWSY
761.467,0.1618,0.2348,-10.46,DROWSY
761.5,0.1326,0.2447,-16.93,DROWSY
761.533,0.1085,0.3882,-17.9,DROWSY
761.567,0.125,0.2911,-11.25,DROWSY
761.6,0.115,0.1699,-12.23,DROWSY
761.633,0.1084,0.2524,-16.07,DROWSY
761.667,0.126,0.2784,-15.36,DROWSY
761.7,0.1546,0.2286,-17.0,DROWSY
761.733,0.144,0.3578,-13.1,DROWSY
761.767,0.128,0.349,-15.71,DROWSY
761.8,0.1218,0.1523,-15.76,DROWSY
761.833,0.1384,0.2316,-13.48,DROWSY
761.867,0.2871,0.1778,1.76,ALERT
761.9,0.3009,0.1556,0.32,ALERT
761.933,0.2833,0.1991,-3.05,ALERT
761.967,0.2997,0.1878,-0.14,ALERT
762.0,0.3051,0.0974,-3.53,ALERT
762.033,0.3045,0.1155,0.93,ALERT
762.067,0.3097,0.2084,-0.3,ALERT
762.1,0.2997,0.1597,-3.87,ALERT
762.133,0.2837,0.2019,2.73,ALERT
762.167,0.2957,0.1151,0.42,ALERT
762.2,0.3303,0.1459,-3.56,ALERT
762.233,0.3314,0.1574,3.86,ALERT
762.267,0.2871,0.098,-1.88,ALERT
762.3,0.3395,0.1625,-3.09,ALERT
762.333,0.3069,0.1104,-1.79,ALERT
762.367,0.3159,0.1545,3.08,ALERT
762.4,0.2954,0.1229,1.14,ALERT
762.433,0.298,0.0856,3.24,ALERT
762.467,0.3101,0.2198,1.24,ALERT
762.5,0.3304,0.138,-1.31,ALERT
762.533,0.3191,0.0944,2.36,ALERT
762.567,0.294,0.1208,0.24,ALERT
762.6,0.1643,0.1311,0.04,ALERT
762.633,0.2891,0.1574,-3.08,ALERT
762.667,0.3394,0.1135,-3.65,ALERT
762.7,0.3357,0.0803,-2.79,ALERT
762.733,0.3006,0.205,1.14,ALERT
762.767,0.3011,0.183,1.73,ALERT
762.8,0.3306,0.1052,-3.72,ALERT
762.833,0.2899,0.1161,-3.73,ALERT
762.867,0.2891,0.1332,1.93,ALERT
762.9,0.3143,0.12,0.14,ALERT
762.933,0.3273,0.1579,1.29,ALERT
762.967,0.3171,0.081,-2.77,ALERT
763.0,0.3143,0.2073,-0.32,ALERT
763.033,0.3219,0.1236,-3.07,ALERT
763.067,0.288,0.2081,3.05,ALERT
763.1,0.2841,0.1922,-2.86,ALERT
763.133,0.2944,0.1355,-2.56,ALERT
763.167,0.3278,0.1347,3.82,ALERT
763.2,0.2914,0.1348,2.52,ALERT
763.233,0.3325,0.1765,1.86,ALERT
763.267,0.2858,0.2034,3.86,ALERT
763.3,0.2862,0.1682,3.0,ALERT
763.333,0.3302,0.1947,1.58,ALERT
763.367,0.3385,0.1362,-0.29,ALERT
763.4,0.132,0.0974,0.88,ALERT
763.433,0.2847,0.137,-3.25,ALERT
763.467,0.3073,0.194,-0.48,ALERT
763.5,0.2888,0.1542,3.71,ALERT
763.533,0.3235,0.1815,1.18,ALERT
763.567,0.3028,0.1882,-2.71,ALERT
763.6,0.3351,0.088,2.01,ALERT
763.633,0.3155,0.2126,0.79,ALERT
763.667,0.3133,0.1621,0.82,ALERT
763.7,0.2872,0.0869,0.94,ALERT
763.733,0.3125,0.2071,1.6,ALERT
763.767,0.2861,0.1124,2.3,ALERT
763.8,0.3009,0.204,3.28,ALERT
763.833,0.3197,0.1397,-1.04,ALERT
763.867,0.3111,0.09,-0.96,ALERT
763.9,0.3392,0.1204,0.54,ALERT
763.933,0.3255,0.2124,-0.49,ALERT
763.967,0.2971,0.1405,3.45,ALERT
764.0,0.3087,0.1879,2.7,ALERT
764.033,0.3027,0.1139,0.47,ALERT
764.067,0.3205,0.1042,-1.02,ALERT
764.1,0.3051,0.216,0.76,ALERT
764.133,0.2847,0.187,1.97,ALERT
764.167,0.323,0.1493,2.85,ALERT
764.2,0.2887,0.082,0.22,ALERT
764.233,0.3091,0.0878,-3.27,ALERT
764.267,0.326,0.1165,-3.93,ALERT
764.3,0.3106,0.2148,1.76,ALERT
764.333,0.3056,0.1378,-3.55,ALERT
764.367,0.3343,0.0836,1.83,ALERT
764.4,0.2856,0.183,-0.92,ALERT
764.433,0.3319,0.1064,-0.5,ALERT
764.467,0.3094,0.1868,3.85,ALERT
764.5,0.2977,0.2056,0.52,ALERT
764.533,0.2952,0.1437,2.34,ALERT
764.567,0.3369,0.1323,0.79,ALERT
764.6,0.3031,0.1822,1.39,ALERT
764.633,0.2859,0.189,1.73,ALERT
764.667,0.3377,0.1525,3.36,ALERT
764.7,0.3025,0.1698,3.63,ALERT
764.733,0.3127,0.0854,1.15,ALERT
764.767,0.1428,0.1374,2.28,ALERT
764.8,0.2993,0.088,3.7,ALERT
764.833,0.3277,0.1867,0.71,ALERT
764.867,0.3052,0.2107,3.99,ALERT
764.9,0.2987,0.1349,-0.96,ALERT
764.933,0.2913,0.1111,0.35,ALERT
764.967,0.3118,0.0878,0.36,ALERT
765.0,0.3303,0.1418,3.41,ALERT
765.033,0.3391,0.1268,-0.91,ALERT
765.067,0.2934,0.1039,0.96,ALERT
765.1,0.2939,0.1338,1.29,ALERT
765.133,0.3059,0.1545,-2.9,ALERT
765.167,0.2921,0.1161,-1.18,ALERT
765.2,0.2915,0.1655,3.27,ALERT
765.233,0.1783,0.2097,1.82,ALERT
765.267,0.2897,0.1744,-2.06,ALERT
765.3,0.3384,0.138,2.73,ALERT
765.333,0.3182,0.1168,-3.07,ALERT
765.367,0.2887,0.1563,-3.84,ALERT
765.4,0.3357,0.1168,1.06,ALERT
765.433,0.3123,0.1088,-0.62,ALERT
765.467,0.3016,0.1303,-1.46,ALERT
765.5,0.3181,0.09,3.88,ALERT
765.533,0.3037,0.2047,2.8,ALERT
765.567,0.3171,0.1815,-0.55,ALERT
765.6,0.3273,0.2196,0.87,ALERT
765.633,0.2844,0.2111,-3.58,ALERT
765.667,0.3196,0.1374,-3.29,ALERT
765.7,0.3384,0.1903,2.43,ALERT
765.733,0.3295,0.1591,-1.85,ALERT
765.767,0.3288,0.1311,0.34,ALERT
765.8,0.2877,0.0892,0.04,ALERT
765.833,0.3012,0.0998,2.3,ALERT
765.867,0.3157,0.217,-3.09,ALERT
765.9,0.2932,0.1251,-1.14,ALERT
765.933,0.2819,0.1578,-1.78,ALERT
765.967,0.3225,0.2116,-2.26,ALERT
766.0,0.3114,0.1818,3.61,ALERT
766.033,0.3389,0.2018,-2.04,ALERT
766.067,0.2949,0.2014,3.3,ALERT
766.1,0.3236,0.1663,-3.11,ALERT
766.133,0.3136,0.1988,-2.71,ALERT
766.167,0.2955,0.1976,0.29,ALERT
766.2,0.3014,0.1189,3.68,ALERT
766.233,0.3149,0.1726,-1.44,ALERT
766.267,0.3022,0.0896,1.91,ALERT
766.3,0.3194,0.1182,2.62,ALERT
766.333,0.3344,0.1217,-2.53,ALERT
766.367,0.2998,0.1466,-1.46,ALERT
766.4,0.3327,0.087,2.29,ALERT
766.433,0.2842,0.1813,0.84,ALERT
766.467,0.3055,0.2171,-3.88,ALERT
766.5,0.3357,0.1887,-0.24,ALERT
766.533,0.297,0.2044,-0.68,ALERT
766.567,0.2808,0.1436,-2.23,ALERT
766.6,0.3039,0.2177,-2.01,ALERT
766.633,0.1668,0.0904,1.12,ALERT
766.667,0.3187,0.1743,-3.05,ALERT
766.7,0.285,0.1356,3.29,ALERT
766.733,0.3245,0.1562,3.11,ALERT
766.767,0.3246,0.125,2.32,ALERT
766.8,0.3021,0.1045,0.02,ALERT
766.833,0.3337,0.1468,-2.49,ALERT
766.867,0.3389,0.1743,-2.35,ALERT
766.9,0.3166,0.0822,-2.01,ALERT
766.933,0.2874,0.1366,-3.77,ALERT
766.967,0.2817,0.21,-3.78,ALERT
767.0,0.2947,0.0926,-3.0,ALERT
767.033,0.3173,0.207,1.68,ALERT
767.067,0.3186,0.1819,-0.98,ALERT
767.1,0.3016,0.1139,3.55,ALERT
767.133,0.3266,0.1673,0.55,ALERT
767.167,0.2922,0.112,-0.08,ALERT
767.2,0.3176,0.1208,-3.71,ALERT
767.233,0.3065,0.1407,-3.46,ALERT
767.267,0.3045,0.095,0.33,ALERT
767.3,0.3244,0.1158,-1.83,ALERT
767.333,0.3236,0.2126,1.12,ALERT
767.367,0.3276,0.1411,0.36,ALERT
767.4,0.2925,0.1399,-3.01,ALERT
767.433,0.3393,0.1849,3.21,ALERT
767.467,0.3325,0.1126,-3.25,ALERT
767.5,0.3049,0.1181,-2.92,ALERT
767.533,0.3147,0.0938,0.91,ALERT
767.567,0.3183,0.1,-2.7,ALERT
767.6,0.3217,0.1315,-3.88,ALERT
767.633,0.3274,0.1338,3.66,ALERT
767.667,0.311,0.209,0.76,ALERT
767.7,0.2969,0.1015,-0.67,ALERT
767.733,0.3348,0.1022,0.19,ALERT
767.767,0.2805,0.1635,3.52,ALERT
767.8,0.3093,0.2041,2.15,ALERT
767.833,0.2848,0.0922,-1.78,ALERT
767.867,0.3395,0.1408,2.42,ALERT
767.9,0.2845,0.2199,2.55,ALERT
767.933,0.3289,0.1782,2.93,ALERT
767.967,0.3004,0.116,-2.92,ALERT
768.0,0.2961,0.1244,-3.23,ALERT
768.033,0.3071,0.0823,-2.25,ALERT
768.067,0.3002,0.2025,2.23,ALERT
768.1,0.3096,0.0804,-2.2,ALERT
768.133,0.2991,0.2168,0.37,ALERT
768.167,0.2931,0.2013,0.29,ALERT
768.2,0.3095,0.1012,0.6,ALERT
768.233,0.3144,0.1371,-3.94,ALERT
768.267,0.3179,0.14,-1.93,ALERT
768.3,0.3069,0.1524,2.73,ALERT
768.333,0.3171,0.1236,3.03,ALERT
768.367,0.3072,0.1315,-1.41,ALERT
768.4,0.284,0.1275,-3.15,ALERT
768.433,0.3143,0.1824,0.57,ALERT
768.467,0.3102,0.1443,-0.3,ALERT
768.5,0.2839,0.2056,0.17,ALERT
768.533,0.2853,0.1619,-3.3,ALERT
768.567,0.3305,0.0852,-2.38,ALERT
768.6,0.3094,0.1287,-3.26,ALERT
768.633,0.3106,0.1639,-3.59,ALERT
768.667,0.1229,0.1334,0.83,ALERT
768.7,0.3199,0.1879,-1.24,ALERT
768.733,0.2872,0.2052,3.83,ALERT
768.767,0.3223,0.1467,-1.2,ALERT
768.8,0.2987,0.0823,-3.98,ALERT
768.833,0.3168,0.0929,2.21,ALERT
768.867,0.2912,0.1571,3.6,ALERT
768.9,0.3051,0.2164,-1.12,ALERT
768.933,0.338,0.1869,-1.19,ALERT
768.967,0.3322,0.0879,-1.34,ALERT
769.0,0.3192,0.1537,-1.5,ALERT
769.033,0.3001,0.0815,0.65,ALERT
769.067,0.3362,0.1464,3.82,ALERT
769.1,0.3051,0.1111,1.24,ALERT
769.133,0.3197,0.1947,0.36,ALERT
769.167,0.3219,0.1267,-2.26,ALERT
769.2,0.3051,0.1956,-1.85,ALERT
769.233,0.3347,0.1982,0.08,ALERT
769.267,0.3361,0.1465,-1.33,ALERT
769.3,0.2878,0.1068,-2.55,ALERT
769.333,0.2941,0.2126,-3.69,ALERT
769.367,0.3035,0.0902,-1.76,ALERT
769.4,0.3399,0.1963,-3.21,ALERT
769.433,0.3076,0.1858,2.16,ALERT
769.467,0.3163,0.1154,4.0,ALERT
769.5,0.282,0.1705,2.91,ALERT
769.533,0.3268,0.1701,2.54,ALERT
769.567,0.3294,0.11,-1.67,ALERT
769.6,0.3151,0.1306,1.08,ALERT
769.633,0.328,0.138,0.63,ALERT
769.667,0.3352,0.2093,1.55,ALERT
769.7,0.2862,0.1471,2.46,ALERT
769.733,0.2843,0.2019,-0.8,ALERT
769.767,0.3186,0.1994,-0.01,ALERT
769.8,0.3222,0.2014,-2.72,ALERT
769.833,0.3091,0.1686,0.32,ALERT
769.867,0.314,0.1658,-1.0,ALERT
769.9,0.2964,0.1959,-2.67,ALERT
769.933,0.3332,0.2165,-2.77,ALERT
769.967,0.3361,0.0869,-3.68,ALERT
770.0,0.3162,0.2187,-1.01,ALERT
770.033,0.3244,0.116,-3.76,ALERT
770.067,0.3274,0.1311,2.51,ALERT
770.1,0.3208,0.1923,1.39,ALERT
770.133,0.3234,0.1387,-1.07,ALERT
770.167,0.3107,0.2111,-2.3,ALERT
770.2,0.3341,0.2053,-2.25,ALERT
770.233,0.2978,0.2185,-3.58,ALERT
770.267,0.2984,0.2188,-2.41,ALERT
770.3,0.17,0.1023,-0.83,ALERT
770.333,0.3172,0.1957,2.13,ALERT
770.367,0.283,0.186,-0.01,ALERT
770.4,0.3183,0.1499,3.47,ALERT
770.433,0.3293,0.1998,3.32,ALERT
770.467,0.2802,0.1364,-2.88,ALERT
770.5,0.3222,0.1591,3.45,ALERT
770.533,0.3092,0.2167,-0.14,ALERT
770.567,0.3343,0.1246,-1.14,ALERT
770.6,0.3235,0.2034,2.38,ALERT
770.633,0.3218,0.2022,2.19,ALERT
770.667,0.3211,0.1829,-0.98,ALERT
770.7,0.3111,0.16,1.04,ALERT
770.733,0.286,0.2131,-2.39,ALERT
770.767,0.2875,0.1998,1.03,ALERT
770.8,0.3263,0.2032,1.53,ALERT
770.833,0.3352,0.0927,-3.28,ALERT
770.867,0.2957,0.2179,0.11,ALERT
770.9,0.3269,0.1022,0.46,ALERT
770.933,0.29,0.089,0.72,ALERT
770.967,0.1701,0.1683,-0.97,ALERT
771.0,0.3344,0.1949,-1.68,ALERT
771.033,0.3358,0.2097,1.14,ALERT
771.067,0.2816,0.1129,-2.96,ALERT
771.1,0.3044,0.2081,3.33,ALERT
771.133,0.3147,0.117,3.23,ALERT
771.167,0.3319,0.1133,1.11,ALERT
771.2,0.2897,0.1831,-2.79,ALERT
771.233,0.3282,0.2138,-1.48,ALERT
771.267,0.335,0.181,0.55,ALERT
771.3,0.3001,0.0966,-3.11,ALERT
771.333,0.3314,0.2147,-0.32,ALERT
771.367,0.3249,0.2005,3.49,ALERT
771.4,0.338,0.2011,2.02,ALERT
771.433,0.2903,0.0835,0.49,ALERT
771.467,0.3396,0.1359,4.0,ALERT
771.5,0.3059,0.2118,-0.37,ALERT
771.533,0.3189,0.2179,-1.14,ALERT
771.567,0.3193,0.2143,2.48,ALERT
771.6,0.3208,0.1133,2.93,ALERT
771.633,0.3171,0.0876,-2.29,ALERT
771.667,0.1725,0.1439,-2.18,ALERT
771.7,0.3018,0.1067,3.33,ALERT
771.733,0.3367,0.1025,-0.15,ALERT
771.767,0.1406,0.1805,3.55,ALERT
771.8,0.3273,0.0879,2.66,ALERT
771.833,0.3131,0.1919,1.84,ALERT
771.867,0.3209,0.1754,3.53,ALERT
771.9,0.2926,0.1356,0.28,ALERT
771.933,0.3338,0.2032,2.38,ALERT
771.967,0.3018,0.0929,2.25,ALERT
772.0,0.2959,0.2055,-1.67,ALERT
772.033,0.3355,0.1319,-1.5,ALERT
772.067,0.3011,0.1518,-0.03,ALERT
772.1,0.3376,0.1583,-1.74,ALERT
772.133,0.3241,0.0978,1.88,ALERT
772.167,0.2947,0.187,0.41,ALERT
772.2,0.2858,0.1786,-3.48,ALERT
772.233,0.3249,0.0889,0.58,ALERT
772.267,0.3211,0.2032,0.47,ALERT
772.3,0.324,0.1305,2.66,ALERT
772.333,0.3256,0.1824,-2.97,ALERT
772.367,0.336,0.1307,-0.41,ALERT
772.4,0.29,0.1153,1.56,ALERT
772.433,0.2813,0.1144,-2.35,ALERT
772.467,0.3361,0.085,2.85,ALERT
772.5,0.2858,0.1648,3.49,ALERT
772.533,0.3249,0.1819,-0.46,ALERT
772.567,0.2947,0.1638,-0.53,ALERT
772.6,0.2872,0.1107,1.86,ALERT
772.633,0.3311,0.0847,0.34,ALERT
772.667,0.3088,0.1002,-3.6,ALERT
772.7,0.3304,0.1201,-0.1,ALERT
772.733,0.3265,0.1955,-3.19,ALERT
772.767,0.335,0.2171,-1.48,ALERT
772.8,0.3242,0.1459,3.98,ALERT
772.833,0.3385,0.2099,0.98,ALERT
772.867,0.3089,0.1259,3.82,ALERT
772.9,0.3096,0.0864,2.95,ALERT
772.933,0.2896,0.196,-1.09,ALERT
772.967,0.3128,0.0824,3.0,ALERT
773.0,0.1474,0.1992,-2.85,ALERT
773.033,0.2883,0.1741,-2.72,ALERT
773.067,0.2967,0.1729,1.58,ALERT
773.1,0.291,0.1415,3.3,ALERT
773.133,0.3063,0.204,-3.4,ALERT
773.167,0.3233,0.1535,3.01,ALERT
773.2,0.2955,0.1127,-1.21,ALERT
773.233,0.303,0.1694,3.81,ALERT
773.267,0.3077,0.1387,-1.26,ALERT
773.3,0.3251,0.1181,1.54,ALERT
773.333,0.3239,0.1314,-3.15,ALERT
773.367,0.3175,0.2089,-0.56,ALERT
773.4,0.3101,0.1975,-1.2,ALERT
773.433,0.287,0.1206,-3.06,ALERT
773.467,0.3336,0.1565,0.3,ALERT
773.5,0.3331,0.1803,0.05,ALERT
773.533,0.2825,0.1687,3.22,ALERT
773.567,0.3001,0.1939,2.1,ALERT
773.6,0.3072,0.2117,-0.5,ALERT
773.633,0.3055,0.1287,2.82,ALERT
773.667,0.2943,0.157,-3.11,ALERT
773.7,0.2858,0.2044,-2.95,ALERT
773.733,0.3129,0.1808,-3.62,ALERT
773.767,0.2969,0.1906,-1.15,ALERT
773.8,0.3053,0.1983,-3.59,ALERT
773.833,0.3066,0.2062,-0.61,ALERT
773.867,0.2997,0.1942,-3.52,ALERT
773.9,0.3212,0.1958,2.36,ALERT
773.933,0.2987,0.1507,1.59,ALERT
773.967,0.3267,0.1553,1.95,ALERT
774.0,0.3144,0.0946,-2.68,ALERT
774.033,0.2929,0.1526,2.59,ALERT
774.067,0.3179,0.1591,1.48,ALERT
774.1,0.298,0.1613,1.35,ALERT
774.133,0.3259,0.147,2.88,ALERT
774.167,0.336,0.137,-3.23,ALERT
774.2,0.3073,0.1989,-0.77,ALERT
774.233,0.2979,0.1128,-1.99,ALERT
774.267,0.2823,0.1751,-0.63,ALERT
774.3,0.2968,0.2069,3.19,ALERT
774.333,0.3219,0.2123,-1.84,ALERT
774.367,0.301,0.1335,0.36,ALERT
774.4,0.3244,0.2144,-0.58,ALERT
774.433,0.2896,0.089,1.88,ALERT
774.467,0.3294,0.1367,3.38,ALERT
774.5,0.3371,0.1334,3.5,ALERT
774.533,0.3353,0.1951,0.01,ALERT
774.567,0.2963,0.1832,-2.4,ALERT
774.6,0.3185,0.0995,1.93,ALERT
774.633,0.3041,0.1512,-3.77,ALERT
774.667,0.3184,0.0926,-3.39,ALERT
774.7,0.3295,0.1093,-3.03,ALERT
774.733,0.3012,0.1263,-0.26,ALERT
774.767,0.2806,0.1342,-0.25,ALERT
774.8,0.3002,0.0931,0.76,ALERT
774.833,0.3384,0.1382,0.83,ALERT
774.867,0.3144,0.0939,1.27,ALERT
774.9,0.3101,0.1037,-0.08,ALERT
774.933,0.3269,0.1423,3.91,ALERT
774.967,0.2944,0.1048,2.06,ALERT
775.0,0.2939,0.1829,1.09,ALERT
775.033,0.3273,0.1655,-3.3,ALERT
775.067,0.3154,0.1348,1.77,ALERT
775.1,0.3377,0.1968,-0.2,ALERT
775.133,0.3141,0.2108,-1.4,ALERT
775.167,0.3147,0.1902,-2.35,ALERT
775.2,0.3224,0.1507,-2.69,ALERT
775.233,0.2817,0.217,-3.92,ALERT
775.267,0.3254,0.1535,3.55,ALERT
775.3,0.303,0.1107,3.45,ALERT
775.333,0.3275,0.1398,1.35,ALERT
775.367,0.3054,0.1231,2.65,ALERT
775.4,0.3117,0.209,-3.31,ALERT
775.433,0.2975,0.1702,-0.41,ALERT
775.467,0.2967,0.1953,-1.18,ALERT
775.5,0.3317,0.163,-2.45,ALERT
775.533,0.2933,0.18,-0.93,ALERT
775.567,0.2917,0.0848,0.39,ALERT
775.6,0.3193,0.0994,2.48,ALERT
775.633,0.3159,0.1944,2.51,ALERT
775.667,0.3243,0.2016,-3.93,ALERT
775.7,0.3101,0.1085,0.94,ALERT
775.733,0.3051,0.0815,3.55,ALERT
775.767,0.3131,0.0905,3.58,ALERT
775.8,0.3334,0.1832,-2.16,ALERT
775.833,0.3126,0.1985,-3.92,ALERT
775.867,0.3393,0.2172,2.97,ALERT
775.9,0.2888,0.1604,-2.57,ALERT
775.933,0.2979,0.1819,0.97,ALERT
775.967,0.2823,0.1546,-3.42,ALERT
776.0,0.3389,0.1478,3.63,ALERT
776.033,0.3279,0.1225,1.68,ALERT
776.067,0.3355,0.0896,3.7,ALERT
776.1,0.3003,0.1732,1.57,ALERT
776.133,0.2876,0.1837,3.83,ALERT
776.167,0.2856,0.1876,0.35,ALERT
776.2,0.2906,0.1037,3.28,ALERT
776.233,0.3309,0.1291,-1.21,ALERT
776.267,0.3286,0.0927,-3.7,ALERT
776.3,0.3164,0.217,2.93,ALERT
776.333,0.307,0.1949,2.79,ALERT
776.367,0.1424,0.1886,1.18,ALERT
776.4,0.3171,0.1893,-3.26,ALERT
776.433,0.2919,0.214,-0.36,ALERT
776.467,0.3289,0.2124,-2.92,ALERT
776.5,0.2962,0.1699,-0.3,ALERT
776.533,0.2896,0.1541,-1.27,ALERT
776.567,0.3023,0.2086,-3.11,ALERT
776.6,0.3027,0.1737,1.1,ALERT
776.633,0.3192,0.1159,-3.38,ALERT
776.667,0.2841,0.0929,-2.16,ALERT
776.7,0.2844,0.1361,-0.3,ALERT
776.733,0.3125,0.1375,0.54,ALERT
776.767,0.3303,0.1964,-3.84,ALERT
776.8,0.3132,0.1937,1.78,ALERT
776.833,0.338,0.1787,-0.5,ALERT
776.867,0.3284,0.132,-0.1,ALERT
776.9,0.3198,0.1062,3.54,ALERT
776.933,0.3067,0.2022,0.61,ALERT
776.967,0.3081,0.1952,1.37,ALERT
777.0,0.2891,0.0851,-0.05,ALERT
777.033,0.339,0.0925,-0.77,ALERT
777.067,0.3209,0.0882,-1.06,ALERT
777.1,0.2848,0.1498,-2.19,ALERT
777.133,0.3053,0.1489,1.69,ALERT
777.167,0.2883,0.1446,0.2,ALERT
777.2,0.3279,0.1912,2.38,ALERT
777.233,0.3068,0.0998,0.7,ALERT
777.267,0.3049,0.1468,-2.75,ALERT
777.3,0.3138,0.1635,-0.32,ALERT
777.333,0.3046,0.0938,-3.62,ALERT
777.367,0.2985,0.1802,-1.79,ALERT
777.4,0.3064,0.1701,-2.59,ALERT
777.433,0.3092,0.2049,2.3,ALERT
777.467,0.337,0.0966,1.16,ALERT
777.5,0.3007,0.2195,0.28,ALERT
777.533,0.3253,0.1291,-3.75,ALERT
777.567,0.3363,0.1236,0.91,ALERT
777.6,0.2872,0.1982,1.89,ALERT
777.633,0.2877,0.144,3.88,ALERT
777.667,0.2922,0.1276,-0.37,ALERT
777.7,0.2967,0.1819,0.92,ALERT
777.733,0.2965,0.2154,2.17,ALERT
777.767,0.3253,0.1962,2.67,ALERT
777.8,0.2954,0.2174,0.6,ALERT
777.833,0.3016,0.0966,1.26,ALERT
777.867,0.2896,0.119,0.37,ALERT
777.9,0.3217,0.1975,1.65,ALERT
777.933,0.3369,0.0965,1.35,ALERT
777.967,0.3036,0.1531,-0.09,ALERT
778.0,0.2832,0.2199,-2.35,ALERT
778.033,0.3366,0.1338,-3.34,ALERT
778.067,0.3015,0.1605,-1.27,ALERT
778.1,0.335,0.1758,-2.1,ALERT
778.133,0.3115,0.1215,2.11,ALERT
778.167,0.3058,0.1602,3.81,ALERT
778.2,0.3356,0.1126,-2.82,ALERT
778.233,0.3116,0.2037,2.71,ALERT
778.267,0.1442,0.1375,-1.63,ALERT
778.3,0.3177,0.1377,0.36,ALERT
778.333,0.2835,0.1638,-2.2,ALERT
778.367,0.3365,0.0878,1.69,ALERT
778.4,0.3195,0.2075,2.67,ALERT
778.433,0.3342,0.1695,1.96,ALERT
778.467,0.3176,0.1971,-3.75,ALERT
778.5,0.3331,0.1181,2.7,ALERT
778.533,0.2831,0.1383,2.24,ALERT
778.567,0.2989,0.215,-0.06,ALERT
778.6,0.2904,0.1569,-3.4,ALERT
778.633,0.2934,0.116,1.9,ALERT
778.667,0.3303,0.1756,2.08,ALERT
778.7,0.3398,0.0849,-1.94,ALERT
778.733,0.3148,0.0841,-3.15,ALERT
778.767,0.3374,0.1326,2.04,ALERT
778.8,0.3035,0.0932,0.9,ALERT
778.833,0.2912,0.0971,-0.44,ALERT
778.867,0.289,0.1112,1.16,ALERT
778.9,0.3193,0.1073,-1.03,ALERT
778.933,0.3032,0.2104,1.75,ALERT
778.967,0.3318,0.2079,0.62,ALERT
779.0,0.2914,0.0962,-0.52,ALERT
779.033,0.306,0.0968,2.49,ALERT
779.067,0.3248,0.0815,0.16,ALERT
779.1,0.3337,0.0803,-1.56,ALERT
779.133,0.3112,0.1476,2.79,ALERT
779.167,0.2918,0.1992,2.83,ALERT
779.2,0.3178,0.148,-0.65,ALERT
779.233,0.2972,0.132,2.97,ALERT
779.267,0.2872,0.1538,-1.78,ALERT
779.3,0.3356,0.0841,0.63,ALERT
779.333,0.1627,0.1979,1.79,ALERT
779.367,0.3191,0.0964,-0.56,ALERT
779.4,0.3151,0.2198,1.13,ALERT
779.433,0.2869,0.181,-3.51,ALERT
779.467,0.3247,0.2053,1.22,ALERT
779.5,0.3083,0.1096,3.07,ALERT
779.533,0.3248,0.1319,-2.35,ALERT
779.567,0.3162,0.0966,2.23,ALERT
779.6,0.328,0.22,-1.08,ALERT
779.633,0.3036,0.1301,3.5,ALERT
779.667,0.3013,0.1704,-3.56,ALERT
779.7,0.3293,0.163,3.95,ALERT
779.733,0.2926,0.1986,1.48,ALERT
779.767,0.2841,0.1344,-3.52,ALERT
779.8,0.3254,0.1401,-0.63,ALERT
779.833,0.2866,0.1681,1.96,ALERT
779.867,0.329,0.0953,-0.84,ALERT
779.9,0.3098,0.1982,2.92,ALERT
779.933,0.2875,0.136,-3.51,ALERT
779.967,0.3347,0.0951,-2.88,ALERT
780.0,0.3082,0.1163,2.08,ALERT
780.033,0.3201,0.1373,-1.61,ALERT
780.067,0.3315,0.19,1.6,ALERT
780.1,0.2862,0.2035,-3.28,ALERT
780.133,0.3196,0.2023,1.44,ALERT
780.167,0.306,0.084,3.36,ALERT
780.2,0.2867,0.1923,-3.71,ALERT
780.233,0.2851,0.1422,-3.38,ALERT
780.267,0.3384,0.1595,3.91,ALERT
780.3,0.3135,0.1056,-2.95,ALERT
780.333,0.3214,0.2003,-2.41,ALERT
780.367,0.3283,0.1983,-3.05,ALERT
780.4,0.3294,0.1144,-0.8,ALERT
780.433,0.329,0.1894,-1.23,ALERT
780.467,0.2982,0.1273,1.47,ALERT
780.5,0.2917,0.1195,2.12,ALERT
780.533,0.3046,0.1206,1.73,ALERT
780.567,0.3335,0.1249,3.12,ALERT
780.6,0.2833,0.1402,3.99,ALERT
780.633,0.2861,0.1445,-1.46,ALERT
780.667,0.3067,0.1789,3.22,ALERT
780.7,0.3077,0.2186,1.99,ALERT
780.733,0.2822,0.214,-2.84,ALERT
780.767,0.332,0.1663,1.09,ALERT
780.8,0.3311,0.0896,-3.12,ALERT
780.833,0.3056,0.1511,2.93,ALERT
780.867,0.329,0.1747,2.13,ALERT
780.9,0.3222,0.1745,-3.29,ALERT
780.933,0.3152,0.0999,-2.86,ALERT
780.967,0.296,0.1603,-2.1,ALERT
781.0,0.3317,0.1354,2.43,ALERT
781.033,0.3099,0.1517,1.04,ALERT
781.067,0.3223,0.1322,3.9,ALERT
781.1,0.3122,0.1142,-0.04,ALERT
781.133,0.2839,0.206,-1.92,ALERT
781.167,0.1453,0.1717,-3.13,ALERT
781.2,0.2902,0.1035,0.09,ALERT
781.233,0.3082,0.0836,3.96,ALERT
781.267,0.3132,0.1825,2.97,ALERT
781.3,0.3192,0.1712,-3.85,ALERT
781.333,0.3315,0.1974,-2.3,ALERT
781.367,0.3136,0.2061,2.9,ALERT
781.4,0.2893,0.1161,3.69,ALERT
781.433,0.3004,0.1357,2.65,ALERT
781.467,0.3297,0.1487,0.46,ALERT
781.5,0.3221,0.1166,2.7,ALERT
781.533,0.1741,0.1575,3.38,ALERT
781.567,0.3249,0.2119,3.69,ALERT
781.6,0.2801,0.169,-2.02,ALERT
781.633,0.3297,0.1175,-1.69,ALERT
781.667,0.3108,0.0853,-2.15,ALERT
781.7,0.3165,0.1039,-3.56,ALERT
781.733,0.3272,0.1148,3.98,ALERT
781.767,0.2819,0.1842,0.12,ALERT
781.8,0.3328,0.2096,2.97,ALERT
781.833,0.3016,0.2063,-1.59,ALERT
781.867,0.299,0.1762,0.81,ALERT
781.9,0.3022,0.2092,-1.63,ALERT
781.933,0.2968,0.179,1.04,ALERT
781.967,0.3219,0.1796,-0.18,ALERT
782.0,0.2873,0.1545,1.11,ALERT
782.033,0.2942,0.098,2.4,ALERT
782.067,0.3271,0.1152,-0.14,ALERT
782.1,0.3237,0.1421,-0.38,ALERT
782.133,0.1506,0.1715,3.43,ALERT
782.167,0.2941,0.0931,2.86,ALERT
782.2,0.2816,0.2076,-3.85,ALERT
782.233,0.3242,0.1974,-0.9,ALERT
782.267,0.2869,0.1909,1.41,ALERT
782.3,0.1591,0.2064,-0.57,ALERT
782.333,0.3219,0.162,-3.78,ALERT
782.367,0.3399,0.1711,2.95,ALERT
782.4,0.3054,0.0942,-2.92,ALERT
782.433,0.3205,0.1006,3.97,ALERT
782.467,0.2904,0.1025,1.25,ALERT
782.5,0.3351,0.0982,-2.27,ALERT
782.533,0.3316,0.1428,0.33,ALERT
782.567,0.2811,0.0871,3.5,ALERT
782.6,0.2953,0.2109,0.12,ALERT
782.633,0.3303,0.1265,3.79,ALERT
782.667,0.3203,0.1331,-2.45,ALERT
782.7,0.3004,0.0941,-3.68,ALERT
782.733,0.3124,0.1799,0.45,ALERT
782.767,0.324,0.0945,1.66,ALERT
782.8,0.3191,0.151,3.47,ALERT
782.833,0.2941,0.1058,0.95,ALERT
782.867,0.3142,0.1472,2.73,ALERT
782.9,0.1181,0.3643,-12.66,DROWSY
782.933,0.1088,0.3551,-17.55,DROWSY
782.967,0.1351,0.2927,-12.9,DROWSY
783.0,0.1268,0.1813,-11.6,DROWSY
783.033,0.1249,0.3247,-12.26,DROWSY
783.067,0.1371,0.3461,-12.59,DROWSY
783.1,0.1302,0.1549,-17.23,DROWSY
783.133,0.1266,0.2441,-13.38,DROWSY
783.167,0.1255,0.2801,-17.74,DROWSY
783.2,0.1007,0.2906,-14.14,DROWSY
783.233,0.1609,0.33,-14.9,DROWSY
783.267,0.1558,0.3271,-10.32,DROWSY
783.3,0.1066,0.3943,-14.19,DROWSY
783.333,0.1233,0.1998,-11.36,DROWSY
783.367,0.1012,0.2241,-12.21,DROWSY
783.4,0.1458,0.2616,-16.4,DROWSY
783.433,0.1331,0.2179,-15.56,DROWSY
783.467,0.1606,0.2682,-13.06,DROWSY
783.5,0.1085,0.2276,-12.06,DROWSY
783.533,0.1208,0.2767,-15.2,DROWSY
783.567,0.1537,0.3889,-14.85,DROWSY
783.6,0.1397,0.1847,-12.47,DROWSY
783.633,0.1571,0.2288,-10.59,DROWSY
783.667,0.1178,0.3708,-12.95,DROWSY
783.7,0.1311,0.2884,-11.6,DROWSY
783.733,0.1668,0.3304,-11.18,DROWSY
783.767,0.1285,0.2977,-12.16,DROWSY
783.8,0.1227,0.2654,-14.75,DROWSY
783.833,0.1245,0.267,-13.34,DROWSY
783.867,0.1253,0.3157,-15.83,DROWSY
783.9,0.1089,0.1514,-17.07,DROWSY
783.933,0.1307,0.3544,-14.55,DROWSY
783.967,0.149,0.2868,-15.56,DROWSY
784.0,0.1073,0.2716,-13.67,DROWSY
784.033,0.1344,0.1571,-13.69,DROWSY
784.067,0.1247,0.2675,-14.27,DROWSY
784.1,0.1158,0.3776,-12.3,DROWSY
784.133,0.1088,0.3626,-13.03,DROWSY
784.167,0.1483,0.3286,-16.21,DROWSY
784.2,0.1377,0.1857,-10.72,DROWSY
784.233,0.1266,0.1875,-15.28,DROWSY
784.267,0.1646,0.2643,-12.62,DROWSY
784.3,0.1593,0.3846,-13.37,DROWSY
784.333,0.1495,0.1608,-14.99,DROWSY
784.367,0.1454,0.1515,-16.55,DROWSY
784.4,0.1202,0.1859,-12.33,DROWSY
784.433,0.1093,0.2199,-12.87,DROWSY
784.467,0.1465,0.1605,-15.62,DROWSY
784.5,0.1609,0.216,-10.41,DROWSY
784.533,0.1002,0.1934,-12.01,DROWSY
784.567,0.1201,0.3165,-10.69,DROWSY
784.6,0.1508,0.3625,-13.53,DROWSY
784.633,0.1529,0.3246,-11.54,DROWSY
784.667,0.1581,0.2671,-12.7,DROWSY
784.7,0.1573,0.2285,-15.36,DROWSY
784.733,0.1034,0.3844,-16.56,DROWSY
784.767,0.1173,0.2541,-14.65,DROWSY
784.8,0.1068,0.2463,-15.74,DROWSY
784.833,0.1691,0.159,-13.41,DROWSY
784.867,0.1614,0.3631,-17.87,DROWSY
784.9,0.145,0.2844,-13.73,DROWSY
784.933,0.1674,0.1907,-10.06,DROWSY
784.967,0.1541,0.1553,-11.96,DROWSY
785.0,0.1637,0.3708,-16.08,DROWSY
785.033,0.1031,0.2953,-10.06,DROWSY
785.067,0.1247,0.2295,-12.89,DROWSY
785.1,0.1248,0.1713,-15.83,DROWSY
785.133,0.1157,0.1971,-13.3,DROWSY
785.167,0.1201,0.3575,-15.75,DROWSY
785.2,0.1013,0.2806,-14.09,DROWSY
785.233,0.1417,0.3228,-16.81,DROWSY
785.267,0.1523,0.3695,-10.31,DROWSY
785.3,0.1337,0.2317,-17.05,DROWSY
785.333,0.1246,0.2212,-12.95,DROWSY
785.367,0.1445,0.3714,-17.7,DROWSY
785.4,0.1354,0.1773,-11.09,DROWSY
785.433,0.1624,0.2725,-12.18,DROWSY
785.467,0.113,0.2276,-14.7,DROWSY
785.5,0.1143,0.1749,-16.71,DROWSY
785.533,0.1252,0.2738,-16.48,DROWSY
785.567,0.1194,0.1602,-12.56,DROWSY
785.6,0.1383,0.3949,-17.36,DROWSY
785.633,0.1138,0.3575,-10.31,DROWSY
785.667,0.1227,0.1759,-17.32,DROWSY
785.7,0.1259,0.2355,-12.93,DROWSY
785.733,0.1214,0.1838,-13.63,DROWSY
785.767,0.145,0.3899,-17.93,DROWSY
785.8,0.1381,0.3188,-10.79,DROWSY
785.833,0.1156,0.1545,-16.12,DROWSY
785.867,0.1282,0.2808,-12.64,DROWSY
785.9,0.1387,0.2203,-14.06,DROWSY
785.933,0.1364,0.3788,-10.87,DROWSY
785.967,0.1187,0.331,-12.12,DROWSY
786.0,0.1271,0.3476,-15.18,DROWSY
786.033,0.1212,0.275,-13.08,DROWSY
786.067,0.1673,0.2753,-12.34,DROWSY
786.1,0.1294,0.1573,-16.11,DROWSY
786.133,0.1199,0.2928,-11.76,DROWSY
786.167,0.1413,0.3101,-12.24,DROWSY
786.2,0.1586,0.2896,-14.93,DROWSY
786.233,0.1027,0.3491,-10.62,DROWSY
786.267,0.1598,0.2942,-12.56,DROWSY
786.3,0.1085,0.3665,-17.95,DROWSY
786.333,0.1477,0.3184,-17.0,DROWSY
786.367,0.1653,0.2838,-11.34,DROWSY
786.4,0.1056,0.161,-11.78,DROWSY
786.433,0.1114,0.3603,-14.26,DROWSY
786.467,0.117,0.2634,-12.6,DROWSY
786.5,0.1199,0.3852,-17.99,DROWSY
786.533,0.1386,0.281,-12.95,DROWSY
786.567,0.3223,0.1304,-3.31,ALERT
786.6,0.3182,0.1259,0.01,ALERT
786.633,0.3338,0.1199,2.77,ALERT
786.667,0.3283,0.1185,-3.83,ALERT
786.7,0.2881,0.0836,-2.16,ALERT
786.733,0.3158,0.2128,0.68,ALERT
786.767,0.3106,0.1785,-0.22,ALERT
786.8,0.2948,0.2059,-3.07,ALERT
786.833,0.2814,0.17,3.99,ALERT
786.867,0.3056,0.1026,-2.85,ALERT
786.9,0.2961,0.1976,-0.33,ALERT
786.933,0.3335,0.1595,2.09,ALERT
786.967,0.3215,0.1035,1.0,ALERT
787.0,0.3004,0.0826,0.11,ALERT
787.033,0.3258,0.2156,0.65,ALERT
787.067,0.3034,0.1167,-1.59,ALERT
787.1,0.2958,0.1835,-2.66,ALERT
787.133,0.2877,0.0893,0.84,ALERT
787.167,0.3042,0.1766,0.34,ALERT
787.2,0.3245,0.1782,0.63,ALERT
787.233,0.3302,0.0834,-3.77,ALERT
787.267,0.3372,0.1202,3.0,ALERT
787.3,0.3275,0.1834,-0.2,ALERT
787.333,0.3329,0.2123,3.2,ALERT
787.367,0.1244,0.1222,0.34,ALERT
787.4,0.3174,0.1224,2.49,ALERT
787.433,0.2859,0.0913,1.61,ALERT
787.467,0.3002,0.2169,-1.83,ALERT
787.5,0.3073,0.2112,1.24,ALERT
787.533,0.2856,0.188,3.1,ALERT
787.567,0.3264,0.1364,1.18,ALERT
787.6,0.1603,0.1307,3.13,ALERT
787.633,0.2862,0.1925,-1.72,ALERT
787.667,0.2916,0.1066,-3.91,ALERT
787.7,0.308,0.1009,-2.22,ALERT
787.733,0.3167,0.1715,-0.06,ALERT
787.767,0.3107,0.1064,0.85,ALERT
787.8,0.3224,0.1132,2.17,ALERT
787.833,0.3393,0.1646,3.43,ALERT
787.867,0.3346,0.216,-0.74,ALERT
787.9,0.2875,0.1695,2.95,ALERT
787.933,0.3079,0.1068,2.53,ALERT
787.967,0.3384,0.1941,2.06,ALERT
788.0,0.3129,0.2185,-3.01,ALERT
788.033,0.3107,0.0993,1.87,ALERT
788.067,0.2888,0.1382,-1.55,ALERT
788.1,0.2857,0.204,3.32,ALERT
788.133,0.3351,0.1535,2.53,ALERT
788.167,0.3155,0.0896,0.9,ALERT
788.2,0.3242,0.2049,0.32,ALERT
788.233,0.3026,0.1696,-1.5,ALERT
788.267,0.2887,0.2051,-2.78,ALERT
788.3,0.2842,0.1947,1.42,ALERT
788.333,0.3284,0.1988,-2.04,ALERT
788.367,0.324,0.1779,3.72,ALERT
788.4,0.2899,0.0983,-3.87,ALERT
788.433,0.312,0.1795,3.88,ALERT
788.467,0.3372,0.211,-0.9,ALERT
788.5,0.3065,0.139,0.61,ALERT
788.533,0.3292,0.0981,0.33,ALERT
788.567,0.3335,0.102,-1.72,ALERT
788.6,0.2831,0.0978,-2.03,ALERT
788.633,0.307,0.2068,-1.36,ALERT
788.667,0.2942,0.1646,0.43,ALERT
788.7,0.3036,0.1466,2.81,ALERT
788.733,0.3186,0.1463,-2.84,ALERT
788.767,0.3141,0.1052,-3.29,ALERT
788.8,0.2953,0.159,-2.13,ALERT
788.833,0.3329,0.2094,-3.01,ALERT
788.867,0.2915,0.1276,-3.41,ALERT
788.9,0.2996,0.2087,1.6,ALERT
788.933,0.2983,0.1319,2.62,ALERT
788.967,0.3157,0.0862,-1.89,ALERT
789.0,0.3163,0.1727,-1.83,ALERT
789.033,0.2832,0.129,3.95,ALERT
789.067,0.2835,0.1872,1.27,ALERT
789.1,0.3037,0.1655,2.75,ALERT
789.133,0.2964,0.1624,1.81,ALERT
789.167,0.31,0.1246,-2.19,ALERT
789.2,0.3042,0.191,3.45,ALERT
789.233,0.3303,0.1288,0.58,ALERT
789.267,0.2865,0.1606,-1.77,ALERT
789.3,0.3346,0.1596,-3.29,ALERT
789.333,0.3034,0.0834,-0.71,ALERT
789.367,0.3299,0.1275,-0.83,ALERT
789.4,0.2994,0.1109,-1.01,ALERT
789.433,0.3336,0.1986,-2.44,ALERT
789.467,0.3128,0.2044,-3.43,ALERT
789.5,0.3373,0.0834,-0.27,ALERT
789.533,0.3378,0.2171,3.33,ALERT
789.567,0.3286,0.1599,-1.04,ALERT
789.6,0.2875,0.2141,-1.19,ALERT
789.633,0.3089,0.1491,0.9,ALERT
789.667,0.3366,0.1387,-0.88,ALERT
789.7,0.3336,0.1153,0.69,ALERT
789.733,0.2963,0.2143,1.97,ALERT
789.767,0.3297,0.2037,-1.36,ALERT
789.8,0.3065,0.0949,0.16,ALERT
789.833,0.3161,0.1151,-3.97,ALERT
789.867,0.2998,0.0991,0.53,ALERT
789.9,0.2849,0.0809,3.17,ALERT
789.933,0.2997,0.0946,0.27,ALERT
789.967,0.283,0.2108,3.04,ALERT
790.0,0.2842,0.1959,-2.9,ALERT
790.033,0.3146,0.1654,0.84,ALERT
790.067,0.3268,0.2197,-0.87,ALERT
790.1,0.2949,0.0911,2.56,ALERT
790.133,0.3073,0.138,1.46,ALERT
790.167,0.2815,0.1549,-3.65,ALERT
790.2,0.3208,0.13,2.39,ALERT
790.233,0.3298,0.2182,-1.46,ALERT
790.267,0.2895,0.1558,2.51,ALERT
790.3,0.2884,0.2174,-3.27,ALERT
790.333,0.3261,0.0954,-1.58,ALERT
790.367,0.3294,0.1532,-0.37,ALERT
790.4,0.2843,0.0816,-0.12,ALERT
790.433,0.2962,0.1254,1.99,ALERT
790.467,0.3383,0.1997,-1.96,ALERT
790.5,0.2836,0.1915,2.63,ALERT
790.533,0.3328,0.1756,-1.42,ALERT
790.567,0.2832,0.0905,-0.76,ALERT
790.6,0.3195,0.0903,0.83,ALERT
790.633,0.3061,0.1994,-3.01,ALERT
790.667,0.3341,0.1425,-1.17,ALERT
790.7,0.301,0.1143,1.28,ALERT
790.733,0.314,0.1669,1.51,ALERT
790.767,0.2854,0.1901,-3.98,ALERT
790.8,0.3288,0.1874,3.47,ALERT
790.833,0.3016,0.1573,0.1,ALERT
790.867,0.2882,0.0844,2.3,ALERT
790.9,0.2815,0.0956,-1.44,ALERT
790.933,0.3139,0.0855,3.12,ALERT
790.967,0.3347,0.2074,2.26,ALERT
791.0,0.3372,0.1596,2.41,ALERT
791.033,0.3298,0.2025,-1.08,ALERT
791.067,0.1641,0.1879,1.14,ALERT
791.1,0.3108,0.1893,-1.67,ALERT
791.133,0.3148,0.1327,1.85,ALERT
791.167,0.2889,0.1367,-0.51,ALERT
791.2,0.293,0.1235,-3.59,ALERT
791.233,0.3216,0.0816,-1.5,ALERT
791.267,0.3361,0.2024,2.74,ALERT
791.3,0.2873,0.1485,-1.36,ALERT
791.333,0.313,0.2065,-0.64,ALERT
791.367,0.3376,0.1939,-2.28,ALERT
791.4,0.3025,0.0819,-2.44,ALERT
791.433,0.3174,0.1447,0.13,ALERT
791.467,0.3145,0.1992,-2.7,ALERT
791.5,0.3132,0.0817,0.3,ALERT
791.533,0.2907,0.0995,-1.8,ALERT
791.567,0.2885,0.1401,-3.15,ALERT
791.6,0.281,0.1766,0.37,ALERT
791.633,0.3335,0.2012,2.78,ALERT
791.667,0.3066,0.1038,-0.89,ALERT
791.7,0.3044,0.1106,-3.61,ALERT
791.733,0.3093,0.2157,-0.58,ALERT
791.767,0.3214,0.113,2.92,ALERT
791.8,0.331,0.1297,-0.69,ALERT
791.833,0.1663,0.2056,1.47,ALERT
791.867,0.3002,0.1675,-2.93,ALERT
791.9,0.2966,0.1142,-2.93,ALERT
791.933,0.3211,0.1788,-0.02,ALERT
791.967,0.2182,0.8288,-4.28,WARNING
792.0,0.2041,0.7661,-6.92,WARNING
792.033,0.2006,0.6757,-0.47,WARNING
792.067,0.2595,0.7806,-6.27,WARNING
792.1,0.2225,0.6016,-1.67,WARNING
792.133,0.2124,0.27,-3.95,WARNING
792.167,0.2598,0.6772,-3.78,WARNING
792.2,0.2047,0.2813,-5.15,WARNING
792.233,0.225,0.207,-7.26,WARNING
792.267,0.2119,0.7103,-0.01,WARNING
792.3,0.2268,0.6303,-2.35,WARNING
792.333,0.2166,0.2505,-4.49,WARNING
792.367,0.2006,0.2114,-2.94,WARNING
792.4,0.2437,0.6377,-1.25,WARNING
792.433,0.1919,0.2647,-6.17,WARNING
792.467,0.2224,0.6581,-2.97,WARNING
792.5,0.2098,0.7226,-4.88,WARNING
792.533,0.2072,0.2993,-1.11,WARNING
792.567,0.1939,0.1918,-3.78,WARNING
792.6,0.1945,0.2725,-3.95,WARNING
792.633,0.205,0.8208,-4.17,WARNING
792.667,0.2053,0.2013,-7.85,WARNING
792.7,0.2326,0.8086,-6.78,WARNING
792.733,0.2435,0.8086,-7.21,WARNING
792.767,0.2185,0.271,-1.99,WARNING
792.8,0.2399,0.6241,-5.57,WARNING
792.833,0.2516,0.8038,-5.31,WARNING
792.867,0.2009,0.706,-6.44,WARNING
792.9,0.1973,0.2973,-0.44,WARNING
792.933,0.2048,0.7513,-4.03,WARNING
792.967,0.1948,0.1825,-0.28,WARNING
793.0,0.2555,0.6249,-6.31,WARNING
793.033,0.2139,0.7853,-0.32,WARNING
793.067,0.2067,0.7771,-5.81,WARNING
793.1,0.2221,0.2645,-2.25,WARNING
793.133,0.2254,0.2443,-0.42,WARNING
793.167,0.1962,0.1503,-4.44,WARNING
793.2,0.1918,0.2616,-0.18,WARNING
793.233,0.2442,0.6965,-2.88,WARNING
793.267,0.2368,0.6693,-3.19,WARNING
793.3,0.2136,0.6709,-4.45,WARNING
793.333,0.2151,0.2608,-3.35,WARNING
793.367,0.2448,0.6258,-4.07,WARNING
793.4,0.192,0.1721,-4.89,WARNING
793.433,0.1987,0.2121,-3.79,WARNING
793.467,0.1921,0.2901,-6.67,WARNING
793.5,0.2235,0.7426,-0.81,WARNING
793.533,0.2165,0.2438,-0.91,WARNING
793.567,0.2498,0.6102,-0.97,WARNING
793.6,0.2256,0.8461,-0.69,WARNING
793.633,0.2264,0.2807,-7.63,WARNING
793.667,0.1969,0.1762,-1.23,WARNING
793.7,0.2184,0.2717,-4.57,WARNING
793.733,0.245,0.6555,-2.83,WARNING
793.767,0.1948,0.1923,-4.42,WARNING
793.8,0.2484,0.6564,-6.3,WARNING
793.833,0.2272,0.6503,-2.75,WARNING
793.867,0.2079,0.2341,-6.84,WARNING
793.9,0.2539,0.7178,-1.71,WARNING
793.933,0.2252,0.234,-4.27,WARNING
793.967,0.2035,0.683,-7.59,WARNING
794.0,0.1983,0.2029,-4.17,WARNING
794.033,0.2536,0.7056,-1.42,WARNING
794.067,0.225,0.836,-7.99,WARNING
794.1,0.2197,0.2587,-2.53,WARNING
794.133,0.2599,0.655,-1.08,WARNING
794.167,0.215,0.8296,-2.49,WARNING
794.2,0.2138,0.7879,-0.38,WARNING
794.233,0.2563,0.714,-3.89,WARNING
794.267,0.2003,0.2177,-7.38,WARNING
794.3,0.2022,0.8207,-1.83,WARNING
794.333,0.1927,0.264,-0.76,WARNING
794.367,0.2112,0.1542,-2.97,WARNING
794.4,0.2183,0.2703,-4.39,WARNING
794.433,0.2197,0.83,-5.09,WARNING
794.467,0.23,0.7638,-5.07,WARNING
794.5,0.1933,0.1749,-1.63,WARNING
794.533,0.248,0.799,-7.74,WARNING
794.567,0.237,0.6934,-0.13,WARNING
794.6,0.2239,0.2838,-7.25,WARNING
794.633,0.2358,0.8395,-1.17,WARNING
794.667,0.2186,0.1765,-6.3,WARNING
794.7,0.2391,0.6353,-4.47,WARNING
794.733,0.2552,0.8236,-4.92,WARNING
794.767,0.2173,0.798,-1.09,WARNING
794.8,0.2121,0.8184,-1.43,WARNING
794.833,0.2327,0.8075,-7.9,WARNING
794.867,0.2121,0.6484,-5.27,WARNING
794.9,0.2239,0.2406,-5.77,WARNING
794.933,0.2415,0.8078,-2.21,WARNING
794.967,0.2025,0.7283,-0.92,WARNING
795.0,0.2019,0.6222,-1.18,WARNING
795.033,0.212,0.6541,-7.3,WARNING
795.067,0.2251,0.7701,-3.24,WARNING
795.1,0.2056,0.6605,-6.58,WARNING
795.133,0.2289,0.7294,-5.98,WARNING
795.167,0.1961,0.2208,-3.24,WARNING
795.2,0.1923,0.1717,-4.45,WARNING
795.233,0.2587,0.6421,-3.38,WARNING
795.267,0.2507,0.6092,-4.71,WARNING
795.3,0.2508,0.7826,-6.17,WARNING
795.333,0.206,0.7438,-0.76,WARNING
795.367,0.213,0.7726,-1.41,WARNING
795.4,0.2235,0.7882,-0.91,WARNING
795.433,0.2005,0.2162,-3.75,WARNING
795.467,0.249,0.6924,-6.53,WARNING
795.5,0.2549,0.812,-4.49,WARNING
795.533,0.2024,0.2772,-5.68,WARNING
795.567,0.202,0.2049,-0.35,WARNING
795.6,0.2013,0.2737,-4.55,WARNING
795.633,0.2011,0.2376,-1.83,WARNING
795.667,0.2248,0.2009,-4.64,WARNING
795.7,0.2155,0.2916,-0.09,WARNING
795.733,0.2229,0.6289,-4.28,WARNING
795.767,0.2164,0.7158,-4.48,WARNING
795.8,0.1996,0.2456,-2.56,WARNING
795.833,0.204,0.7741,-3.88,WARNING
795.867,0.2218,0.6914,-4.29,WARNING
795.9,0.2039,0.1814,-2.53,WARNING
795.933,0.214,0.1984,-6.27,WARNING
795.967,0.2315,0.6627,-4.95,WARNING
796.0,0.2529,0.6058,-1.51,WARNING
796.033,0.207,0.7162,-3.3,WARNING
796.067,0.2162,0.1867,-4.49,WARNING
796.1,0.2236,0.8024,-2.37,WARNING
796.133,0.2233,0.2188,-0.05,WARNING
796.167,0.2526,0.727,-7.87,WARNING
796.2,0.2378,0.8478,-1.67,WARNING
796.233,0.2239,0.8297,-5.76,WARNING
796.267,0.2147,0.7146,-0.53,WARNING
796.3,0.2347,0.6896,-1.76,WARNING
796.333,0.2215,0.6553,-7.05,WARNING
796.367,0.246,0.6252,-7.27,WARNING
796.4,0.2544,0.6213,-1.12,WARNING
796.433,0.2222,0.6347,-3.1,WARNING
796.467,0.2149,0.254,-7.88,WARNING
796.5,0.2296,0.2296,-0.53,WARNING
796.533,0.2106,0.7591,-3.44,WARNING
796.567,0.2506,0.7192,-2.41,WARNING
796.6,0.2396,0.6282,-7.71,WARNING
796.633,0.2353,0.6103,-7.43,WARNING
796.667,0.2297,0.6997,-5.13,WARNING
796.7,0.223,0.1802,-6.28,WARNING
796.733,0.2267,0.727,-0.32,WARNING
796.767,0.2278,0.2981,-4.54,WARNING
796.8,0.2247,0.7761,-5.66,WARNING
796.833,0.2402,0.7757,-5.97,WARNING
796.867,0.2303,0.7305,-1.56,WARNING
796.9,0.2828,0.1526,0.6,ALERT
796.933,0.324,0.1404,0.24,ALERT
796.967,0.3294,0.2045,1.05,ALERT
797.0,0.2897,0.174,-1.14,ALERT
797.033,0.2996,0.1065,-1.46,ALERT
797.067,0.2845,0.1015,3.91,ALERT
797.1,0.3057,0.1302,-1.22,ALERT
797.133,0.3225,0.0872,3.76,ALERT
797.167,0.29,0.0851,-1.92,ALERT
797.2,0.296,0.1135,-1.6,ALERT
797.233,0.3046,0.0868,-3.57,ALERT
797.267,0.3022,0.0899,2.11,ALERT
797.3,0.1584,0.1581,-2.29,ALERT
797.333,0.3049,0.2059,-0.1,ALERT
797.367,0.3249,0.1212,-1.03,ALERT
797.4,0.3135,0.0861,-0.16,ALERT
797.433,0.2998,0.1129,1.13,ALERT
797.467,0.2903,0.0821,1.32,ALERT
797.5,0.28,0.1047,2.25,ALERT
797.533,0.3006,0.1458,1.14,ALERT
797.567,0.2863,0.1841,3.13,ALERT
797.6,0.338,0.1669,3.28,ALERT
797.633,0.2818,0.2159,-0.74,ALERT
797.667,0.2924,0.1955,2.24,ALERT
797.7,0.3061,0.1531,1.91,ALERT
797.733,0.3259,0.1707,0.07,ALERT
797.767,0.2865,0.1311,3.5,ALERT
797.8,0.2802,0.2163,1.89,ALERT
797.833,0.3178,0.1243,-1.82,ALERT
797.867,0.1782,0.1436,-1.73,ALERT
797.9,0.3164,0.1932,-3.83,ALERT
797.933,0.2935,0.1318,-2.39,ALERT
797.967,0.2906,0.165,1.24,ALERT
798.0,0.2894,0.1229,-3.4,ALERT
798.033,0.3322,0.1842,-1.02,ALERT
798.067,0.2859,0.1002,-3.35,ALERT
798.1,0.3098,0.183,1.76,ALERT
798.133,0.3236,0.193,2.49,ALERT
798.167,0.3381,0.1687,3.57,ALERT
798.2,0.3286,0.1362,-3.21,ALERT
798.233,0.2958,0.1767,-3.6,ALERT
798.267,0.3261,0.1141,3.93,ALERT
798.3,0.2984,0.218,-3.94,ALERT
798.333,0.2829,0.093,0.03,ALERT
798.367,0.2916,0.1966,2.12,ALERT
798.4,0.3356,0.1183,0.49,ALERT
798.433,0.3281,0.1337,-2.02,ALERT
798.467,0.3083,0.1638,2.3,ALERT
798.5,0.3358,0.1428,-0.64,ALERT
798.533,0.3087,0.1022,3.31,ALERT
798.567,0.3247,0.184,-1.42,ALERT
798.6,0.2931,0.1082,-1.33,ALERT
798.633,0.2833,0.1953,2.53,ALERT
798.667,0.3107,0.1395,-0.17,ALERT
798.7,0.3376,0.1268,2.36,ALERT
798.733,0.281,0.0927,1.18,ALERT
798.767,0.2852,0.0894,3.28,ALERT
798.8,0.2809,0.187,0.59,ALERT
798.833,0.3001,0.1707,-1.75,ALERT
798.867,0.3151,0.1469,-0.79,ALERT
798.9,0.2933,0.193,-1.12,ALERT
798.933,0.294,0.1092,0.54,ALERT
798.967,0.3232,0.1939,2.59,ALERT
799.0,0.2953,0.1198,0.16,ALERT
799.033,0.3329,0.1432,-3.46,ALERT
799.067,0.3213,0.1259,-0.31,ALERT
799.1,0.3329,0.1586,-1.38,ALERT
799.133,0.3395,0.1645,-2.47,ALERT
799.167,0.2928,0.2059,3.24,ALERT
799.2,0.298,0.2037,-1.27,ALERT
799.233,0.2828,0.15,2.94,ALERT
799.267,0.3085,0.2163,-0.34,ALERT
799.3,0.3167,0.0828,-0.18,ALERT
799.333,0.3166,0.2001,3.03,ALERT
799.367,0.294,0.1402,1.14,ALERT
799.4,0.3149,0.1907,-1.11,ALERT
799.433,0.3142,0.127,0.46,ALERT
799.467,0.2936,0.203,1.42,ALERT
799.5,0.3287,0.1501,-3.88,ALERT
799.533,0.1684,0.1297,-0.13,ALERT
799.567,0.2914,0.1473,3.28,ALERT
799.6,0.307,0.2065,-2.95,ALERT
799.633,0.3141,0.1032,-3.18,ALERT
799.667,0.3128,0.1384,-3.41,ALERT
799.7,0.3071,0.1227,-0.97,ALERT
799.733,0.3075,0.2091,-3.61,ALERT
799.767,0.3158,0.1986,-1.72,ALERT
799.8,0.2932,0.1101,0.33,ALERT
799.833,0.3146,0.1154,1.63,ALERT
799.867,0.2983,0.1337,-2.42,ALERT
799.9,0.2837,0.151,-3.67,ALERT
799.933,0.2901,0.1727,0.49,ALERT
799.967,0.283,0.0924,-3.13,ALERT
800.0,0.3327,0.1614,-3.68,ALERT
800.033,0.2995,0.093,-2.32,ALERT
800.067,0.2963,0.2048,3.71,ALERT
800.1,0.3191,0.1315,-0.09,ALERT
800.133,0.3059,0.1608,-3.53,ALERT
800.167,0.286,0.1505,3.36,ALERT
800.2,0.3068,0.1791,0.16,ALERT
800.233,0.3347,0.172,2.33,ALERT
800.267,0.3246,0.1941,-3.5,ALERT
800.3,0.3391,0.088,1.39,ALERT
800.333,0.2859,0.1607,0.83,ALERT
800.367,0.3064,0.2037,-2.22,ALERT
800.4,0.3345,0.1497,3.3,ALERT
800.433,0.327,0.101,-1.36,ALERT
800.467,0.3058,0.1093,-1.21,ALERT
800.5,0.2963,0.2092,0.1,ALERT
800.533,0.3159,0.0978,3.75,ALERT
800.567,0.2989,0.0893,0.38,ALERT
800.6,0.3281,0.1864,-1.56,ALERT
800.633,0.3264,0.134,-2.79,ALERT
800.667,0.1582,0.1463,-0.47,ALERT
800.7,0.3105,0.1888,0.37,ALERT
800.733,0.3313,0.0813,1.93,ALERT
800.767,0.1622,0.0807,-0.82,ALERT
800.8,0.3303,0.1094,-0.21,ALERT
800.833,0.3115,0.1943,1.71,ALERT
800.867,0.3182,0.1821,1.88,ALERT
800.9,0.3202,0.1257,-0.54,ALERT
800.933,0.288,0.138,-3.32,ALERT
800.967,0.3304,0.2114,-0.47,ALERT
801.0,0.315,0.1497,-3.85,ALERT
801.033,0.2929,0.1153,2.88,ALERT
801.067,0.2887,0.1124,-2.83,ALERT
801.1,0.3079,0.176,3.98,ALERT
801.133,0.3111,0.2187,2.01,ALERT
801.167,0.3279,0.1805,3.0,ALERT
801.2,0.2993,0.1935,-0.2,ALERT
801.233,0.2946,0.1596,1.09,ALERT
801.267,0.3167,0.2101,1.44,ALERT
801.3,0.3207,0.1539,-3.96,ALERT
801.333,0.3372,0.2099,-3.8,ALERT
801.367,0.3065,0.1019,0.54,ALERT
801.4,0.2929,0.1859,2.48,ALERT
801.433,0.3388,0.0952,-2.64,ALERT
801.467,0.3306,0.1453,-1.36,ALERT
801.5,0.3101,0.1161,2.66,ALERT
801.533,0.3316,0.0924,0.37,ALERT
801.567,0.3197,0.2165,2.68,ALERT
801.6,0.3372,0.2026,2.71,ALERT
801.633,0.3097,0.111,-3.11,ALERT
801.667,0.3179,0.1804,3.16,ALERT
801.7,0.3375,0.0978,1.16,ALERT
801.733,0.2952,0.2137,1.71,ALERT
801.767,0.3136,0.1872,1.9,ALERT
801.8,0.3259,0.1421,-0.55,ALERT
801.833,0.3104,0.1149,3.99,ALERT
801.867,0.3291,0.1255,1.18,ALERT
801.9,0.3273,0.1572,0.2,ALERT
801.933,0.31,0.1419,-2.81,ALERT
801.967,0.3062,0.155,-1.94,ALERT
802.0,0.3013,0.1729,1.46,ALERT
802.033,0.324,0.1239,-2.58,ALERT
802.067,0.3224,0.212,1.24,ALERT
802.1,0.3004,0.1588,-0.78,ALERT
802.133,0.3203,0.1007,-1.69,ALERT
802.167,0.3202,0.097,1.41,ALERT
802.2,0.1265,0.1132,-0.77,ALERT
802.233,0.3207,0.1593,1.53,ALERT
802.267,0.327,0.1096,1.62,ALERT
802.3,0.306,0.1377,-3.55,ALERT
802.333,0.3122,0.2056,-3.63,ALERT
802.367,0.3218,0.088,-0.58,ALERT
802.4,0.2947,0.1257,-0.91,ALERT
802.433,0.3338,0.1311,-3.85,ALERT
802.467,0.2931,0.1425,2.54,ALERT
802.5,0.3141,0.1991,1.98,ALERT
802.533,0.2815,0.1152,0.56,ALERT
802.567,0.3007,0.167,3.22,ALERT
802.6,0.283,0.0954,-1.06,ALERT
802.633,0.3035,0.1064,0.09,ALERT
802.667,0.2975,0.0811,-2.78,ALERT
802.7,0.3331,0.1633,2.91,ALERT
802.733,0.2833,0.147,2.75,ALERT
802.767,0.2971,0.0811,-3.14,ALERT
802.8,0.3356,0.202,3.11,ALERT
802.833,0.2942,0.1787,3.94,ALERT
802.867,0.314,0.1765,2.93,ALERT
802.9,0.3316,0.0933,2.14,ALERT
802.933,0.2936,0.1924,2.35,ALERT
802.967,0.3353,0.2057,-0.73,ALERT
803.0,0.3085,0.211,3.99,ALERT
803.033,0.3328,0.2157,-2.29,ALERT
803.067,0.3336,0.2027,2.2,ALERT
803.1,0.3027,0.1833,1.89,ALERT
803.133,0.2916,0.149,0.03,ALERT
803.167,0.3044,0.1268,0.34,ALERT
803.2,0.1773,0.0817,2.15,ALERT
803.233,0.3392,0.1936,3.12,ALERT
803.267,0.3373,0.1999,-3.81,ALERT
803.3,0.2807,0.2105,2.92,ALERT
803.333,0.314,0.1487,-0.78,ALERT
803.367,0.3136,0.165,-0.34,ALERT
803.4,0.3185,0.0922,0.15,ALERT
803.433,0.2855,0.2119,-2.9,ALERT
803.467,0.2806,0.1468,2.58,ALERT
803.5,0.3053,0.1287,3.61,ALERT
803.533,0.2864,0.0917,-1.09,ALERT
803.567,0.288,0.1319,-2.26,ALERT
803.6,0.3255,0.1794,-1.7,ALERT
803.633,0.322,0.1498,1.88,ALERT
803.667,0.3034,0.1069,-0.77,ALERT
803.7,0.2924,0.1925,-0.05,ALERT
803.733,0.3254,0.1579,-0.54,ALERT
803.767,0.3289,0.1695,3.44,ALERT
803.8,0.3297,0.1663,-3.46,ALERT
803.833,0.286,0.0942,-1.94,ALERT
803.867,0.3193,0.1719,-3.24,ALERT
803.9,0.3049,0.2073,0.67,ALERT
803.933,0.3349,0.2064,-2.66,ALERT
803.967,0.2959,0.2191,3.49,ALERT
804.0,0.3245,0.1515,2.45,ALERT
804.033,0.3315,0.1993,3.26,ALERT
804.067,0.3317,0.111,-3.13,ALERT
804.1,0.1491,0.1832,-3.46,ALERT
804.133,0.2962,0.109,1.69,ALERT
804.167,0.3335,0.1467,-1.92,ALERT
804.2,0.3051,0.1469,-3.56,ALERT
804.233,0.3338,0.1627,0.54,ALERT
804.267,0.3166,0.0963,0.1,ALERT
804.3,0.2998,0.1153,0.56,ALERT
804.333,0.282,0.114,0.29,ALERT
804.367,0.3345,0.1607,-1.67,ALERT
804.4,0.3094,0.137,-0.46,ALERT
804.433,0.3184,0.19,2.08,ALERT
804.467,0.3212,0.12,-0.1,ALERT
804.5,0.2899,0.0998,-1.95,ALERT
804.533,0.3187,0.1526,0.94,ALERT
804.567,0.3025,0.109,-0.32,ALERT
804.6,0.3383,0.1284,-1.75,ALERT
804.633,0.3285,0.1395,3.32,ALERT
804.667,0.3047,0.186,-2.95,ALERT
804.7,0.3365,0.1291,-3.32,ALERT
804.733,0.2976,0.1145,0.23,ALERT
804.767,0.2803,0.207,1.12,ALERT
804.8,0.2823,0.1753,-2.43,ALERT
804.833,0.3296,0.1407,-1.23,ALERT
804.867,0.2817,0.1337,-1.23,ALERT
804.9,0.3393,0.1863,0.25,ALERT
804.933,0.3361,0.1854,-1.45,ALERT
804.967,0.294,0.2196,3.58,ALERT
805.0,0.2984,0.2083,-1.83,ALERT
805.033,0.3255,0.1545,3.62,ALERT
805.067,0.3233,0.0982,-1.6,ALERT
805.1,0.3365,0.0942,-0.56,ALERT
805.133,0.3051,0.0838,2.57,ALERT
805.167,0.3249,0.2198,-0.03,ALERT
805.2,0.2898,0.1114,-2.13,ALERT
805.233,0.3132,0.0898,-3.29,ALERT
805.267,0.3024,0.1316,-2.41,ALERT
805.3,0.3292,0.1916,2.39,ALERT
805.333,0.3205,0.107,-1.56,ALERT
805.367,0.3131,0.1689,-0.65,ALERT
805.4,0.3276,0.1958,1.13,ALERT
805.433,0.291,0.1211,-2.42,ALERT
805.467,0.2831,0.0978,1.62,ALERT
805.5,0.3365,0.1698,-3.18,ALERT
805.533,0.306,0.163,-0.01,ALERT
805.567,0.2877,0.0828,-2.21,ALERT
805.6,0.1526,0.1599,-2.1,ALERT
805.633,0.2945,0.1085,0.06,ALERT
805.667,0.3128,0.1299,1.38,ALERT
805.7,0.3052,0.1935,-1.79,ALERT
805.733,0.2942,0.146,-1.29,ALERT
805.767,0.288,0.2122,-3.72,ALERT
805.8,0.2871,0.2078,2.5,ALERT
805.833,0.314,0.1339,2.15,ALERT
805.867,0.2931,0.1197,1.75,ALERT
805.9,0.3174,0.1569,3.69,ALERT
805.933,0.3188,0.1946,2.93,ALERT
805.967,0.3311,0.1942,2.33,ALERT
806.0,0.3338,0.1153,2.85,ALERT
806.033,0.1369,0.1257,-2.18,ALERT
806.067,0.3264,0.1406,2.01,ALERT
806.1,0.3116,0.1873,3.4,ALERT
806.133,0.32,0.0829,-1.85,ALERT
806.167,0.3206,0.1631,2.25,ALERT
806.2,0.2952,0.1164,-1.66,ALERT
806.233,0.2803,0.1743,-0.19,ALERT
806.267,0.3041,0.0878,1.79,ALERT
806.3,0.3198,0.1083,1.72,ALERT
806.333,0.2865,0.1938,-0.67,ALERT
806.367,0.1364,0.084,0.25,ALERT
806.4,0.318,0.1776,0.07,ALERT
806.433,0.3117,0.0953,1.45,ALERT
806.467,0.3154,0.1674,-3.29,ALERT
806.5,0.3126,0.138,-1.99,ALERT
806.533,0.3067,0.1907,-1.77,ALERT
806.567,0.3358,0.1729,1.75,ALERT
806.6,0.3165,0.1747,3.85,ALERT
806.633,0.3259,0.0826,1.32,ALERT
806.667,0.2803,0.0838,-0.66,ALERT
806.7,0.3157,0.1206,2.83,ALERT
806.733,0.2932,0.1856,-2.63,ALERT
806.767,0.3229,0.2065,-2.76,ALERT
806.8,0.2899,0.156,3.71,ALERT
806.833,0.2854,0.1497,1.78,ALERT
806.867,0.3345,0.1808,3.82,ALERT
806.9,0.3345,0.1032,-1.5,ALERT
806.933,0.292,0.1716,-3.03,ALERT
806.967,0.3385,0.0998,0.36,ALERT
807.0,0.3231,0.2033,-3.57,ALERT
807.033,0.3206,0.1056,-2.97,ALERT
807.067,0.319,0.0925,3.12,ALERT
807.1,0.31,0.0954,-3.42,ALERT
807.133,0.3201,0.1171,-0.08,ALERT
807.167,0.2924,0.2154,-3.51,ALERT
807.2,0.3289,0.1591,-0.71,ALERT
807.233,0.3068,0.2021,-3.38,ALERT
807.267,0.2938,0.1654,-1.87,ALERT
807.3,0.3203,0.0916,3.65,ALERT
807.333,0.3018,0.0911,0.98,ALERT
807.367,0.3132,0.1891,1.21,ALERT
807.4,0.3158,0.1507,2.58,ALERT
807.433,0.3368,0.1185,-3.22,ALERT
807.467,0.2917,0.1669,3.16,ALERT
807.5,0.2966,0.0875,1.28,ALERT
807.533,0.3062,0.1021,-2.89,ALERT
807.567,0.3249,0.1279,0.81,ALERT
807.6,0.3176,0.1333,-0.96,ALERT
807.633,0.2865,0.1033,-3.34,ALERT
807.667,0.2913,0.1898,-0.74,ALERT
807.7,0.2942,0.0872,-1.54,ALERT
807.733,0.2924,0.163,1.4,ALERT
807.767,0.3202,0.1144,-3.45,ALERT
807.8,0.1366,0.1399,3.89,ALERT
807.833,0.2895,0.1442,-1.34,ALERT
807.867,0.3022,0.085,0.1,ALERT
807.9,0.3357,0.1756,-2.01,ALERT
807.933,0.2983,0.1253,2.31,ALERT
807.967,0.3049,0.1885,-2.03,ALERT
808.0,0.3013,0.0984,-3.46,ALERT
808.033,0.3397,0.2066,-1.99,ALERT
808.067,0.3245,0.1674,-3.37,ALERT
808.1,0.3097,0.0854,-0.38,ALERT
808.133,0.3075,0.1909,0.99,ALERT
808.167,0.2967,0.1821,-2.42,ALERT
808.2,0.3342,0.1426,2.61,ALERT
808.233,0.2852,0.0905,3.22,ALERT
808.267,0.3137,0.2152,-1.49,ALERT
808.3,0.282,0.1462,-2.04,ALERT
808.333,0.2913,0.2021,-1.05,ALERT
808.367,0.2952,0.1989,-0.47,ALERT
808.4,0.3235,0.1037,-3.86,ALERT
808.433,0.3302,0.162,-0.55,ALERT
808.467,0.3235,0.102,-0.63,ALERT
808.5,0.3046,0.1143,-3.77,ALERT
808.533,0.3202,0.1271,-1.96,ALERT
808.567,0.3162,0.1496,-3.64,ALERT
808.6,0.3073,0.2143,-2.81,ALERT
808.633,0.3369,0.1453,-2.06,ALERT
808.667,0.3275,0.1305,1.21,ALERT
808.7,0.3195,0.1306,-3.73,ALERT
808.733,0.314,0.1526,3.92,ALERT
808.767,0.3242,0.0818,-3.29,ALERT
808.8,0.3233,0.1067,0.65,ALERT
808.833,0.3282,0.1544,-1.53,ALERT
808.867,0.283,0.1751,-0.13,ALERT
808.9,0.3297,0.1558,1.32,ALERT
808.933,0.2948,0.2095,1.63,ALERT
808.967,0.3196,0.1875,3.14,ALERT
809.0,0.3286,0.1871,-0.65,ALERT
809.033,0.205,0.1914,-4.88,WARNING
809.067,0.1926,0.2848,-2.33,WARNING
809.1,0.215,0.79,-2.54,WARNING
809.133,0.2125,0.6379,-0.61,WARNING
809.167,0.2531,0.6656,-6.32,WARNING
809.2,0.2572,0.6041,-2.54,WARNING
809.233,0.2164,0.2733,-2.43,WARNING
809.267,0.2233,0.1946,-1.19,WARNING
809.3,0.215,0.6243,-1.33,WARNING
809.333,0.2106,0.2129,-4.84,WARNING
809.367,0.202,0.7269,-5.86,WARNING
809.4,0.223,0.6427,-0.36,WARNING
809.433,0.2156,0.8399,-7.7,WARNING
809.467,0.2065,0.2652,-3.1,WARNING
809.5,0.2106,0.821,-0.75,WARNING
809.533,0.2055,0.7184,-1.3,WARNING
809.567,0.2538,0.7682,-6.75,WARNING
809.6,0.2424,0.6298,-0.15,WARNING
809.633,0.2021,0.835,-6.35,WARNING
809.667,0.239,0.7917,-1.19,WARNING
809.7,0.1961,0.1892,-5.03,WARNING
809.733,0.2122,0.2587,-5.22,WARNING
809.767,0.2196,0.1656,-2.59,WARNING
809.8,0.2069,0.7666,-0.89,WARNING
809.833,0.2402,0.8134,-7.61,WARNING
809.867,0.2445,0.7552,-6.99,WARNING
809.9,0.2133,0.7547,-1.7,WARNING
809.933,0.2447,0.7131,-0.2,WARNING
809.967,0.2047,0.2121,-7.95,WARNING
810.0,0.2351,0.7322,-5.65,WARNING
810.033,0.2582,0.6632,-5.86,WARNING
810.067,0.1989,0.2461,-1.56,WARNING
810.1,0.202,0.2128,-0.73,WARNING
810.133,0.2174,0.1551,-1.96,WARNING
810.167,0.2204,0.6834,-6.9,WARNING
810.2,0.26,0.6866,-5.88,WARNING
810.233,0.2173,0.6383,-4.38,WARNING
810.267,0.2513,0.8035,-6.18,WARNING
810.3,0.2025,0.1737,-7.16,WARNING
810.333,0.2015,0.7489,-4.39,WARNING
810.367,0.2317,0.7574,-2.07,WARNING
810.4,0.192,0.2219,-4.87,WARNING
810.433,0.2483,0.6809,-1.89,WARNING
810.467,0.2003,0.6281,-0.16,WARNING
810.5,0.2297,0.6703,-6.74,WARNING
810.533,0.1971,0.1519,-6.44,WARNING
810.567,0.2338,0.6649,-6.26,WARNING
810.6,0.1986,0.2781,-1.75,WARNING
810.633,0.2403,0.6862,-1.56,WARNING
810.667,0.1963,0.1754,-2.36,WARNING
810.7,0.2166,0.1611,-1.34,WARNING
810.733,0.2093,0.6954,-3.5,WARNING
810.767,0.2314,0.7232,-5.76,WARNING
810.8,0.2012,0.1874,-5.95,WARNING
810.833,0.2248,0.7297,-3.49,WARNING
810.867,0.2083,0.278,-2.54,WARNING
810.9,0.2081,0.1835,-3.35,WARNING
810.933,0.2483,0.7165,-4.38,WARNING
810.967,0.2037,0.2192,-0.04,WARNING
811.0,0.2222,0.6336,-0.55,WARNING
811.033,0.1947,0.2593,-2.22,WARNING
811.067,0.2167,0.2822,-1.9,WARNING
811.1,0.2139,0.1719,-4.72,WARNING
811.133,0.2255,0.8273,-5.0,WARNING
811.167,0.3031,0.1722,0.13,ALERT
811.2,0.3198,0.1264,-0.68,ALERT
811.233,0.3102,0.1975,-2.77,ALERT
811.267,0.2843,0.1341,-3.27,ALERT
811.3,0.3118,0.19,-0.82,ALERT
811.333,0.2901,0.2048,1.26,ALERT
811.367,0.3359,0.0912,-2.21,ALERT
811.4,0.1395,0.1705,0.5,ALERT
811.433,0.317,0.1937,0.29,ALERT
811.467,0.2874,0.0931,0.66,ALERT
811.5,0.3272,0.1703,-0.87,ALERT
811.533,0.335,0.1696,1.52,ALERT
811.567,0.3311,0.0972,3.64,ALERT
811.6,0.3212,0.1793,1.75,ALERT
811.633,0.3231,0.1781,2.06,ALERT
811.667,0.287,0.2168,-3.86,ALERT
811.7,0.1709,0.2027,3.9,ALERT
811.733,0.3225,0.2134,-2.48,ALERT
811.767,0.3281,0.1818,-0.23,ALERT
811.8,0.3085,0.1862,2.46,ALERT
811.833,0.3307,0.2069,-2.89,ALERT
811.867,0.3384,0.1861,-2.37,ALERT
811.9,0.3004,0.1661,0.6,ALERT
811.933,0.3055,0.1899,1.68,ALERT
811.967,0.3101,0.1,3.45,ALERT
812.0,0.3036,0.1091,-2.2,ALERT
812.033,0.3398,0.1253,-0.42,ALERT
812.067,0.3066,0.1391,-2.84,ALERT
812.1,0.2989,0.1521,-3.55,ALERT
812.133,0.3113,0.1757,3.28,ALERT
812.167,0.3206,0.1618,-0.58,ALERT
812.2,0.2941,0.2065,-1.79,ALERT
812.233,0.3362,0.0881,-2.97,ALERT
812.267,0.2953,0.1518,-3.09,ALERT
812.3,0.3013,0.175,3.38,ALERT
812.333,0.1434,0.1025,0.03,ALERT
812.367,0.3397,0.1622,0.23,ALERT
812.4,0.3072,0.1147,2.39,ALERT
812.433,0.319,0.1205,0.01,ALERT
812.467,0.3367,0.188,-2.6,ALERT
812.5,0.2893,0.0823,-3.49,ALERT
812.533,0.3162,0.1457,-0.45,ALERT
812.567,0.2847,0.1025,3.04,ALERT
812.6,0.3277,0.1527,-3.1,ALERT
812.633,0.3307,0.147,-2.77,ALERT
812.667,0.3196,0.2178,-3.61,ALERT
812.7,0.3068,0.2014,-2.81,ALERT
812.733,0.3231,0.1986,1.21,ALERT
812.767,0.3342,0.0982,0.54,ALERT
812.8,0.3381,0.2128,3.91,ALERT
812.833,0.3058,0.1155,2.2,ALERT
812.867,0.2898,0.1501,-0.13,ALERT
812.9,0.3326,0.1343,-1.0,ALERT
812.933,0.3138,0.2072,0.52,ALERT
812.967,0.3391,0.2062,1.13,ALERT
813.0,0.3271,0.1596,3.0,ALERT
813.033,0.2841,0.1602,2.01,ALERT
813.067,0.2864,0.0898,-0.89,ALERT
813.1,0.3319,0.0934,2.07,ALERT
813.133,0.3167,0.1327,-0.26,ALERT
813.167,0.2831,0.2064,1.35,ALERT
813.2,0.2857,0.1719,-0.24,ALERT
813.233,0.3178,0.1034,2.01,ALERT
813.267,0.3067,0.1778,-2.81,ALERT
813.3,0.34,0.1083,3.77,ALERT
813.333,0.2988,0.1933,0.04,ALERT
813.367,0.3382,0.1498,-0.02,ALERT
813.4,0.3074,0.1599,-2.27,ALERT
813.433,0.2961,0.1694,0.67,ALERT
813.467,0.3153,0.1686,0.83,ALERT
813.5,0.3098,0.1186,-2.7,ALERT
813.533,0.2909,0.1978,-3.27,ALERT
813.567,0.3358,0.1351,2.02,ALERT
813.6,0.2953,0.12,-2.84,ALERT
813.633,0.3185,0.2008,3.77,ALERT
813.667,0.3248,0.2048,-1.39,ALERT
813.7,0.3186,0.1434,-2.06,ALERT
813.733,0.3192,0.1398,-3.64,ALERT
813.767,0.3213,0.0846,-2.43,ALERT
813.8,0.3037,0.1556,0.78,ALERT
813.833,0.333,0.2193,-3.12,ALERT
813.867,0.3361,0.0931,-0.34,ALERT
813.9,0.3131,0.1419,1.88,ALERT
813.933,0.3237,0.1857,2.6,ALERT
813.967,0.3283,0.0807,-0.53,ALERT
814.0,0.2894,0.1247,-1.98,ALERT
814.033,0.3035,0.0968,-3.38,ALERT
814.067,0.2864,0.1231,-1.85,ALERT
814.1,0.3109,0.2114,1.59,ALERT
814.133,0.3355,0.1637,-0.28,ALERT
814.167,0.306,0.2142,-2.31,ALERT
814.2,0.3366,0.2194,0.25,ALERT
814.233,0.291,0.2007,-2.56,ALERT
814.267,0.2824,0.2014,-3.36,ALERT
814.3,0.1378,0.1145,-2.36,ALERT
814.333,0.3146,0.214,1.69,ALERT
814.367,0.2862,0.1816,0.88,ALERT
814.4,0.3205,0.093,3.53,ALERT
814.433,0.3296,0.1834,-2.24,ALERT
814.467,0.2823,0.2125,-2.57,ALERT
814.5,0.3323,0.1019,-2.69,ALERT
814.533,0.3039,0.1765,-0.48,ALERT
814.567,0.2991,0.1578,3.69,ALERT
814.6,0.3086,0.184,0.73,ALERT
814.633,0.3191,0.0836,2.16,ALERT
814.667,0.3167,0.1484,-0.71,ALERT
814.7,0.3225,0.1522,-2.37,ALERT
814.733,0.3274,0.1882,3.96,ALERT
814.767,0.3197,0.2113,-2.77,ALERT
814.8,0.2963,0.1111,-0.97,ALERT
814.833,0.2979,0.1889,-3.94,ALERT
814.867,0.3034,0.2133,-3.07,ALERT
814.9,0.2828,0.1233,-1.75,ALERT
814.933,0.3134,0.1182,-2.78,ALERT
814.967,0.287,0.1011,2.88,ALERT
815.0,0.2804,0.0931,2.28,ALERT
815.033,0.3378,0.1136,-0.48,ALERT
815.067,0.3396,0.1068,-2.37,ALERT
815.1,0.3197,0.1869,1.53,ALERT
815.133,0.3077,0.1971,2.86,ALERT
815.167,0.3396,0.1165,3.83,ALERT
815.2,0.3329,0.1769,0.31,ALERT
815.233,0.3387,0.1753,1.08,ALERT
815.267,0.302,0.2167,2.24,ALERT
815.3,0.3037,0.1866,3.22,ALERT
815.333,0.3233,0.1026,-3.42,ALERT
815.367,0.294,0.1303,-3.35,ALERT
815.4,0.3364,0.1376,0.02,ALERT
815.433,0.3121,0.093,-2.51,ALERT
815.467,0.3164,0.1023,1.31,ALERT
815.5,0.2942,0.2058,0.52,ALERT
815.533,0.3374,0.1997,0.2,ALERT
815.567,0.3322,0.1624,1.77,ALERT
815.6,0.2932,0.1063,-2.05,ALERT
815.633,0.3272,0.1645,-0.49,ALERT
815.667,0.2813,0.13,1.98,ALERT
815.7,0.3329,0.1178,1.56,ALERT
815.733,0.157,0.137,-3.95,ALERT
815.767,0.3205,0.1716,4.0,ALERT
815.8,0.3028,0.1449,0.14,ALERT
815.833,0.3099,0.1081,0.34,ALERT
815.867,0.3342,0.1428,1.23,ALERT
815.9,0.3156,0.0987,-3.83,ALERT
815.933,0.3282,0.0824,3.99,ALERT
815.967,0.294,0.1495,-1.41,ALERT
816.0,0.2901,0.1352,0.8,ALERT
816.033,0.3279,0.1329,0.54,ALERT
816.067,0.3224,0.1667,-1.65,ALERT
816.1,0.3057,0.1881,3.47,ALERT
816.133,0.3044,0.1651,2.37,ALERT
816.167,0.2858,0.1542,3.44,ALERT
816.2,0.3313,0.1038,-2.8,ALERT
816.233,0.3141,0.1193,-1.15,ALERT
816.267,0.3136,0.0807,-1.2,ALERT
816.3,0.297,0.1844,-0.63,ALERT
816.333,0.3336,0.21,-0.72,ALERT
816.367,0.2884,0.2091,3.29,ALERT
816.4,0.3053,0.1513,-3.81,ALERT
816.433,0.3068,0.1957,-2.32,ALERT
816.467,0.311,0.189,2.71,ALERT
816.5,0.3256,0.1701,0.48,ALERT
816.533,0.2944,0.0974,1.72,ALERT
816.567,0.29,0.1553,3.15,ALERT
816.6,0.3161,0.0895,-0.11,ALERT
816.633,0.3365,0.1186,2.02,ALERT
816.667,0.2919,0.0974,2.18,ALERT
816.7,0.324,0.203,3.01,ALERT
816.733,0.3014,0.1896,-0.15,ALERT
816.767,0.3305,0.1768,2.77,ALERT
816.8,0.3067,0.1775,0.27,ALERT
816.833,0.2995,0.142,2.14,ALERT
816.867,0.2871,0.1417,0.36,ALERT
816.9,0.3337,0.1565,-0.23,ALERT
816.933,0.3247,0.1416,3.11,ALERT
816.967,0.3257,0.1948,-2.06,ALERT
817.0,0.3202,0.2042,1.57,ALERT
817.033,0.2938,0.14,-0.69,ALERT
817.067,0.3322,0.0925,1.67,ALERT
817.1,0.2924,0.1866,0.91,ALERT
817.133,0.2954,0.1783,-2.26,ALERT
817.167,0.2823,0.1372,-3.22,ALERT
817.2,0.2944,0.1468,-1.67,ALERT
817.233,0.3258,0.1057,2.47,ALERT
817.267,0.3058,0.1302,-0.31,ALERT
817.3,0.3184,0.1935,2.02,ALERT
817.333,0.1239,0.1148,-0.38,ALERT
817.367,0.3255,0.2078,3.61,ALERT
817.4,0.284,0.1894,0.86,ALERT
817.433,0.321,0.0935,3.4,ALERT
817.467,0.303,0.1773,-2.54,ALERT
817.5,0.3145,0.191,3.28,ALERT
817.533,0.3174,0.1495,2.45,ALERT
817.567,0.2957,0.1667,2.12,ALERT
817.6,0.2971,0.1538,2.69,ALERT
817.633,0.2847,0.1811,-3.83,ALERT
817.667,0.2923,0.2043,1.0,ALERT
817.7,0.2983,0.2115,2.0,ALERT
817.733,0.2821,0.1145,-1.96,ALERT
817.767,0.2902,0.1347,-3.44,ALERT
817.8,0.3199,0.1778,-0.03,ALERT
817.833,0.3102,0.1364,-2.54,ALERT
817.867,0.2879,0.1446,0.84,ALERT
817.9,0.3356,0.1626,0.72,ALERT
817.933,0.3154,0.1718,-1.45,ALERT
817.967,0.2836,0.1099,-1.41,ALERT
818.0,0.2966,0.2178,0.23,ALERT
818.033,0.3348,0.1693,-0.44,ALERT
818.067,0.2976,0.1075,-2.41,ALERT
818.1,0.3144,0.1821,3.88,ALERT
818.133,0.2875,0.136,-2.36,ALERT
818.167,0.3147,0.2164,-3.27,ALERT
818.2,0.2965,0.089,0.36,ALERT
818.233,0.2825,0.1744,-1.27,ALERT
818.267,0.3304,0.1213,2.45,ALERT
818.3,0.2997,0.1082,2.18,ALERT
818.333,0.3168,0.1085,0.37,ALERT
818.367,0.2873,0.1807,2.19,ALERT
818.4,0.3252,0.1759,-0.69,ALERT
818.433,0.3369,0.1233,2.71,ALERT
818.467,0.3286,0.1683,1.66,ALERT
818.5,0.3337,0.2175,3.88,ALERT
818.533,0.3228,0.1297,-2.47,ALERT
818.567,0.2873,0.1558,-2.88,ALERT
818.6,0.3202,0.1294,2.32,ALERT
818.633,0.3005,0.1954,3.75,ALERT
818.667,0.3343,0.0833,2.77,ALERT
818.7,0.2836,0.121,-1.35,ALERT
818.733,0.2909,0.0927,2.4,ALERT
818.767,0.3183,0.129,-1.64,ALERT
818.8,0.3327,0.1577,2.53,ALERT
818.833,0.3135,0.1914,-2.07,ALERT
818.867,0.2851,0.2022,-2.33,ALERT
818.9,0.3046,0.0881,-1.64,ALERT
818.933,0.3233,0.1648,2.61,ALERT
818.967,0.2888,0.1433,-3.31,ALERT
819.0,0.3045,0.0912,0.54,ALERT
819.033,0.2933,0.0973,0.48,ALERT
819.067,0.287,0.1028,-1.36,ALERT
819.1,0.3212,0.0851,-1.05,ALERT
819.133,0.2907,0.207,-3.63,ALERT
819.167,0.3206,0.1515,2.86,ALERT
819.2,0.3156,0.1652,-1.65,ALERT
819.233,0.3069,0.1777,1.58,ALERT
819.267,0.2876,0.2187,3.9,ALERT
819.3,0.3177,0.0916,-3.54,ALERT
819.333,0.302,0.1471,3.43,ALERT
819.367,0.3036,0.1028,-1.11,ALERT
819.4,0.2936,0.1923,-1.35,ALERT
819.433,0.3394,0.1382,0.53,ALERT
819.467,0.3002,0.1596,0.3,ALERT
819.5,0.2958,0.1486,-2.47,ALERT
819.533,0.1492,0.124,0.27,ALERT
819.567,0.3056,0.163,-1.96,ALERT
819.6,0.3037,0.1456,3.06,ALERT
819.633,0.3033,0.1679,-3.74,ALERT
819.667,0.3353,0.1733,3.91,ALERT
819.7,0.3345,0.1223,-2.44,ALERT
819.733,0.3104,0.1712,-0.22,ALERT
819.767,0.3006,0.1096,-1.69,ALERT
819.8,0.3205,0.0828,0.18,ALERT
819.833,0.3255,0.1925,1.03,ALERT
819.867,0.3281,0.2053,3.58,ALERT
819.9,0.304,0.1787,-1.12,ALERT
819.933,0.3246,0.1183,1.69,ALERT
819.967,0.3395,0.1613,-2.44,ALERT
820.0,0.3336,0.1267,2.45,ALERT
820.033,0.282,0.1717,-3.88,ALERT
820.067,0.2999,0.1559,-0.98,ALERT
820.1,0.2838,0.1302,-2.58,ALERT
820.133,0.3065,0.0818,1.66,ALERT
820.167,0.2849,0.101,-0.13,ALERT
820.2,0.2898,0.2137,-3.33,ALERT
820.233,0.1334,0.1723,3.24,ALERT
820.267,0.1288,0.091,2.46,ALERT
820.3,0.3075,0.1134,-2.25,ALERT
820.333,0.3286,0.1377,-3.28,ALERT
820.367,0.3287,0.2168,-0.12,ALERT
820.4,0.3081,0.119,-1.57,ALERT
820.433,0.3159,0.1488,-1.15,ALERT
820.467,0.3104,0.1971,-1.98,ALERT
820.5,0.3003,0.1684,2.28,ALERT
820.533,0.3108,0.1082,2.8,ALERT
820.567,0.3044,0.1105,-2.92,ALERT
820.6,0.3017,0.1089,-3.04,ALERT
820.633,0.2878,0.0878,-2.7,ALERT
820.667,0.3076,0.2147,-1.78,ALERT
820.7,0.2908,0.1976,-0.84,ALERT
820.733,0.2982,0.1857,-3.18,ALERT
820.767,0.2888,0.1674,0.34,ALERT
820.8,0.3194,0.1117,1.58,ALERT
820.833,0.3182,0.1952,-0.79,ALERT
820.867,0.312,0.1177,-1.82,ALERT
820.9,0.3066,0.2127,2.13,ALERT
820.933,0.3226,0.1788,-0.63,ALERT
820.967,0.2985,0.1478,-2.53,ALERT
821.0,0.3087,0.1528,2.71,ALERT
821.033,0.3154,0.1385,0.3,ALERT
821.067,0.327,0.1903,-3.26,ALERT
821.1,0.3061,0.1908,2.69,ALERT
821.133,0.3287,0.1818,2.2,ALERT
821.167,0.3342,0.1631,-2.76,ALERT
821.2,0.2905,0.1593,-2.03,ALERT
821.233,0.2926,0.202,-0.88,ALERT
821.267,0.3079,0.0835,-2.91,ALERT
821.3,0.3046,0.1365,3.04,ALERT
821.333,0.3126,0.1484,3.37,ALERT
821.367,0.2973,0.2161,-1.87,ALERT
821.4,0.2801,0.2051,4.0,ALERT
821.433,0.3348,0.1451,2.56,ALERT
821.467,0.2888,0.1505,2.4,ALERT
821.5,0.3187,0.2077,3.19,ALERT
821.533,0.2916,0.1524,-3.68,ALERT
821.567,0.2999,0.157,-3.3,ALERT
821.6,0.3009,0.1416,-3.62,ALERT
821.633,0.3056,0.1819,-1.62,ALERT
821.667,0.3109,0.196,-2.43,ALERT
821.7,0.3367,0.1725,-0.93,ALERT
821.733,0.2983,0.2059,2.38,ALERT
821.767,0.3213,0.1147,2.86,ALERT
821.8,0.2995,0.1652,-3.11,ALERT
821.833,0.3,0.1983,-0.96,ALERT
821.867,0.2983,0.1421,-3.73,ALERT
821.9,0.3,0.2081,-2.93,ALERT
821.933,0.3181,0.2083,1.93,ALERT
821.967,0.3028,0.1593,-3.75,ALERT
822.0,0.2868,0.1427,0.74,ALERT
822.033,0.3334,0.1296,-2.86,ALERT
822.067,0.2962,0.1993,3.64,ALERT
822.1,0.3103,0.1361,2.19,ALERT
822.133,0.2815,0.1545,-1.41,ALERT
822.167,0.2828,0.1521,1.27,ALERT
822.2,0.3311,0.1292,-2.99,ALERT
822.233,0.3266,0.1084,3.74,ALERT
822.267,0.3371,0.0817,-2.71,ALERT
822.3,0.283,0.1095,1.23,ALERT
822.333,0.2815,0.1049,2.56,ALERT
822.367,0.3024,0.0945,-2.11,ALERT
822.4,0.3131,0.135,0.01,ALERT
822.433,0.2802,0.1192,-2.18,ALERT
822.467,0.3219,0.0962,-3.14,ALERT
822.5,0.3265,0.2102,2.78,ALERT
822.533,0.3228,0.2107,-3.07,ALERT
822.567,0.3382,0.1603,1.62,ALERT
822.6,0.1217,0.1556,-3.57,ALERT
822.633,0.3391,0.1006,-0.49,ALERT
822.667,0.3103,0.1258,-1.85,ALERT
822.7,0.3302,0.1041,0.7,ALERT
822.733,0.2915,0.135,-3.78,ALERT
822.767,0.3018,0.1539,0.68,ALERT
822.8,0.3398,0.0917,-1.66,ALERT
822.833,0.3361,0.2038,-2.91,ALERT
822.867,0.2836,0.1588,1.96,ALERT
822.9,0.2855,0.1772,1.57,ALERT
822.933,0.2848,0.2103,3.64,ALERT
822.967,0.3222,0.1528,0.78,ALERT
823.0,0.3389,0.2189,3.63,ALERT
823.033,0.3163,0.1729,1.16,ALERT
823.067,0.3368,0.1896,3.48,ALERT
823.1,0.3156,0.0819,-1.81,ALERT
823.133,0.2824,0.1763,-0.03,ALERT
823.167,0.3123,0.2035,-3.98,ALERT
823.2,0.305,0.1627,-2.75,ALERT
823.233,0.295,0.1457,-1.39,ALERT
823.267,0.3285,0.2165,0.71,ALERT
823.3,0.3177,0.1912,3.34,ALERT
823.333,0.3145,0.1008,3.72,ALERT
823.367,0.3124,0.2063,0.95,ALERT
823.4,0.2905,0.1093,2.99,ALERT
823.433,0.2927,0.1818,-0.25,ALERT
823.467,0.3197,0.1678,0.45,ALERT
823.5,0.3175,0.1129,1.14,ALERT
823.533,0.3079,0.1536,-1.48,ALERT
823.567,0.3007,0.1089,0.06,ALERT
823.6,0.333,0.2143,2.02,ALERT
823.633,0.3068,0.1341,3.21,ALERT
823.667,0.3202,0.0962,2.78,ALERT
823.7,0.2934,0.1948,2.99,ALERT
823.733,0.3329,0.18,-3.8,ALERT
823.767,0.3282,0.1684,3.5,ALERT
823.8,0.336,0.1168,-1.37,ALERT
823.833,0.3115,0.1743,-0.95,ALERT
823.867,0.2908,0.156,3.67,ALERT
823.9,0.3068,0.0913,1.22,ALERT
823.933,0.3142,0.2155,-1.33,ALERT
823.967,0.3135,0.1221,-0.11,ALERT
824.0,0.3015,0.0978,-1.07,ALERT
824.033,0.3211,0.1605,1.79,ALERT
824.067,0.31,0.1089,0.91,ALERT
824.1,0.2842,0.1045,2.9,ALERT
824.133,0.3014,0.0932,3.43,ALERT
824.167,0.2842,0.1175,-3.9,ALERT
824.2,0.1449,0.1615,-2.86,ALERT
824.233,0.3237,0.1782,1.99,ALERT
824.267,0.2865,0.2023,2.03,ALERT
824.3,0.3372,0.2157,3.45,ALERT
824.333,0.2984,0.1999,-0.97,ALERT
824.367,0.3354,0.0967,-2.7,ALERT
824.4,0.3172,0.1412,0.74,ALERT
824.433,0.3363,0.1623,-3.22,ALERT
824.467,0.2978,0.1107,-3.43,ALERT
824.5,0.3307,0.1191,0.31,ALERT
824.533,0.3087,0.176,-1.76,ALERT
824.567,0.2963,0.1101,3.67,ALERT
824.6,0.3054,0.1296,2.94,ALERT
824.633,0.3212,0.1425,0.48,ALERT
824.667,0.3134,0.1612,-2.46,ALERT
824.7,0.2971,0.0975,-2.27,ALERT
824.733,0.2999,0.1951,1.84,ALERT
824.767,0.335,0.1622,3.99,ALERT
824.8,0.2815,0.1692,3.97,ALERT
824.833,0.3257,0.2026,1.04,ALERT
824.867,0.3362,0.0861,-3.72,ALERT
824.9,0.2949,0.0934,1.56,ALERT
824.933,0.2911,0.2074,1.03,ALERT
824.967,0.2928,0.1018,0.35,ALERT
825.0,0.3123,0.1331,-1.96,ALERT
825.033,0.322,0.0951,2.9,ALERT
825.067,0.3396,0.1892,-3.69,ALERT
825.1,0.281,0.1389,1.62,ALERT
825.133,0.319,0.1052,-3.08,ALERT
825.167,0.2875,0.213,-3.38,ALERT
825.2,0.3219,0.1273,2.25,ALERT
825.233,0.3003,0.2199,-2.54,ALERT
825.267,0.2879,0.1643,-3.19,ALERT
825.3,0.2878,0.2025,3.06,ALERT
825.333,0.3338,0.1519,-0.53,ALERT
825.367,0.3196,0.1071,-0.1,ALERT
825.4,0.3004,0.1623,1.35,ALERT
825.433,0.3262,0.1746,0.62,ALERT
825.467,0.3328,0.1134,-3.13,ALERT
825.5,0.33,0.1691,1.1,ALERT
825.533,0.33,0.2184,3.33,ALERT
825.567,0.316,0.1371,-2.29,ALERT
825.6,0.3354,0.1465,0.64,ALERT
825.633,0.3228,0.1546,2.0,ALERT
825.667,0.3248,0.1959,-3.92,ALERT
825.7,0.3043,0.1007,-2.9,ALERT
825.733,0.2819,0.1662,-3.33,ALERT
825.767,0.1777,0.2017,1.11,ALERT
825.8,0.3317,0.1984,-1.19,ALERT
825.833,0.2981,0.193,-3.5,ALERT
825.867,0.3109,0.1768,-3.02,ALERT
825.9,0.3267,0.2177,0.18,ALERT
825.933,0.3084,0.2021,3.51,ALERT
825.967,0.3095,0.1502,0.72,ALERT
826.0,0.3375,0.1284,0.51,ALERT
826.033,0.3355,0.1983,-1.82,ALERT
826.067,0.2942,0.1879,0.3,ALERT
826.1,0.293,0.1114,-1.43,ALERT
826.133,0.2849,0.2099,-0.27,ALERT
826.167,0.3193,0.1329,-1.6,ALERT
826.2,0.3283,0.1532,-0.67,ALERT
826.233,0.2887,0.2086,1.27,ALERT
826.267,0.3163,0.096,2.41,ALERT
826.3,0.3114,0.1776,-0.66,ALERT
826.333,0.3259,0.17,3.93,ALERT
826.367,0.3125,0.1084,-2.95,ALERT
826.4,0.3306,0.1168,1.51,ALERT
826.433,0.296,0.1697,-3.33,ALERT
826.467,0.2928,0.1794,-2.69,ALERT
826.5,0.2829,0.2102,-3.16,ALERT
826.533,0.3386,0.1422,2.19,ALERT
826.567,0.2865,0.139,-0.02,ALERT
826.6,0.2867,0.1797,-2.65,ALERT
826.633,0.2826,0.1716,2.21,ALERT
826.667,0.328,0.1169,-0.49,ALERT
826.7,0.3141,0.1201,-2.07,ALERT
826.733,0.2988,0.1662,-3.26,ALERT
826.767,0.3204,0.1429,0.17,ALERT
826.8,0.2889,0.1493,0.63,ALERT
826.833,0.2988,0.1463,3.66,ALERT
826.867,0.2878,0.2176,-0.11,ALERT
826.9,0.2844,0.2143,-2.99,ALERT
826.933,0.3199,0.0913,2.26,ALERT
826.967,0.3246,0.183,-1.8,ALERT
827.0,0.3302,0.1247,1.82,ALERT
827.033,0.3235,0.1561,3.54,ALERT
827.067,0.3032,0.1584,1.39,ALERT
827.1,0.3201,0.1802,-2.58,ALERT
827.133,0.2971,0.1496,2.41,ALERT
827.167,0.3313,0.1737,2.45,ALERT
827.2,0.3091,0.1533,-0.4,ALERT
827.233,0.3144,0.1318,-1.84,ALERT
827.267,0.2939,0.1343,3.08,ALERT
827.3,0.2913,0.0943,0.21,ALERT
827.333,0.2878,0.0887,-1.53,ALERT
827.367,0.2804,0.1413,-3.79,ALERT
827.4,0.3378,0.1608,-0.36,ALERT
827.433,0.3058,0.0978,-2.83,ALERT
827.467,0.3228,0.0999,2.79,ALERT
827.5,0.2809,0.0925,2.76,ALERT
827.533,0.2985,0.1379,1.33,ALERT
827.567,0.321,0.1763,-0.0,ALERT
827.6,0.3196,0.158,-3.38,ALERT
827.633,0.2946,0.1411,-2.66,ALERT
827.667,0.3139,0.0853,-3.65,ALERT
827.7,0.2972,0.1498,3.27,ALERT
827.733,0.2907,0.2174,-0.97,ALERT
827.767,0.3232,0.1636,-1.44,ALERT
827.8,0.2891,0.1788,-0.58,ALERT
827.833,0.3232,0.0983,-3.69,ALERT
827.867,0.3244,0.1356,-2.64,ALERT
827.9,0.2805,0.0931,3.19,ALERT
827.933,0.2998,0.1337,0.32,ALERT
827.967,0.3094,0.1482,-0.09,ALERT
828.0,0.3082,0.1439,-2.17,ALERT
828.033,0.3154,0.131,-1.39,ALERT
828.067,0.2952,0.0809,-3.13,ALERT
828.1,0.3055,0.171,0.62,ALERT
828.133,0.3003,0.1813,-1.87,ALERT
828.167,0.3341,0.1542,-3.39,ALERT
828.2,0.2981,0.1808,2.06,ALERT
828.233,0.2976,0.0892,-3.83,ALERT
828.267,0.3207,0.0816,1.28,ALERT
828.3,0.3305,0.1696,-2.93,ALERT
828.333,0.3183,0.1292,0.09,ALERT
828.367,0.2926,0.119,2.81,ALERT
828.4,0.3307,0.134,1.3,ALERT
828.433,0.3149,0.1379,-2.26,ALERT
828.467,0.2943,0.1206,2.18,ALERT
828.5,0.3369,0.1698,3.34,ALERT
828.533,0.3078,0.1716,2.95,ALERT
828.567,0.3381,0.1691,-0.35,ALERT
828.6,0.2932,0.1494,1.02,ALERT
828.633,0.2895,0.1248,-1.13,ALERT
828.667,0.2951,0.0993,3.89,ALERT
828.7,0.2833,0.1313,0.92,ALERT
828.733,0.2985,0.2054,1.9,ALERT
828.767,0.2956,0.1892,3.76,ALERT
828.8,0.333,0.1334,0.94,ALERT
828.833,0.3178,0.2176,3.87,ALERT
828.867,0.2835,0.106,3.61,ALERT
828.9,0.3394,0.1872,1.45,ALERT
828.933,0.3046,0.1385,2.56,ALERT
828.967,0.2931,0.1104,0.47,ALERT
829.0,0.2931,0.1816,-2.34,ALERT
829.033,0.2845,0.0864,-2.68,ALERT
829.067,0.2839,0.1732,-1.19,ALERT
829.1,0.2894,0.1168,-3.69,ALERT
829.133,0.2925,0.1654,-3.52,ALERT
829.167,0.3176,0.176,2.48,ALERT
829.2,0.3338,0.1551,-0.67,ALERT
829.233,0.1369,0.1024,-2.88,ALERT
829.267,0.2977,0.1893,1.32,ALERT
829.3,0.3004,0.2055,-2.43,ALERT
829.333,0.3305,0.1758,0.82,ALERT
829.367,0.2868,0.2191,2.49,ALERT
829.4,0.2845,0.0808,-0.31,ALERT
829.433,0.3395,0.2187,1.51,ALERT
829.467,0.3275,0.2013,-1.97,ALERT
829.5,0.2872,0.1657,-1.74,ALERT
829.533,0.3246,0.1848,-3.37,ALERT
829.567,0.3372,0.102,-3.78,ALERT
829.6,0.3218,0.187,1.13,ALERT
829.633,0.3316,0.0956,2.98,ALERT
829.667,0.3019,0.128,3.95,ALERT
829.7,0.2979,0.2167,0.71,ALERT
829.733,0.2823,0.0837,-1.06,ALERT
829.767,0.3128,0.139,2.42,ALERT
829.8,0.2994,0.0985,2.15,ALERT
829.833,0.2802,0.1931,0.75,ALERT
829.867,0.326,0.1572,2.39,ALERT
829.9,0.3282,0.0924,2.88,ALERT
829.933,0.3332,0.1855,0.26,ALERT
829.967,0.1697,0.1821,-1.42,ALERT
830.0,0.3055,0.0846,-0.44,ALERT
830.033,0.2985,0.0889,-3.49,ALERT
830.067,0.287,0.1066,2.36,ALERT
830.1,0.3003,0.1419,-2.21,ALERT
830.133,0.3101,0.1402,3.43,ALERT
830.167,0.3061,0.1546,1.44,ALERT
830.2,0.2942,0.1185,1.81,ALERT
830.233,0.3007,0.1576,-0.27,ALERT
830.267,0.3383,0.1309,1.33,ALERT
830.3,0.2849,0.1875,3.39,ALERT
830.333,0.2939,0.1974,1.81,ALERT
830.367,0.3044,0.1133,2.65,ALERT
830.4,0.3354,0.1312,-3.18,ALERT
830.433,0.1473,0.2067,-3.05,ALERT
830.467,0.169,0.1175,0.13,ALERT
830.5,0.3194,0.1847,1.74,ALERT
830.533,0.2883,0.1813,1.33,ALERT
830.567,0.3137,0.1043,-2.35,ALERT
830.6,0.3211,0.1651,1.37,ALERT
830.633,0.3229,0.1676,-2.76,ALERT
830.667,0.311,0.1244,-3.61,ALERT
830.7,0.2946,0.1236,-3.39,ALERT
830.733,0.2972,0.1119,-1.04,ALERT
830.767,0.3305,0.2038,-2.41,ALERT
830.8,0.2839,0.0908,3.07,ALERT
830.833,0.3089,0.1836,-3.12,ALERT
830.867,0.3054,0.0939,-3.06,ALERT
830.9,0.2857,0.2141,-1.7,ALERT
830.933,0.2879,0.1214,0.38,ALERT
830.967,0.2917,0.2082,-1.32,ALERT
831.0,0.3203,0.1235,-0.96,ALERT
831.033,0.3043,0.2084,1.2,ALERT
831.067,0.2835,0.1923,1.21,ALERT
831.1,0.3293,0.1488,2.35,ALERT
831.133,0.2847,0.0957,1.23,ALERT
831.167,0.3291,0.1605,3.88,ALERT
831.2,0.3392,0.1648,-3.97,ALERT
831.233,0.2913,0.1703,0.92,ALERT
831.267,0.2995,0.1818,-1.56,ALERT
831.3,0.3071,0.1683,-0.12,ALERT
831.333,0.2962,0.2109,-0.96,ALERT
831.367,0.2811,0.1869,-3.84,ALERT
831.4,0.281,0.1585,-0.43,ALERT
831.433,0.286,0.1291,1.34,ALERT
831.467,0.2997,0.1552,0.46,ALERT
831.5,0.3398,0.1982,-2.4,ALERT
831.533,0.3198,0.2068,0.22,ALERT
831.567,0.3203,0.1822,-2.0,ALERT
831.6,0.3259,0.1716,-3.87,ALERT
831.633,0.289,0.2002,1.25,ALERT
831.667,0.3343,0.2125,-2.22,ALERT
831.7,0.2973,0.1841,3.46,ALERT
831.733,0.3034,0.1219,-3.37,ALERT
831.767,0.3347,0.196,1.17,ALERT
831.8,0.3288,0.1242,2.35,ALERT
831.833,0.33,0.0801,-0.13,ALERT
831.867,0.2833,0.22,-0.79,ALERT
831.9,0.2851,0.2022,3.7,ALERT
831.933,0.2927,0.1042,-2.53,ALERT
831.967,0.2806,0.1212,-3.29,ALERT
832.0,0.2931,0.1945,-1.53,ALERT
832.033,0.32,0.0967,-3.35,ALERT
832.067,0.2987,0.1323,-2.77,ALERT
832.1,0.299,0.1968,-3.97,ALERT
832.133,0.2923,0.1497,2.36,ALERT
832.167,0.2987,0.1259,-3.72,ALERT
832.2,0.3175,0.1951,-1.09,ALERT
832.233,0.3099,0.0909,3.78,ALERT
832.267,0.3033,0.1089,3.76,ALERT
832.3,0.3382,0.1002,2.53,ALERT
832.333,0.1675,0.209,-2.05,ALERT
832.367,0.2854,0.1793,-1.71,ALERT
832.4,0.3285,0.1167,2.79,ALERT
832.433,0.3331,0.1219,0.58,ALERT
832.467,0.1361,0.1991,2.05,ALERT
832.5,0.3347,0.1625,-3.67,ALERT
832.533,0.3297,0.1711,1.03,ALERT
832.567,0.3193,0.2049,-0.19,ALERT
832.6,0.3293,0.1355,2.06,ALERT
832.633,0.3065,0.1461,0.24,ALERT
832.667,0.3263,0.1557,3.42,ALERT
832.7,0.2974,0.1207,-1.55,ALERT
832.733,0.3329,0.1596,0.58,ALERT
832.767,0.3198,0.0954,-2.66,ALERT
832.8,0.3058,0.0958,-2.62,ALERT
832.833,0.3224,0.1842,-2.82,ALERT
832.867,0.3272,0.2163,0.87,ALERT
832.9,0.3138,0.1734,-0.13,ALERT
832.933,0.3029,0.2187,-3.35,ALERT
832.967,0.3345,0.1671,3.0,ALERT
833.0,0.3372,0.1607,-0.69,ALERT
833.033,0.2806,0.1229,-0.41,ALERT
833.067,0.3282,0.1188,-0.75,ALERT
833.1,0.294,0.1181,3.6,ALERT
833.133,0.3122,0.1742,-3.74,ALERT
833.167,0.3287,0.172,2.11,ALERT
833.2,0.3374,0.1255,-1.15,ALERT
833.233,0.3269,0.2049,2.04,ALERT
833.267,0.3228,0.1788,-2.79,ALERT
833.3,0.3064,0.1131,0.34,ALERT
833.333,0.2909,0.2095,-1.19,ALERT
833.367,0.3059,0.2041,3.16,ALERT
833.4,0.2978,0.1606,-2.85,ALERT
833.433,0.3216,0.2061,-0.01,ALERT
833.467,0.3382,0.1622,-0.98,ALERT
833.5,0.2968,0.1618,3.6,ALERT
833.533,0.308,0.142,-1.22,ALERT
833.567,0.3154,0.1918,-0.91,ALERT
833.6,0.3067,0.1693,-1.87,ALERT
833.633,0.3113,0.1273,-2.53,ALERT
833.667,0.2928,0.1425,-3.71,ALERT
833.7,0.296,0.1838,0.02,ALERT
833.733,0.2955,0.2181,-1.58,ALERT
833.767,0.2968,0.1667,2.45,ALERT
833.8,0.2824,0.1859,1.1,ALERT
833.833,0.2852,0.1271,-0.96,ALERT
833.867,0.2858,0.1931,-2.97,ALERT
833.9,0.3108,0.1969,3.64,ALERT
833.933,0.3125,0.1873,-3.04,ALERT
833.967,0.13,0.0991,3.42,ALERT
834.0,0.3036,0.107,-1.78,ALERT
834.033,0.2898,0.1366,-1.36,ALERT
834.067,0.3294,0.1851,0.8,ALERT
834.1,0.3154,0.1562,-1.91,ALERT
834.133,0.2934,0.2044,-1.53,ALERT
834.167,0.3203,0.1847,-2.88,ALERT
834.2,0.1304,0.082,0.66,ALERT
834.233,0.3377,0.0807,3.91,ALERT
834.267,0.2944,0.1368,2.11,ALERT
834.3,0.3261,0.1918,0.34,ALERT
834.333,0.2927,0.1508,-1.86,ALERT
834.367,0.3005,0.1521,2.38,ALERT
834.4,0.2854,0.2098,1.08,ALERT
834.433,0.3051,0.1038,2.33,ALERT
834.467,0.3097,0.2083,-2.88,ALERT
834.5,0.3112,0.1966,3.83,ALERT
834.533,0.3222,0.1372,2.18,ALERT
834.567,0.2932,0.2082,-3.65,ALERT
834.6,0.2893,0.1253,0.09,ALERT
834.633,0.3008,0.1854,-1.5,ALERT
834.667,0.2844,0.1919,1.79,ALERT
834.7,0.2806,0.1407,-2.69,ALERT
834.733,0.2891,0.1244,1.12,ALERT
834.767,0.2848,0.1787,-0.59,ALERT
834.8,0.3076,0.1585,1.08,ALERT
834.833,0.3088,0.0945,0.07,ALERT
834.867,0.3054,0.113,-2.83,ALERT
834.9,0.2981,0.0946,2.49,ALERT
834.933,0.3019,0.1589,2.42,ALERT
834.967,0.2881,0.1316,3.33,ALERT
835.0,0.2879,0.1936,-2.77,ALERT
835.033,0.3009,0.1083,0.83,ALERT
835.067,0.2868,0.1898,-2.96,ALERT
835.1,0.3127,0.143,2.39,ALERT
835.133,0.3173,0.0918,-2.18,ALERT
835.167,0.3312,0.1099,-3.73,ALERT
835.2,0.2865,0.1998,-0.97,ALERT
835.233,0.3109,0.2022,3.58,ALERT
835.267,0.3052,0.0961,1.43,ALERT
835.3,0.3313,0.112,2.4,ALERT
835.333,0.3022,0.1817,0.99,ALERT
835.367,0.3307,0.1859,-1.09,ALERT
835.4,0.3104,0.1449,1.81,ALERT
835.433,0.3063,0.2,2.05,ALERT
835.467,0.3233,0.1932,1.91,ALERT
835.5,0.3041,0.0803,-2.86,ALERT
835.533,0.3327,0.2092,-0.44,ALERT
835.567,0.3119,0.1788,1.09,ALERT
835.6,0.2806,0.1151,-0.44,ALERT
835.633,0.2915,0.1577,-0.19,ALERT
835.667,0.29,0.1819,-0.28,ALERT
835.7,0.3108,0.0814,-0.48,ALERT
835.733,0.3065,0.1472,2.97,ALERT
835.767,0.2806,0.1755,0.45,ALERT
835.8,0.3369,0.1333,-3.89,ALERT
835.833,0.3308,0.1532,2.21,ALERT
835.867,0.3282,0.1459,0.41,ALERT
835.9,0.2975,0.162,-1.07,ALERT
835.933,0.2908,0.1459,-2.38,ALERT
835.967,0.2945,0.113,0.61,ALERT
836.0,0.3388,0.1306,3.33,ALERT
836.033,0.3096,0.1224,2.72,ALERT
836.067,0.2983,0.1494,0.98,ALERT
836.1,0.3325,0.0922,-2.48,ALERT
836.133,0.1474,0.1976,3.17,ALERT
836.167,0.3154,0.1086,2.44,ALERT
836.2,0.1269,0.1297,2.86,ALERT
836.233,0.2811,0.1941,-3.6,ALERT
836.267,0.3386,0.1729,3.13,ALERT
836.3,0.2991,0.1227,-1.24,ALERT
836.333,0.1465,0.2089,-0.21,ALERT
836.367,0.2848,0.1589,3.14,ALERT
836.4,0.2963,0.1111,-1.4,ALERT
836.433,0.337,0.1817,3.39,ALERT
836.467,0.305,0.1405,0.62,ALERT
836.5,0.2844,0.2183,-1.91,ALERT
836.533,0.3259,0.1301,-1.01,ALERT
836.567,0.1477,0.1498,-3.36,ALERT
836.6,0.2885,0.1795,-0.4,ALERT
836.633,0.3077,0.1607,-2.36,ALERT
836.667,0.2982,0.1985,-0.88,ALERT
836.7,0.2996,0.1803,-2.57,ALERT
836.733,0.334,0.1536,-2.52,ALERT
836.767,0.3244,0.1008,3.46,ALERT
836.8,0.2872,0.2059,0.0,ALERT
836.833,0.303,0.1458,2.1,ALERT
836.867,0.3107,0.0981,-1.73,ALERT
836.9,0.303,0.2199,-2.94,ALERT
836.933,0.1236,0.2159,0.29,ALERT
836.967,0.3364,0.1307,1.67,ALERT
837.0,0.2928,0.2095,1.06,ALERT
837.033,0.3087,0.0995,2.46,ALERT
837.067,0.2911,0.171,-3.47,ALERT
837.1,0.3027,0.1165,2.61,ALERT
837.133,0.3024,0.1638,-0.87,ALERT
837.167,0.286,0.2021,2.76,ALERT
837.2,0.324,0.2116,-0.86,ALERT
837.233,0.3229,0.2022,3.32,ALERT
837.267,0.2929,0.1248,-2.09,ALERT
837.3,0.1281,0.1052,1.55,ALERT
837.333,0.3104,0.1197,3.43,ALERT
837.367,0.3056,0.2076,0.68,ALERT
837.4,0.3219,0.1165,1.81,ALERT
837.433,0.3297,0.1731,3.75,ALERT
837.467,0.3294,0.1992,-2.11,ALERT
837.5,0.3213,0.1948,3.62,ALERT
837.533,0.3123,0.0829,2.58,ALERT
837.567,0.3384,0.0878,0.28,ALERT
837.6,0.3283,0.0911,-3.51,ALERT
837.633,0.295,0.127,1.02,ALERT
837.667,0.3298,0.0844,3.66,ALERT
837.7,0.3137,0.1623,1.23,ALERT
837.733,0.2884,0.1357,-3.86,ALERT
837.767,0.3107,0.1778,-0.22,ALERT
837.8,0.2822,0.1951,0.74,ALERT
837.833,0.1721,0.1615,0.5,ALERT
837.867,0.2855,0.1601,-0.08,ALERT
837.9,0.3107,0.1094,-0.76,ALERT
837.933,0.3227,0.162,2.88,ALERT
837.967,0.3375,0.2044,3.89,ALERT
838.0,0.3091,0.1025,-1.03,ALERT
838.033,0.134,0.1868,3.12,ALERT
838.067,0.3035,0.199,2.6,ALERT
838.1,0.3387,0.1449,-3.48,ALERT
838.133,0.3261,0.1733,3.8,ALERT
838.167,0.3271,0.1223,0.45,ALERT
838.2,0.3195,0.0827,3.0,ALERT
838.233,0.3067,0.1432,3.49,ALERT
838.267,0.3361,0.0937,3.8,ALERT
838.3,0.3261,0.0955,-0.66,ALERT
838.333,0.3077,0.1422,0.4,ALERT
838.367,0.3057,0.1249,1.61,ALERT
838.4,0.3228,0.1339,-2.95,ALERT
838.433,0.3112,0.1545,-1.84,ALERT
838.467,0.3254,0.1082,0.85,ALERT
838.5,0.2863,0.0928,-1.44,ALERT
838.533,0.3076,0.1925,0.17,ALERT
838.567,0.3393,0.1255,-3.55,ALERT
838.6,0.3267,0.1621,3.65,ALERT
838.633,0.2987,0.1514,0.31,ALERT
838.667,0.3391,0.2149,2.64,ALERT
838.7,0.3044,0.1105,-1.39,ALERT
838.733,0.3201,0.1108,-0.44,ALERT
838.767,0.3121,0.1906,3.5,ALERT
838.8,0.2906,0.1352,3.64,ALERT
838.833,0.3262,0.0929,3.07,ALERT
838.867,0.3345,0.1646,1.27,ALERT
838.9,0.3375,0.1278,-2.68,ALERT
838.933,0.2936,0.1379,2.78,ALERT
838.967,0.3358,0.1802,0.64,ALERT
839.0,0.3256,0.0866,-3.29,ALERT
839.033,0.3004,0.1544,-1.19,ALERT
839.067,0.2897,0.1385,2.56,ALERT
839.1,0.3096,0.1077,-2.49,ALERT
839.133,0.3128,0.1324,2.75,ALERT
839.167,0.3233,0.1147,-1.94,ALERT
839.2,0.2905,0.1354,0.91,ALERT
839.233,0.2811,0.1492,-0.79,ALERT
839.267,0.293,0.1379,1.65,ALERT
839.3,0.2968,0.1375,-3.09,ALERT
839.333,0.2953,0.1473,1.71,ALERT
839.367,0.2846,0.2174,-1.09,ALERT
839.4,0.3385,0.2097,2.55,ALERT
839.433,0.3194,0.1055,3.12,ALERT
839.467,0.2883,0.1411,-0.9,ALERT
839.5,0.3356,0.1703,1.83,ALERT
839.533,0.2971,0.1814,-3.12,ALERT
839.567,0.282,0.2109,-3.05,ALERT
839.6,0.3354,0.1829,0.74,ALERT
839.633,0.2812,0.1056,-1.46,ALERT
839.667,0.2971,0.0857,-2.67,ALERT
839.7,0.3057,0.2008,3.85,ALERT
839.733,0.2842,0.1089,2.19,ALERT
839.767,0.3164,0.1204,-0.47,ALERT
839.8,0.3376,0.0882,-3.35,ALERT
839.833,0.2849,0.1247,3.09,ALERT
839.867,0.3021,0.1487,-1.49,ALERT
839.9,0.2952,0.2119,2.78,ALERT
839.933,0.2973,0.1691,-1.33,ALERT
839.967,0.2865,0.1129,-0.7,ALERT
840.0,0.3096,0.0868,-1.13,ALERT
840.033,0.3391,0.2043,0.7,ALERT
840.067,0.2934,0.1235,-3.81,ALERT
840.1,0.1794,0.1563,-3.75,ALERT
840.133,0.288,0.0977,3.73,ALERT
840.167,0.2835,0.1998,0.21,ALERT
840.2,0.3271,0.1887,-0.74,ALERT
840.233,0.3066,0.1078,-0.87,ALERT
840.267,0.282,0.177,-1.88,ALERT
840.3,0.3103,0.177,1.46,ALERT
840.333,0.337,0.1861,2.55,ALERT
840.367,0.3364,0.1549,-1.28,ALERT
840.4,0.3134,0.1184,-3.28,ALERT
840.433,0.2999,0.166,0.94,ALERT
840.467,0.2902,0.152,2.91,ALERT
840.5,0.3397,0.0978,2.09,ALERT
840.533,0.3153,0.1512,3.05,ALERT
840.567,0.3134,0.1637,2.88,ALERT
840.6,0.3223,0.2034,3.58,ALERT
840.633,0.2925,0.0885,3.31,ALERT
840.667,0.3232,0.1501,2.57,ALERT
840.7,0.2838,0.1489,-2.67,ALERT
840.733,0.3002,0.1645,2.99,ALERT
840.767,0.3264,0.1499,2.84,ALERT
840.8,0.3088,0.182,0.25,ALERT
840.833,0.3167,0.1135,-2.98,ALERT
840.867,0.3199,0.2057,-0.14,ALERT
840.9,0.3355,0.1908,-0.77,ALERT
840.933,0.2909,0.0893,-2.87,ALERT
840.967,0.3163,0.1396,3.26,ALERT
841.0,0.3131,0.0855,-0.31,ALERT
841.033,0.2865,0.1184,3.22,ALERT
841.067,0.3177,0.172,0.72,ALERT
841.1,0.297,0.2025,-0.7,ALERT
841.133,0.1777,0.0811,1.99,ALERT
841.167,0.3321,0.1962,-2.34,ALERT
841.2,0.3344,0.0998,3.59,ALERT
841.233,0.3038,0.1932,3.81,ALERT
841.267,0.2831,0.1365,-1.32,ALERT
841.3,0.3118,0.1464,-3.0,ALERT
841.333,0.2957,0.0916,-3.49,ALERT
841.367,0.3111,0.2048,1.77,ALERT
841.4,0.3257,0.198,2.66,ALERT
841.433,0.2922,0.0994,1.81,ALERT
841.467,0.3335,0.093,-0.52,ALERT
841.5,0.2926,0.09,-0.26,ALERT
841.533,0.284,0.0856,-0.56,ALERT
841.567,0.2906,0.2147,3.61,ALERT
841.6,0.302,0.1505,-0.05,ALERT
841.633,0.2973,0.1225,-0.83,ALERT
841.667,0.3222,0.1912,-3.16,ALERT
841.7,0.2924,0.1711,-2.56,ALERT
841.733,0.3304,0.2076,1.98,ALERT
841.767,0.281,0.1599,-1.13,ALERT
841.8,0.3396,0.1594,2.03,ALERT
841.833,0.2968,0.0971,0.53,ALERT
841.867,0.2925,0.1485,-0.6,ALERT
841.9,0.3273,0.1287,-0.75,ALERT
841.933,0.3087,0.1055,2.15,ALERT
841.967,0.2993,0.1063,2.45,ALERT
842.0,0.3355,0.1958,3.77,ALERT
842.033,0.3229,0.1964,2.09,ALERT
842.067,0.3133,0.1153,2.24,ALERT
842.1,0.3042,0.1659,0.16,ALERT
842.133,0.2932,0.1021,-3.74,ALERT
842.167,0.3257,0.2155,0.07,ALERT
842.2,0.3165,0.0865,1.21,ALERT
842.233,0.3343,0.1506,-2.84,ALERT
842.267,0.3297,0.1829,-2.67,ALERT
842.3,0.3075,0.0994,2.74,ALERT
842.333,0.3221,0.1511,-2.05,ALERT
842.367,0.3071,0.1496,-0.39,ALERT
842.4,0.3173,0.1177,-0.92,ALERT
842.433,0.308,0.14,2.02,ALERT
842.467,0.2869,0.21,2.06,ALERT
842.5,0.296,0.2073,-1.03,ALERT
842.533,0.2856,0.2077,-0.33,ALERT
842.567,0.3287,0.1105,-3.87,ALERT
842.6,0.2853,0.1357,1.42,ALERT
842.633,0.31,0.1976,1.47,ALERT
842.667,0.315,0.0862,2.6,ALERT
842.7,0.2895,0.1344,2.41,ALERT
842.733,0.2969,0.1797,2.5,ALERT
842.767,0.3133,0.1617,-1.02,ALERT
842.8,0.288,0.0974,-1.01,ALERT
842.833,0.2875,0.2027,1.11,ALERT
842.867,0.3363,0.0939,2.22,ALERT
842.9,0.3172,0.0802,0.03,ALERT
842.933,0.3154,0.1975,-2.39,ALERT
842.967,0.3225,0.1687,1.25,ALERT
843.0,0.2961,0.1583,-3.01,ALERT
843.033,0.3057,0.0866,3.81,ALERT
843.067,0.324,0.1135,-2.0,ALERT
843.1,0.3337,0.1173,-2.39,ALERT
843.133,0.295,0.1723,1.75,ALERT
843.167,0.3234,0.1312,-1.48,ALERT
843.2,0.3289,0.1814,1.62,ALERT
843.233,0.2922,0.208,3.83,ALERT
843.267,0.2979,0.201,3.64,ALERT
843.3,0.3224,0.1928,3.34,ALERT
843.333,0.325,0.1885,-3.4,ALERT
843.367,0.3158,0.201,0.9,ALERT
843.4,0.3291,0.1369,3.9,ALERT
843.433,0.2862,0.1175,3.45,ALERT
843.467,0.3186,0.1057,2.74,ALERT
843.5,0.3308,0.1833,3.6,ALERT
843.533,0.2818,0.1365,2.4,ALERT
843.567,0.3241,0.2034,-3.35,ALERT
843.6,0.3125,0.0879,1.15,ALERT
843.633,0.2977,0.1986,-1.7,ALERT
843.667,0.2892,0.1013,-0.2,ALERT
843.7,0.2972,0.0939,2.28,ALERT
843.733,0.2943,0.1882,1.17,ALERT
843.767,0.2903,0.192,-1.56,ALERT
843.8,0.2863,0.2153,3.13,ALERT
843.833,0.3333,0.211,1.43,ALERT
843.867,0.332,0.174,0.93,ALERT
843.9,0.3103,0.1849,-3.03,ALERT
843.933,0.2876,0.1603,2.41,ALERT
843.967,0.2981,0.1238,0.23,ALERT
844.0,0.3004,0.2011,0.77,ALERT
844.033,0.3133,0.2136,1.85,ALERT
844.067,0.3141,0.1658,2.11,ALERT
844.1,0.3233,0.1752,0.51,ALERT
844.133,0.3261,0.1642,-1.33,ALERT
844.167,0.2876,0.1025,2.47,ALERT
844.2,0.2817,0.1437,2.42,ALERT
844.233,0.289,0.106,3.2,ALERT
844.267,0.3009,0.2088,0.9,ALERT
844.3,0.2957,0.0983,-2.64,ALERT
844.333,0.3118,0.1714,0.41,ALERT
844.367,0.292,0.0851,2.15,ALERT
844.4,0.2863,0.1922,1.84,ALERT
844.433,0.3033,0.1698,1.62,ALERT
844.467,0.3153,0.1985,-2.55,ALERT
844.5,0.3216,0.1597,0.02,ALERT
844.533,0.3129,0.1453,-1.41,ALERT
844.567,0.3,0.1055,1.84,ALERT
844.6,0.3296,0.2024,-1.52,ALERT
844.633,0.3196,0.1549,-3.96,ALERT
844.667,0.3223,0.1173,-0.19,ALERT
844.7,0.3044,0.1196,-2.46,ALERT
844.733,0.3139,0.1982,-2.37,ALERT
844.767,0.2955,0.1339,-2.8,ALERT
844.8,0.2993,0.1259,0.99,ALERT
844.833,0.2933,0.1584,0.08,ALERT
844.867,0.2968,0.0899,-1.01,ALERT
844.9,0.2924,0.1518,-2.9,ALERT
844.933,0.3088,0.1057,3.61,ALERT
844.967,0.3188,0.1258,-0.78,ALERT
845.0,0.3253,0.2104,-0.21,ALERT
845.033,0.3027,0.2188,3.9,ALERT
845.067,0.284,0.0882,-3.34,ALERT
845.1,0.3228,0.1726,-1.0,ALERT
845.133,0.3105,0.2,2.3,ALERT
845.167,0.3136,0.1717,-2.76,ALERT
845.2,0.2953,0.1681,0.67,ALERT
845.233,0.3265,0.1695,-2.61,ALERT
845.267,0.3239,0.2071,-3.32,ALERT
845.3,0.3108,0.0946,0.83,ALERT
845.333,0.2848,0.1374,2.43,ALERT
845.367,0.3231,0.1692,1.88,ALERT
845.4,0.3093,0.1806,1.58,ALERT
845.433,0.3054,0.1904,-0.37,ALERT
845.467,0.3107,0.1272,2.09,ALERT
845.5,0.2819,0.183,-3.27,ALERT
845.533,0.3358,0.1047,1.98,ALERT
845.567,0.3359,0.2138,-0.19,ALERT
845.6,0.3193,0.1867,-1.67,ALERT
845.633,0.3232,0.1095,-2.09,ALERT
845.667,0.3075,0.2003,-0.62,ALERT
845.7,0.2867,0.1851,3.91,ALERT
845.733,0.2846,0.1764,0.55,ALERT
845.767,0.317,0.1662,-2.4,ALERT
845.8,0.2888,0.212,-0.74,ALERT
845.833,0.3361,0.164,-3.62,ALERT
845.867,0.3073,0.2013,-0.05,ALERT
845.9,0.3159,0.134,1.79,ALERT
845.933,0.323,0.1922,-2.53,ALERT
845.967,0.2809,0.1523,1.14,ALERT
846.0,0.2974,0.1684,3.73,ALERT
846.033,0.3215,0.0811,1.56,ALERT
846.067,0.306,0.1462,-3.32,ALERT
846.1,0.3062,0.1507,-3.44,ALERT
846.133,0.2925,0.119,0.6,ALERT
846.167,0.32,0.1868,1.6,ALERT
846.2,0.2846,0.2075,1.72,ALERT
846.233,0.327,0.1739,2.48,ALERT
846.267,0.3211,0.2032,-2.44,ALERT
846.3,0.3382,0.1874,2.16,ALERT
846.333,0.3024,0.0929,-1.79,ALERT
846.367,0.3189,0.1058,2.38,ALERT
846.4,0.3083,0.1879,-0.51,ALERT
846.433,0.2804,0.1168,3.98,ALERT
846.467,0.1279,0.1776,0.9,ALERT
846.5,0.2953,0.1861,0.42,ALERT
846.533,0.2802,0.1048,1.06,ALERT
846.567,0.3199,0.1459,0.68,ALERT
846.6,0.2961,0.0893,3.98,ALERT
846.633,0.2837,0.1907,-2.72,ALERT
846.667,0.3116,0.1473,0.49,ALERT
846.7,0.3073,0.1501,2.86,ALERT
846.733,0.3281,0.0942,-3.69,ALERT
846.767,0.3272,0.1829,-1.7,ALERT
846.8,0.3216,0.0811,-2.62,ALERT
846.833,0.3035,0.115,0.11,ALERT
846.867,0.3275,0.1476,3.39,ALERT
846.9,0.1343,0.1403,-0.53,ALERT
846.933,0.2974,0.1177,1.91,ALERT
846.967,0.3344,0.2016,-0.46,ALERT
847.0,0.3259,0.143,3.31,ALERT
847.033,0.3376,0.1639,-1.58,ALERT
847.067,0.288,0.1408,1.26,ALERT
847.1,0.2857,0.1936,2.21,ALERT
847.133,0.3371,0.1337,1.23,ALERT
847.167,0.3009,0.1227,1.42,ALERT
847.2,0.2888,0.1169,0.78,ALERT
847.233,0.178,0.1005,0.62,ALERT
847.267,0.3295,0.1387,2.75,ALERT
847.3,0.1285,0.0901,-1.08,ALERT
847.333,0.3371,0.1474,3.52,ALERT
847.367,0.288,0.1744,-2.83,ALERT
847.4,0.2983,0.2077,-1.59,ALERT
847.433,0.3155,0.1116,2.43,ALERT
847.467,0.2809,0.14,2.99,ALERT
847.5,0.2802,0.2002,3.11,ALERT
847.533,0.3311,0.1139,-1.12,ALERT
847.567,0.3265,0.2035,0.2,ALERT
847.6,0.3321,0.1091,-0.82,ALERT
847.633,0.3354,0.1059,2.58,ALERT
847.667,0.2951,0.0959,0.79,ALERT
847.7,0.3084,0.152,3.95,ALERT
847.733,0.3112,0.1694,0.42,ALERT
847.767,0.3036,0.1045,-1.89,ALERT
847.8,0.3063,0.2086,0.8,ALERT
847.833,0.3159,0.1237,1.89,ALERT
847.867,0.3184,0.1399,-1.15,ALERT
847.9,0.2833,0.0865,-1.13,ALERT
847.933,0.3393,0.2003,3.65,ALERT
847.967,0.3061,0.172,3.15,ALERT
848.0,0.3297,0.1295,1.43,ALERT
848.033,0.3393,0.1171,-0.38,ALERT
848.067,0.3109,0.1683,-2.12,ALERT
848.1,0.2932,0.1773,2.16,ALERT
848.133,0.2931,0.1425,-0.22,ALERT
848.167,0.3029,0.115,-3.84,ALERT
848.2,0.1609,0.2161,-2.18,ALERT
848.233,0.1296,0.1769,3.88,ALERT
848.267,0.3382,0.1377,1.32,ALERT
848.3,0.3046,0.1995,1.67,ALERT
848.333,0.1674,0.1658,-3.07,ALERT
848.367,0.3017,0.2081,1.45,ALERT
848.4,0.2915,0.1998,1.21,ALERT
848.433,0.3059,0.2088,-1.15,ALERT
848.467,0.3052,0.1168,1.13,ALERT
848.5,0.3347,0.0981,-1.75,ALERT
848.533,0.2929,0.1821,1.71,ALERT
848.567,0.2853,0.1879,2.94,ALERT
848.6,0.2965,0.1575,3.55,ALERT
848.633,0.2949,0.1576,-2.47,ALERT
848.667,0.295,0.1586,1.8,ALERT
848.7,0.3019,0.0818,3.75,ALERT
848.733,0.2986,0.1569,1.6,ALERT
848.767,0.2898,0.1942,3.5,ALERT
848.8,0.2817,0.1848,0.52,ALERT
848.833,0.3054,0.1958,3.9,ALERT
848.867,0.1309,0.1183,2.78,ALERT
848.9,0.2833,0.116,-1.49,ALERT
848.933,0.2916,0.2178,1.2,ALERT
848.967,0.3128,0.131,-0.57,ALERT
849.0,0.3211,0.1877,-2.33,ALERT
849.033,0.3233,0.1958,-0.29,ALERT
849.067,0.3103,0.1902,-1.4,ALERT
849.1,0.2878,0.0965,0.81,ALERT
849.133,0.3281,0.2071,3.0,ALERT
849.167,0.3211,0.1615,-3.51,ALERT
849.2,0.3233,0.0865,-2.45,ALERT
849.233,0.3193,0.2082,1.58,ALERT
849.267,0.2963,0.1633,1.21,ALERT
849.3,0.2805,0.1944,-3.4,ALERT
849.333,0.3311,0.1763,0.37,ALERT
849.367,0.2968,0.1503,-0.74,ALERT
849.4,0.3358,0.1872,-3.12,ALERT
849.433,0.3297,0.1494,1.42,ALERT
849.467,0.294,0.1598,2.45,ALERT
849.5,0.2835,0.1888,0.33,ALERT
849.533,0.3357,0.2087,-1.08,ALERT
849.567,0.3089,0.1589,-0.17,ALERT
849.6,0.1589,0.194,-1.71,ALERT
849.633,0.2915,0.1727,-3.06,ALERT
849.667,0.3072,0.1368,3.63,ALERT
849.7,0.2979,0.1986,3.95,ALERT
849.733,0.3298,0.1992,-1.67,ALERT
849.767,0.3327,0.1037,-1.4,ALERT
849.8,0.2922,0.1835,1.29,ALERT
849.833,0.334,0.1947,-0.92,ALERT
849.867,0.2828,0.2192,-0.41,ALERT
849.9,0.3338,0.143,-2.41,ALERT
849.933,0.2869,0.1732,-0.69,ALERT
849.967,0.3374,0.1226,2.53,ALERT
850.0,0.3145,0.142,2.33,ALERT
850.033,0.3265,0.1449,-2.4,ALERT
850.067,0.2876,0.1771,1.09,ALERT
850.1,0.3023,0.1564,-0.4,ALERT
850.133,0.2882,0.1917,0.92,ALERT
850.167,0.3263,0.1433,-0.78,ALERT
850.2,0.3129,0.103,2.38,ALERT
850.233,0.301,0.0955,-1.7,ALERT
850.267,0.3128,0.1359,0.87,ALERT
850.3,0.2933,0.1174,1.92,ALERT
850.333,0.3193,0.0965,2.94,ALERT
850.367,0.2814,0.091,-2.12,ALERT
850.4,0.3113,0.1499,2.14,ALERT
850.433,0.3015,0.1762,3.86,ALERT
850.467,0.2803,0.1287,-0.37,ALERT
850.5,0.3354,0.1768,0.99,ALERT
850.533,0.3222,0.2046,-3.02,ALERT
850.567,0.283,0.1466,1.04,ALERT
850.6,0.3087,0.197,2.93,ALERT
850.633,0.3163,0.1174,3.32,ALERT
850.667,0.2918,0.1621,-0.87,ALERT
850.7,0.3366,0.1775,-3.3,ALERT
850.733,0.2911,0.146,-1.1,ALERT
850.767,0.2835,0.1563,-2.67,ALERT
850.8,0.3364,0.1741,-2.84,ALERT
850.833,0.3101,0.2198,1.21,ALERT
850.867,0.3149,0.1594,2.58,ALERT
850.9,0.3304,0.0916,-0.61,ALERT
850.933,0.327,0.1963,2.56,ALERT
850.967,0.2823,0.1251,0.38,ALERT
851.0,0.2945,0.1685,-3.16,ALERT
851.033,0.3062,0.1312,3.59,ALERT
851.067,0.3305,0.1828,-0.78,ALERT
851.1,0.3214,0.2008,-1.27,ALERT
851.133,0.2963,0.1978,-0.29,ALERT
851.167,0.3077,0.1175,3.05,ALERT
851.2,0.3218,0.1985,-2.08,ALERT
851.233,0.3165,0.1999,0.53,ALERT
851.267,0.2973,0.142,-0.36,ALERT
851.3,0.3246,0.1133,0.57,ALERT
851.333,0.1554,0.1442,1.66,ALERT
851.367,0.298,0.1522,-1.52,ALERT
851.4,0.2892,0.1066,1.44,ALERT
851.433,0.2981,0.0991,-0.97,ALERT
851.467,0.306,0.1835,3.78,ALERT
851.5,0.2884,0.1479,-3.61,ALERT
851.533,0.34,0.137,1.18,ALERT
851.567,0.3067,0.1906,-2.02,ALERT
851.6,0.3241,0.0823,-3.05,ALERT
851.633,0.1282,0.1483,-2.73,ALERT
851.667,0.3126,0.1031,2.35,ALERT
851.7,0.3301,0.1676,-3.04,ALERT
851.733,0.3371,0.1438,-3.5,ALERT
851.767,0.3065,0.1776,1.33,ALERT
851.8,0.3028,0.0962,-3.31,ALERT
851.833,0.3278,0.1739,-2.36,ALERT
851.867,0.3269,0.1181,1.09,ALERT
851.9,0.3236,0.2054,1.99,ALERT
851.933,0.3297,0.1302,0.11,ALERT
851.967,0.3385,0.1325,-2.85,ALERT
852.0,0.3059,0.2126,1.35,ALERT
852.033,0.3006,0.1146,1.31,ALERT
852.067,0.3133,0.1364,-2.07,ALERT
852.1,0.333,0.1417,2.83,ALERT
852.133,0.2842,0.169,-0.46,ALERT
852.167,0.2858,0.1588,2.72,ALERT
852.2,0.3007,0.134,0.21,ALERT
852.233,0.3355,0.191,2.7,ALERT
852.267,0.3291,0.1402,0.29,ALERT
852.3,0.2962,0.1957,0.91,ALERT
852.333,0.2853,0.2141,3.12,ALERT
852.367,0.2806,0.1301,2.97,ALERT
852.4,0.3126,0.1693,-1.55,ALERT
852.433,0.3382,0.1889,-3.16,ALERT
852.467,0.2808,0.1662,-2.07,ALERT
852.5,0.2875,0.1337,2.22,ALERT
852.533,0.297,0.164,3.95,ALERT
852.567,0.3014,0.1355,-3.81,ALERT
852.6,0.2823,0.1537,-0.46,ALERT
852.633,0.2922,0.1802,-3.84,ALERT
852.667,0.3062,0.2072,3.9,ALERT
852.7,0.3001,0.1532,2.86,ALERT
852.733,0.2895,0.1538,0.66,ALERT
852.767,0.3141,0.1728,-1.54,ALERT
852.8,0.3236,0.0885,3.18,ALERT
852.833,0.2981,0.1545,3.15,ALERT
852.867,0.3136,0.1542,1.72,ALERT
852.9,0.3292,0.1189,1.96,ALERT
852.933,0.3199,0.0809,-0.56,ALERT
852.967,0.2906,0.1291,2.87,ALERT
853.0,0.338,0.1797,3.92,ALERT
853.033,0.3228,0.196,3.64,ALERT
853.067,0.3243,0.148,-3.79,ALERT
853.1,0.291,0.1018,2.37,ALERT
853.133,0.302,0.171,2.01,ALERT
853.167,0.307,0.1417,-1.71,ALERT
853.2,0.3038,0.1357,3.19,ALERT
853.233,0.3384,0.0825,-2.69,ALERT
853.267,0.3278,0.1694,-0.57,ALERT
853.3,0.2969,0.0983,-0.14,ALERT
853.333,0.3231,0.1415,3.46,ALERT
853.367,0.3114,0.1223,-3.85,ALERT
853.4,0.2997,0.0813,2.71,ALERT
853.433,0.3174,0.1638,-2.53,ALERT
853.467,0.3013,0.1404,0.95,ALERT
853.5,0.3091,0.1106,-2.68,ALERT
853.533,0.3387,0.219,-1.33,ALERT
853.567,0.3309,0.0916,0.11,ALERT
853.6,0.331,0.1746,1.54,ALERT
853.633,0.3206,0.2194,1.4,ALERT
853.667,0.2968,0.183,2.67,ALERT
853.7,0.3037,0.1557,2.2,ALERT
853.733,0.285,0.0823,-1.72,ALERT
853.767,0.3085,0.1574,-1.5,ALERT
853.8,0.302,0.1871,-3.38,ALERT
853.833,0.2921,0.1321,2.67,ALERT
853.867,0.294,0.2197,2.09,ALERT
853.9,0.3152,0.1138,-0.05,ALERT
853.933,0.3153,0.2077,-3.04,ALERT
853.967,0.2886,0.1458,2.69,ALERT
854.0,0.3247,0.1079,-1.58,ALERT
854.033,0.294,0.1823,1.17,ALERT
854.067,0.337,0.1069,3.74,ALERT
854.1,0.1698,0.1959,-1.12,ALERT
854.133,0.3229,0.1271,-3.54,ALERT
854.167,0.3225,0.134,-3.26,ALERT
854.2,0.3122,0.0963,2.74,ALERT
854.233,0.3159,0.1444,3.59,ALERT
854.267,0.2836,0.1974,2.86,ALERT
854.3,0.3324,0.1713,3.38,ALERT
854.333,0.3167,0.2079,-1.94,ALERT
854.367,0.3291,0.1638,-3.49,ALERT
854.4,0.1364,0.091,-1.23,ALERT
854.433,0.2825,0.2102,3.4,ALERT
854.467,0.3399,0.1358,1.85,ALERT
854.5,0.3279,0.2043,-2.44,ALERT
854.533,0.2971,0.2125,-0.27,ALERT
854.567,0.3013,0.1931,1.3,ALERT
854.6,0.2928,0.152,3.45,ALERT
854.633,0.295,0.2172,-2.41,ALERT
854.667,0.3259,0.2059,-1.48,ALERT
854.7,0.2913,0.1728,-0.2,ALERT
854.733,0.3008,0.1243,-3.78,ALERT
854.767,0.311,0.1556,-3.59,ALERT
854.8,0.3389,0.1447,-2.06,ALERT
854.833,0.2866,0.2179,-2.39,ALERT
854.867,0.315,0.118,-3.8,ALERT
854.9,0.315,0.166,3.56,ALERT
854.933,0.29,0.1664,-3.71,ALERT
854.967,0.3306,0.123,2.61,ALERT
855.0,0.3135,0.106,-0.85,ALERT
855.033,0.3221,0.1631,-1.91,ALERT
855.067,0.2889,0.1215,-2.02,ALERT
855.1,0.3396,0.1626,1.13,ALERT
855.133,0.3105,0.0851,-1.49,ALERT
855.167,0.3067,0.1753,-1.91,ALERT
855.2,0.3326,0.1716,0.15,ALERT
855.233,0.3213,0.1481,-1.68,ALERT
855.267,0.296,0.1064,1.82,ALERT
855.3,0.2933,0.1429,-0.28,ALERT
855.333,0.2869,0.1946,-0.51,ALERT
855.367,0.3195,0.088,1.71,ALERT
855.4,0.3017,0.1803,-0.42,ALERT
855.433,0.2901,0.1998,0.93,ALERT
855.467,0.3399,0.1748,3.3,ALERT
855.5,0.3053,0.2181,-0.3,ALERT
855.533,0.3187,0.1943,-1.66,ALERT
855.567,0.3378,0.1624,0.38,ALERT
855.6,0.3314,0.0805,3.64,ALERT
855.633,0.3179,0.179,-2.73,ALERT
855.667,0.3205,0.1264,0.22,ALERT
855.7,0.3262,0.2107,0.94,ALERT
855.733,0.3283,0.1171,3.89,ALERT
855.767,0.3397,0.1672,-1.21,ALERT
855.8,0.281,0.1507,0.69,ALERT
855.833,0.3198,0.1888,-0.7,ALERT
855.867,0.2972,0.1302,1.79,ALERT
855.9,0.3361,0.0954,3.29,ALERT
855.933,0.3265,0.1193,1.64,ALERT
855.967,0.3161,0.1892,-3.25,ALERT
856.0,0.3388,0.1279,1.22,ALERT
856.033,0.3306,0.1145,0.44,ALERT
856.067,0.3187,0.1615,3.24,ALERT
856.1,0.3022,0.1521,0.88,ALERT
856.133,0.3278,0.1784,3.59,ALERT
856.167,0.2884,0.2031,-0.71,ALERT
856.2,0.3361,0.0932,0.38,ALERT
856.233,0.3308,0.1241,-3.87,ALERT
856.267,0.3308,0.1151,0.06,ALERT
856.3,0.293,0.1556,-2.66,ALERT
856.333,0.2887,0.1039,-1.02,ALERT
856.367,0.3373,0.1992,-0.81,ALERT
856.4,0.3166,0.116,-1.82,ALERT
856.433,0.3092,0.0868,-2.5,ALERT
856.467,0.2836,0.2152,-2.47,ALERT
856.5,0.3004,0.1364,0.99,ALERT
856.533,0.3084,0.0976,1.07,ALERT
856.567,0.3004,0.162,-2.92,ALERT
856.6,0.3295,0.207,2.92,ALERT
856.633,0.3372,0.084,3.02,ALERT
856.667,0.2966,0.1778,1.65,ALERT
856.7,0.2874,0.0903,3.99,ALERT
856.733,0.2983,0.1355,3.02,ALERT
856.767,0.2884,0.2145,-0.95,ALERT
856.8,0.3149,0.1875,-0.04,ALERT
856.833,0.3017,0.1108,-0.38,ALERT
856.867,0.3006,0.0981,-1.32,ALERT
856.9,0.3356,0.1589,-3.29,ALERT
856.933,0.3197,0.1339,-3.07,ALERT
856.967,0.3149,0.1466,3.68,ALERT
857.0,0.3295,0.1067,3.38,ALERT
857.033,0.3265,0.1373,0.2,ALERT
857.067,0.2897,0.1492,-1.5,ALERT
857.1,0.3034,0.1338,-1.89,ALERT
857.133,0.2992,0.1861,-0.16,ALERT
857.167,0.1383,0.2194,2.19,ALERT
857.2,0.2953,0.2138,-0.7,ALERT
857.233,0.2978,0.1728,1.29,ALERT
857.267,0.3078,0.2035,-3.85,ALERT
857.3,0.2936,0.1038,-2.14,ALERT
857.333,0.3149,0.0936,-2.38,ALERT
857.367,0.3275,0.1324,-3.19,ALERT
857.4,0.3392,0.131,-1.64,ALERT
857.433,0.3118,0.1062,3.71,ALERT
857.467,0.3002,0.1107,1.2,ALERT
857.5,0.2851,0.1853,-0.15,ALERT
857.533,0.3056,0.1809,2.2,ALERT
857.567,0.3207,0.2118,1.36,ALERT
857.6,0.3229,0.1382,-3.69,ALERT
857.633,0.336,0.1075,1.47,ALERT
857.667,0.3137,0.1682,-2.12,ALERT
857.7,0.3027,0.1578,0.1,ALERT
857.733,0.3374,0.1866,-3.16,ALERT
857.767,0.3144,0.104,-0.23,ALERT
857.8,0.3087,0.1254,1.29,ALERT
857.833,0.3331,0.1389,1.2,ALERT
857.867,0.3017,0.2197,1.53,ALERT
857.9,0.2902,0.1405,-2.45,ALERT
857.933,0.3309,0.1177,-2.8,ALERT
857.967,0.2867,0.1152,-0.36,ALERT
858.0,0.3246,0.1407,0.31,ALERT
858.033,0.2928,0.1969,2.61,ALERT
858.067,0.3095,0.1667,0.29,ALERT
858.1,0.3156,0.147,-0.58,ALERT
858.133,0.1741,0.1124,-0.34,ALERT
858.167,0.2982,0.0988,-1.8,ALERT
858.2,0.1433,0.1304,-1.91,ALERT
858.233,0.2819,0.1032,3.53,ALERT
858.267,0.3331,0.0986,1.53,ALERT
858.3,0.2986,0.1288,2.08,ALERT
858.333,0.2875,0.0883,3.67,ALERT
858.367,0.3303,0.1804,-3.66,ALERT
858.4,0.3102,0.0937,3.77,ALERT
858.433,0.3338,0.0844,3.09,ALERT
858.467,0.2855,0.1055,0.72,ALERT
858.5,0.2809,0.1364,2.41,ALERT
858.533,0.2928,0.1876,-3.1,ALERT
858.567,0.3211,0.1078,2.23,ALERT
858.6,0.3022,0.2148,1.62,ALERT
858.633,0.3,0.1624,-1.54,ALERT
858.667,0.3228,0.1939,0.06,ALERT
858.7,0.2956,0.1157,1.27,ALERT
858.733,0.2814,0.1822,-0.1,ALERT
858.767,0.3375,0.0973,-2.75,ALERT
858.8,0.2839,0.1882,-0.39,ALERT
858.833,0.3245,0.1818,-2.28,ALERT
858.867,0.1387,0.128,-2.33,ALERT
858.9,0.2986,0.1126,-3.5,ALERT
858.933,0.3051,0.1026,2.6,ALERT
858.967,0.3201,0.1193,3.38,ALERT
859.0,0.322,0.1022,2.73,ALERT
859.033,0.2928,0.2085,-3.46,ALERT
859.067,0.2829,0.0986,-3.97,ALERT
859.1,0.3262,0.1015,-2.98,ALERT
859.133,0.296,0.1295,-2.34,ALERT
859.167,0.3171,0.1423,-3.85,ALERT
859.2,0.2819,0.1539,-0.43,ALERT
859.233,0.2808,0.1631,-0.14,ALERT
859.267,0.3336,0.163,0.68,ALERT
859.3,0.3251,0.1955,-0.67,ALERT
859.333,0.3303,0.1153,3.7,ALERT
859.367,0.3102,0.2186,1.36,ALERT
859.4,0.3319,0.156,-1.21,ALERT
859.433,0.3201,0.1017,0.72,ALERT
859.467,0.285,0.1143,-3.85,ALERT
859.5,0.3151,0.2131,-0.12,ALERT
859.533,0.3239,0.0926,2.24,ALERT
859.567,0.2802,0.2124,-3.37,ALERT
859.6,0.3394,0.1244,-1.57,ALERT
859.633,0.2806,0.1832,3.75,ALERT
859.667,0.2908,0.0817,0.91,ALERT
859.7,0.3287,0.0895,-3.56,ALERT
859.733,0.3349,0.2069,2.53,ALERT
859.767,0.3067,0.1742,3.11,ALERT
859.8,0.3307,0.1993,-3.33,ALERT
859.833,0.1289,0.1784,-3.96,ALERT
859.867,0.2993,0.216,1.01,ALERT
859.9,0.3172,0.1676,-2.85,ALERT
859.933,0.3386,0.2101,0.36,ALERT
859.967,0.3059,0.0867,3.0,ALERT
860.0,0.3092,0.1547,-3.02,ALERT
860.033,0.3241,0.2137,3.19,ALERT
860.067,0.3065,0.1056,3.34,ALERT
860.1,0.3144,0.1312,-3.52,ALERT
860.133,0.318,0.2119,0.49,ALERT
860.167,0.3172,0.181,0.07,ALERT
860.2,0.3195,0.0803,-1.76,ALERT
860.233,0.3164,0.1735,-2.87,ALERT
860.267,0.3157,0.1378,-0.6,ALERT
860.3,0.333,0.2129,-0.53,ALERT
860.333,0.3176,0.1107,-0.94,ALERT
860.367,0.3087,0.1667,2.03,ALERT
860.4,0.3142,0.1231,3.54,ALERT
860.433,0.3341,0.2052,1.1,ALERT
860.467,0.3147,0.2056,3.62,ALERT
860.5,0.3283,0.1522,-0.01,ALERT
860.533,0.3143,0.145,1.69,ALERT
860.567,0.2935,0.1887,-3.71,ALERT
860.6,0.2895,0.1261,-3.06,ALERT
860.633,0.3229,0.2062,3.38,ALERT
860.667,0.2822,0.1334,1.94,ALERT
860.7,0.3032,0.1374,1.88,ALERT
860.733,0.293,0.1876,2.28,ALERT
860.767,0.2873,0.1233,-2.93,ALERT
860.8,0.2947,0.0917,-2.78,ALERT
860.833,0.322,0.1697,-0.19,ALERT
860.867,0.3188,0.0901,-1.48,ALERT
860.9,0.3087,0.1699,2.47,ALERT
860.933,0.2934,0.2164,1.12,ALERT
860.967,0.2938,0.1513,2.29,ALERT
861.0,0.2856,0.1482,3.54,ALERT
861.033,0.3385,0.1927,2.44,ALERT
861.067,0.2805,0.1952,3.47,ALERT
861.1,0.3358,0.1454,-3.47,ALERT
861.133,0.2928,0.1699,2.75,ALERT
861.167,0.2848,0.1408,-1.83,ALERT
861.2,0.3356,0.1352,-3.22,ALERT
861.233,0.339,0.1283,-1.81,ALERT
861.267,0.2821,0.1857,-2.12,ALERT
861.3,0.3326,0.1186,-0.27,ALERT
861.333,0.3394,0.1425,2.89,ALERT
861.367,0.3216,0.1678,2.12,ALERT
861.4,0.2994,0.1524,1.15,ALERT
861.433,0.1473,0.1804,2.16,ALERT
861.467,0.3053,0.2094,0.98,ALERT
861.5,0.3071,0.0954,2.91,ALERT
861.533,0.3112,0.1724,2.61,ALERT
861.567,0.2823,0.168,-2.36,ALERT
861.6,0.3372,0.1547,-2.05,ALERT
861.633,0.1621,0.2171,2.09,ALERT
861.667,0.3371,0.2001,1.02,ALERT
861.7,0.302,0.1432,-0.56,ALERT
861.733,0.3243,0.1651,1.38,ALERT
861.767,0.2964,0.1574,-3.72,ALERT
861.8,0.3172,0.178,-1.92,ALERT
861.833,0.3191,0.0969,0.84,ALERT
861.867,0.3288,0.1203,-0.61,ALERT
861.9,0.2849,0.192,1.41,ALERT
861.933,0.3275,0.0859,-0.44,ALERT
861.967,0.3122,0.1233,-3.11,ALERT
862.0,0.2915,0.0858,3.99,ALERT
862.033,0.311,0.15,3.38,ALERT
862.067,0.3378,0.1549,1.75,ALERT
862.1,0.3013,0.1217,-2.66,ALERT
862.133,0.3298,0.1432,1.72,ALERT
862.167,0.3394,0.1287,0.94,ALERT
862.2,0.3351,0.1452,-2.38,ALERT
862.233,0.3352,0.0923,0.8,ALERT
862.267,0.3245,0.0883,1.03,ALERT
862.3,0.2845,0.1759,2.66,ALERT
862.333,0.1491,0.1465,-3.7,ALERT
862.367,0.3085,0.142,2.49,ALERT
862.4,0.3175,0.1242,3.49,ALERT
862.433,0.3326,0.1213,-3.52,ALERT
862.467,0.3392,0.1246,-2.58,ALERT
862.5,0.2992,0.1324,0.15,ALERT
862.533,0.2853,0.1013,-0.79,ALERT
862.567,0.3313,0.1037,3.42,ALERT
862.6,0.3369,0.1096,1.04,ALERT
862.633,0.3218,0.1727,-2.97,ALERT
862.667,0.2832,0.1211,2.95,ALERT
862.7,0.3005,0.1839,0.57,ALERT
862.733,0.335,0.2072,-3.01,ALERT
862.767,0.3235,0.1849,-0.71,ALERT
862.8,0.3297,0.1008,3.55,ALERT
862.833,0.2968,0.2163,-0.43,ALERT
862.867,0.2835,0.1741,-1.61,ALERT
862.9,0.3186,0.1472,-0.51,ALERT
862.933,0.2961,0.162,1.13,ALERT
862.967,0.2931,0.2189,-1.78,ALERT
863.0,0.2847,0.1965,-2.73,ALERT
863.033,0.2984,0.1589,-1.45,ALERT
863.067,0.2826,0.1098,1.33,ALERT
863.1,0.3063,0.1606,-1.62,ALERT
863.133,0.3123,0.1492,-1.27,ALERT
863.167,0.2859,0.1762,-2.15,ALERT
863.2,0.302,0.0983,-3.28,ALERT
863.233,0.3194,0.2087,3.55,ALERT
863.267,0.292,0.082,-1.58,ALERT
863.3,0.3125,0.0966,-2.47,ALERT
863.333,0.2998,0.1873,0.94,ALERT
863.367,0.2875,0.1248,3.97,ALERT
863.4,0.3064,0.1516,1.99,ALERT
863.433,0.3342,0.1886,-1.12,ALERT
863.467,0.296,0.1714,2.22,ALERT
863.5,0.2845,0.1335,0.04,ALERT
863.533,0.312,0.1509,2.26,ALERT
863.567,0.2867,0.1271,1.34,ALERT
863.6,0.3129,0.1292,3.33,ALERT
863.633,0.327,0.0883,3.44,ALERT
863.667,0.2895,0.2111,-1.63,ALERT
863.7,0.3243,0.2017,2.13,ALERT
863.733,0.2865,0.2161,1.02,ALERT
863.767,0.3172,0.0869,-3.04,ALERT
863.8,0.2836,0.211,2.11,ALERT
863.833,0.3078,0.1235,-1.15,ALERT
863.867,0.2825,0.2118,-1.36,ALERT
863.9,0.2926,0.1999,-0.78,ALERT
863.933,0.3284,0.0956,-0.72,ALERT
863.967,0.3059,0.1595,0.67,ALERT
864.0,0.2832,0.1691,-2.44,ALERT
864.033,0.324,0.2079,2.56,ALERT
864.067,0.3153,0.1174,-0.57,ALERT
864.1,0.3356,0.1063,-2.51,ALERT
864.133,0.3153,0.184,2.94,ALERT
864.167,0.3239,0.1451,1.1,ALERT
864.2,0.3098,0.1187,-3.86,ALERT
864.233,0.3244,0.1904,-1.0,ALERT
864.267,0.2964,0.1716,1.39,ALERT
864.3,0.3085,0.1152,2.33,ALERT
864.333,0.2999,0.2088,1.86,ALERT
864.367,0.2985,0.1628,-2.56,ALERT
864.4,0.3074,0.1599,1.96,ALERT
864.433,0.1719,0.1779,-1.23,ALERT
864.467,0.3007,0.1309,-1.15,ALERT
864.5,0.316,0.16,0.28,ALERT
864.533,0.3269,0.0992,-0.84,ALERT
864.567,0.2976,0.1739,-2.86,ALERT
864.6,0.3064,0.0828,-3.19,ALERT
864.633,0.3334,0.1435,3.04,ALERT
864.667,0.3097,0.0903,-1.12,ALERT
864.7,0.3128,0.1118,-2.21,ALERT
864.733,0.2837,0.1003,3.59,ALERT
864.767,0.317,0.1832,-4.0,ALERT
864.8,0.1631,0.1432,-0.44,ALERT
864.833,0.3163,0.0966,1.18,ALERT
864.867,0.3221,0.1722,-0.69,ALERT
864.9,0.3177,0.1326,-0.69,ALERT
864.933,0.2981,0.1223,0.06,ALERT
864.967,0.334,0.1949,2.6,ALERT
865.0,0.2808,0.2134,-3.73,ALERT
865.033,0.295,0.1516,1.92,ALERT
865.067,0.3087,0.0882,-3.67,ALERT
865.1,0.3319,0.1941,-2.13,ALERT
865.133,0.3296,0.2106,0.11,ALERT
865.167,0.3047,0.1447,3.67,ALERT
865.2,0.3122,0.1663,-0.77,ALERT
865.233,0.331,0.0978,2.56,ALERT
865.267,0.3105,0.2014,2.59,ALERT
865.3,0.3196,0.2156,3.22,ALERT
865.333,0.2915,0.1333,-1.03,ALERT
865.367,0.2949,0.1426,3.05,ALERT
865.4,0.3103,0.1424,-2.83,ALERT
865.433,0.3212,0.1705,0.86,ALERT
865.467,0.2912,0.1791,-3.7,ALERT
865.5,0.2878,0.1255,3.09,ALERT
865.533,0.2897,0.19,-2.56,ALERT
865.567,0.2919,0.2045,2.23,ALERT
865.6,0.2895,0.1571,-3.54,ALERT
865.633,0.2903,0.2162,0.42,ALERT
865.667,0.315,0.122,-1.45,ALERT
865.7,0.294,0.0814,0.68,ALERT
865.733,0.3137,0.1487,-2.37,ALERT
865.767,0.3113,0.098,3.23,ALERT
865.8,0.2802,0.1642,1.51,ALERT
865.833,0.2852,0.1719,-2.38,ALERT
865.867,0.3234,0.2184,1.33,ALERT
865.9,0.289,0.1123,-2.54,ALERT
865.933,0.3206,0.1116,-1.89,ALERT
865.967,0.2835,0.1723,0.52,ALERT
866.0,0.3141,0.1085,1.21,ALERT
866.033,0.3168,0.1549,-2.02,ALERT
866.067,0.3165,0.1157,-3.6,ALERT
866.1,0.3053,0.1369,-0.31,ALERT
866.133,0.3173,0.1334,-0.15,ALERT
866.167,0.2816,0.1741,3.73,ALERT
866.2,0.3029,0.1926,-0.88,ALERT
866.233,0.3027,0.1667,1.06,ALERT
866.267,0.3382,0.0899,2.29,ALERT
866.3,0.2912,0.0971,1.55,ALERT
866.333,0.2931,0.1581,-1.29,ALERT
866.367,0.3091,0.104,1.69,ALERT
866.4,0.3022,0.2171,3.29,ALERT
866.433,0.3249,0.1662,1.21,ALERT
866.467,0.3322,0.1148,-3.02,ALERT
866.5,0.3172,0.1961,0.56,ALERT
866.533,0.3314,0.2044,3.3,ALERT
866.567,0.28,0.1077,3.06,ALERT
866.6,0.2898,0.1175,-3.8,ALERT
866.633,0.3167,0.0852,-2.62,ALERT
866.667,0.3336,0.1639,-0.91,ALERT
866.7,0.325,0.205,-0.9,ALERT
866.733,0.2972,0.1137,0.36,ALERT
866.767,0.2943,0.2032,-3.49,ALERT
866.8,0.325,0.1834,1.86,ALERT
866.833,0.2945,0.1194,-1.95,ALERT
866.867,0.3036,0.095,3.75,ALERT
866.9,0.3149,0.1547,3.43,ALERT
866.933,0.303,0.2165,3.44,ALERT
866.967,0.2909,0.1016,-3.81,ALERT
867.0,0.3332,0.0823,-1.31,ALERT
867.033,0.3273,0.2047,2.84,ALERT
867.067,0.307,0.1784,-2.59,ALERT
867.1,0.2827,0.0961,0.2,ALERT
867.133,0.2979,0.216,-0.47,ALERT
867.167,0.3028,0.1126,-3.68,ALERT
867.2,0.3353,0.1123,1.04,ALERT
867.233,0.3123,0.1498,1.6,ALERT
867.267,0.3124,0.2182,3.06,ALERT
867.3,0.3123,0.0809,1.41,ALERT
867.333,0.2907,0.14,0.69,ALERT
867.367,0.2946,0.2091,0.35,ALERT
867.4,0.3009,0.1216,0.27,ALERT
867.433,0.3183,0.1749,-2.27,ALERT
867.467,0.2976,0.1514,-3.15,ALERT
867.5,0.2973,0.0871,-1.57,ALERT
867.533,0.3166,0.1327,0.09,ALERT
867.567,0.3073,0.1728,0.66,ALERT
867.6,0.3202,0.0838,0.18,ALERT
867.633,0.3287,0.1769,-1.12,ALERT
867.667,0.3048,0.1194,3.42,ALERT
867.7,0.306,0.1066,1.61,ALERT
867.733,0.2967,0.1922,0.6,ALERT
867.767,0.3064,0.1163,0.9,ALERT
867.8,0.3071,0.2092,2.43,ALERT
867.833,0.3356,0.1241,3.42,ALERT
867.867,0.2876,0.1322,0.53,ALERT
867.9,0.2897,0.1561,1.63,ALERT
867.933,0.2915,0.1673,-0.37,ALERT
867.967,0.288,0.1639,-1.07,ALERT
868.0,0.331,0.0954,-0.86,ALERT
868.033,0.3125,0.1813,-3.49,ALERT
868.067,0.3237,0.1617,-1.96,ALERT
868.1,0.2814,0.095,-0.72,ALERT
868.133,0.3384,0.1784,2.27,ALERT
868.167,0.2926,0.092,-2.37,ALERT
868.2,0.337,0.1489,1.44,ALERT
868.233,0.3234,0.1882,-1.69,ALERT
868.267,0.3059,0.1836,1.09,ALERT
868.3,0.2936,0.126,3.04,ALERT
868.333,0.2807,0.1692,1.17,ALERT
868.367,0.2803,0.1813,1.29,ALERT
868.4,0.2849,0.1396,1.63,ALERT
868.433,0.3385,0.216,-2.68,ALERT
868.467,0.3126,0.2066,1.16,ALERT
868.5,0.3054,0.2103,1.93,ALERT
868.533,0.3021,0.1468,1.31,ALERT
868.567,0.1679,0.1743,-3.16,ALERT
868.6,0.3211,0.1395,-1.37,ALERT
868.633,0.2924,0.1603,1.98,ALERT
868.667,0.3032,0.0964,1.14,ALERT
868.7,0.3334,0.0907,-3.34,ALERT
868.733,0.3393,0.2159,-3.93,ALERT
868.767,0.3106,0.1118,0.05,ALERT
868.8,0.305,0.2066,-3.8,ALERT
868.833,0.2809,0.1304,0.88,ALERT
868.867,0.297,0.1329,0.75,ALERT
868.9,0.3391,0.1358,-3.74,ALERT
868.933,0.3146,0.1848,0.16,ALERT
868.967,0.3075,0.1683,-3.58,ALERT
869.0,0.3244,0.22,-1.31,ALERT
869.033,0.298,0.1548,-1.05,ALERT
869.067,0.2999,0.1001,2.31,ALERT
869.1,0.3213,0.1809,0.84,ALERT
869.133,0.322,0.2146,3.9,ALERT
869.167,0.2982,0.1591,-0.6,ALERT
869.2,0.3316,0.1138,-2.12,ALERT
869.233,0.2942,0.1788,-0.82,ALERT
869.267,0.3274,0.0811,-1.77,ALERT
869.3,0.2974,0.2052,-0.26,ALERT
869.333,0.3384,0.1159,2.64,ALERT
869.367,0.3225,0.1004,1.82,ALERT
869.4,0.3076,0.0802,-0.8,ALERT
869.433,0.2929,0.2025,-2.31,ALERT
869.467,0.3331,0.1711,3.85,ALERT
869.5,0.2891,0.0859,0.65,ALERT
869.533,0.3136,0.1834,2.71,ALERT
869.567,0.3087,0.2159,3.95,ALERT
869.6,0.3352,0.1888,-2.6,ALERT
869.633,0.2881,0.1876,-2.1,ALERT
869.667,0.2991,0.1774,1.44,ALERT
869.7,0.3185,0.1854,3.91,ALERT
869.733,0.2891,0.174,-3.09,ALERT
869.767,0.2837,0.1133,-1.86,ALERT
869.8,0.2855,0.1922,0.32,ALERT
869.833,0.3053,0.1944,-1.1,ALERT
869.867,0.307,0.1411,2.98,ALERT
869.9,0.333,0.0993,0.39,ALERT
869.933,0.3123,0.1911,2.46,ALERT
869.967,0.3101,0.2123,3.1,ALERT
870.0,0.3252,0.1285,-3.87,ALERT
870.033,0.3379,0.1658,-2.55,ALERT
870.067,0.3054,0.1332,-2.62,ALERT
870.1,0.2897,0.1995,3.1,ALERT
870.133,0.3182,0.0942,2.27,ALERT
870.167,0.3088,0.2078,1.77,ALERT
870.2,0.3258,0.092,3.26,ALERT
870.233,0.3175,0.1312,0.06,ALERT
870.267,0.3056,0.1151,1.76,ALERT
870.3,0.3166,0.0927,0.26,ALERT
870.333,0.3148,0.2014,-3.07,ALERT
870.367,0.3179,0.1434,0.63,ALERT
870.4,0.3086,0.1816,-2.74,ALERT
870.433,0.3391,0.1467,0.99,ALERT
870.467,0.2928,0.1497,-1.67,ALERT
870.5,0.3139,0.1932,-2.81,ALERT
870.533,0.3193,0.1154,-2.26,ALERT
870.567,0.2857,0.1741,0.94,ALERT
870.6,0.2959,0.1856,-1.67,ALERT
870.633,0.3377,0.1965,3.01,ALERT
870.667,0.3043,0.1012,0.62,ALERT
870.7,0.3081,0.1099,-1.26,ALERT
870.733,0.33,0.191,0.94,ALERT
870.767,0.3255,0.1721,-2.75,ALERT
870.8,0.315,0.1371,-3.74,ALERT
870.833,0.3314,0.0939,-3.66,ALERT
870.867,0.3091,0.1545,-2.23,ALERT
870.9,0.3176,0.0942,-3.65,ALERT
870.933,0.3161,0.203,3.64,ALERT
870.967,0.2984,0.1547,3.41,ALERT
871.0,0.3211,0.1248,-2.24,ALERT
871.033,0.3234,0.1768,-1.13,ALERT
871.067,0.3351,0.161,-2.97,ALERT
871.1,0.34,0.161,0.87,ALERT
871.133,0.323,0.1141,3.88,ALERT
871.167,0.2855,0.1256,-2.87,ALERT
871.2,0.3393,0.1611,-1.59,ALERT
871.233,0.3229,0.1108,0.98,ALERT
871.267,0.3325,0.1753,-3.27,ALERT
871.3,0.3338,0.1911,3.6,ALERT
871.333,0.3046,0.2051,2.72,ALERT
871.367,0.291,0.1808,-2.51,ALERT
871.4,0.3225,0.1434,-3.12,ALERT
871.433,0.3044,0.1994,-3.08,ALERT
871.467,0.2961,0.1241,-0.37,ALERT
871.5,0.3331,0.0897,1.04,ALERT
871.533,0.3005,0.0817,-3.53,ALERT
871.567,0.1339,0.1967,1.47,ALERT
871.6,0.3151,0.1369,1.02,ALERT
871.633,0.2869,0.0992,-3.8,ALERT
871.667,0.2996,0.1172,0.85,ALERT
871.7,0.3314,0.1378,1.0,ALERT
871.733,0.334,0.1995,-2.92,ALERT
871.767,0.2807,0.2118,2.68,ALERT
871.8,0.2986,0.111,2.4,ALERT
871.833,0.3343,0.2101,-3.24,ALERT
871.867,0.2971,0.1296,2.34,ALERT
871.9,0.2905,0.1181,3.3,ALERT
871.933,0.3191,0.1939,0.07,ALERT
871.967,0.3114,0.0829,3.69,ALERT
872.0,0.3272,0.0943,3.23,ALERT
872.033,0.1538,0.1705,2.7,ALERT
872.067,0.3146,0.1797,1.35,ALERT
872.1,0.282,0.1272,1.82,ALERT
872.133,0.3341,0.1775,0.66,ALERT
872.167,0.321,0.0922,3.19,ALERT
872.2,0.3019,0.0955,1.08,ALERT
872.233,0.3028,0.0911,3.33,ALERT
872.267,0.3196,0.1667,0.06,ALERT
872.3,0.31,0.1629,2.38,ALERT
872.333,0.3329,0.1639,-3.26,ALERT
872.367,0.3107,0.1338,1.11,ALERT
872.4,0.3181,0.1448,2.63,ALERT
872.433,0.3236,0.1569,1.36,ALERT
872.467,0.2911,0.1556,-3.4,ALERT
872.5,0.3111,0.1163,-1.34,ALERT
872.533,0.3092,0.0859,-1.47,ALERT
872.567,0.2813,0.1105,-2.08,ALERT
872.6,0.3349,0.166,-0.29,ALERT
872.633,0.3133,0.21,1.9,ALERT
872.667,0.2986,0.2052,1.15,ALERT
872.7,0.33,0.1235,1.43,ALERT
872.733,0.3193,0.0847,-3.49,ALERT
872.767,0.3305,0.1319,-3.75,ALERT
872.8,0.3387,0.1563,1.85,ALERT
872.833,0.2963,0.2133,-3.27,ALERT
872.867,0.2801,0.1016,-0.69,ALERT
872.9,0.3073,0.2099,3.6,ALERT
872.933,0.3354,0.1142,-0.03,ALERT
872.967,0.3044,0.1476,3.98,ALERT
873.0,0.3199,0.1401,-1.55,ALERT
873.033,0.3226,0.1603,1.29,ALERT
873.067,0.3064,0.2112,2.61,ALERT
873.1,0.3287,0.1724,1.44,ALERT
873.133,0.2865,0.1798,-2.82,ALERT
873.167,0.2982,0.2167,-2.24,ALERT
873.2,0.3244,0.2169,-3.19,ALERT
873.233,0.3259,0.1774,3.64,ALERT
873.267,0.326,0.1007,-1.46,ALERT
873.3,0.3332,0.156,2.24,ALERT
873.333,0.3325,0.1116,-3.28,ALERT
873.367,0.3251,0.1145,1.42,ALERT
873.4,0.289,0.1438,-1.44,ALERT
873.433,0.3392,0.1454,-1.36,ALERT
873.467,0.3171,0.1242,1.43,ALERT
873.5,0.2947,0.1281,-2.62,ALERT
873.533,0.2929,0.1167,0.08,ALERT
873.567,0.2827,0.0822,-2.46,ALERT
873.6,0.292,0.176,-1.47,ALERT
873.633,0.2892,0.1542,2.71,ALERT
873.667,0.2811,0.2199,1.49,ALERT
873.7,0.3126,0.1316,-3.15,ALERT
873.733,0.2996,0.1129,-0.22,ALERT
873.767,0.3355,0.155,1.51,ALERT
873.8,0.2802,0.1339,-1.96,ALERT
873.833,0.3345,0.1938,-1.77,ALERT
873.867,0.2956,0.172,1.03,ALERT
873.9,0.3271,0.1624,-1.16,ALERT
873.933,0.3231,0.159,1.4,ALERT
873.967,0.3009,0.1405,2.92,ALERT
874.0,0.2894,0.1742,-3.16,ALERT
874.033,0.3315,0.2072,3.52,ALERT
874.067,0.3297,0.1122,-1.7,ALERT
874.1,0.2975,0.1447,3.59,ALERT
874.133,0.2893,0.0979,-0.43,ALERT
874.167,0.328,0.1694,-3.26,ALERT
874.2,0.309,0.1549,-1.58,ALERT
874.233,0.327,0.1488,-1.15,ALERT
874.267,0.3211,0.1191,-2.1,ALERT
874.3,0.1489,0.1063,2.46,ALERT
874.333,0.2945,0.1043,1.95,ALERT
874.367,0.3345,0.1956,-3.7,ALERT
874.4,0.2921,0.1153,3.32,ALERT
874.433,0.3097,0.1527,2.79,ALERT
874.467,0.3033,0.124,-3.01,ALERT
874.5,0.2868,0.1331,0.01,ALERT
874.533,0.3369,0.0953,1.43,ALERT
874.567,0.2913,0.0953,1.93,ALERT
874.6,0.3157,0.1274,1.68,ALERT
874.633,0.3387,0.1267,1.04,ALERT
874.667,0.3161,0.0855,0.98,ALERT
874.7,0.3275,0.2068,1.8,ALERT
874.733,0.3123,0.0923,-0.44,ALERT
874.767,0.1447,0.1246,-3.5,ALERT
874.8,0.2821,0.1402,-0.97,ALERT
874.833,0.3314,0.1882,-3.31,ALERT
874.867,0.3283,0.1169,3.74,ALERT
874.9,0.3143,0.0982,2.4,ALERT
874.933,0.2858,0.1633,1.6,ALERT
874.967,0.3318,0.1693,-3.53,ALERT
875.0,0.319,0.1889,0.63,ALERT
875.033,0.2877,0.0942,-3.33,ALERT
875.067,0.3154,0.0925,-3.11,ALERT
875.1,0.3023,0.1757,-0.94,ALERT
875.133,0.2893,0.1727,2.56,ALERT
875.167,0.2917,0.1999,-0.27,ALERT
875.2,0.3166,0.1679,-2.97,ALERT
875.233,0.3283,0.0959,0.07,ALERT
875.267,0.2883,0.1509,2.01,ALERT
875.3,0.3086,0.1334,-1.25,ALERT
875.333,0.3095,0.1119,-0.77,ALERT
875.367,0.2995,0.1242,1.13,ALERT
875.4,0.2843,0.1505,-3.59,ALERT
875.433,0.32,0.1355,-0.96,ALERT
875.467,0.2842,0.1352,3.26,ALERT
875.5,0.2988,0.095,-3.79,ALERT
875.533,0.2881,0.1725,-0.65,ALERT
875.567,0.2968,0.1982,0.21,ALERT
875.6,0.331,0.0987,-2.17,ALERT
875.633,0.3384,0.1246,1.08,ALERT
875.667,0.3234,0.1673,-0.98,ALERT
875.7,0.3232,0.1158,-2.33,ALERT
875.733,0.29,0.2008,-2.68,ALERT
875.767,0.3122,0.109,-1.21,ALERT
875.8,0.313,0.2125,-0.22,ALERT
875.833,0.322,0.1878,-3.23,ALERT
875.867,0.2876,0.1974,-1.25,ALERT
875.9,0.3162,0.1458,0.14,ALERT
875.933,0.3368,0.2146,-1.21,ALERT
875.967,0.3225,0.1434,-3.16,ALERT
876.0,0.3201,0.0895,-0.24,ALERT
876.033,0.3275,0.0949,-2.57,ALERT
876.067,0.3154,0.1656,-2.12,ALERT
876.1,0.3171,0.0986,0.5,ALERT
876.133,0.3223,0.1258,3.46,ALERT
876.167,0.3298,0.1172,-3.7,ALERT
876.2,0.2831,0.1293,-0.93,ALERT
876.233,0.3286,0.2086,1.45,ALERT
876.267,0.3218,0.1044,2.46,ALERT
876.3,0.3363,0.2185,-3.99,ALERT
876.333,0.3096,0.1693,0.65,ALERT
876.367,0.3144,0.143,-3.2,ALERT
876.4,0.3157,0.1098,-2.19,ALERT
876.433,0.3381,0.0927,-2.18,ALERT
876.467,0.2812,0.2171,-4.0,ALERT
876.5,0.3343,0.1811,2.04,ALERT
876.533,0.3083,0.1826,-2.62,ALERT
876.567,0.3345,0.1323,3.57,ALERT
876.6,0.3198,0.1144,2.92,ALERT
876.633,0.2864,0.1934,0.37,ALERT
876.667,0.3194,0.1653,-3.8,ALERT
876.7,0.3154,0.1041,0.84,ALERT
876.733,0.3005,0.1576,1.57,ALERT
876.767,0.3373,0.1358,0.5,ALERT
876.8,0.2985,0.1457,2.42,ALERT
876.833,0.2823,0.1771,-2.19,ALERT
876.867,0.3137,0.1858,3.48,ALERT
876.9,0.3066,0.1767,2.76,ALERT
876.933,0.3113,0.1165,-3.07,ALERT
876.967,0.3041,0.1964,3.98,ALERT
877.0,0.3215,0.1172,3.5,ALERT
877.033,0.2826,0.1659,1.72,ALERT
877.067,0.298,0.1447,-1.31,ALERT
877.1,0.3117,0.1745,3.25,ALERT
877.133,0.2976,0.1111,1.0,ALERT
877.167,0.3369,0.1227,0.81,ALERT
877.2,0.3247,0.2101,1.76,ALERT
877.233,0.3388,0.1869,2.32,ALERT
877.267,0.3348,0.2034,-0.74,ALERT
877.3,0.3295,0.2113,3.09,ALERT
877.333,0.3037,0.168,-1.09,ALERT
877.367,0.2986,0.1946,-3.16,ALERT
877.4,0.3107,0.1799,0.33,ALERT
877.433,0.2911,0.1321,2.74,ALERT
877.467,0.3312,0.1274,1.67,ALERT
877.5,0.2952,0.2106,-2.68,ALERT
877.533,0.3356,0.1061,-3.97,ALERT
877.567,0.3244,0.1939,0.15,ALERT
877.6,0.3189,0.1731,0.64,ALERT
877.633,0.3364,0.1621,3.27,ALERT
877.667,0.2862,0.1404,3.88,ALERT
877.7,0.3213,0.0951,-2.14,ALERT
877.733,0.3033,0.0809,-2.44,ALERT
877.767,0.2886,0.1614,1.76,ALERT
877.8,0.3085,0.1697,-3.43,ALERT
877.833,0.2955,0.2166,4.0,ALERT
877.867,0.2841,0.096,-0.11,ALERT
877.9,0.2967,0.2042,1.72,ALERT
877.933,0.3247,0.1156,2.52,ALERT
877.967,0.2824,0.1412,-1.19,ALERT
878.0,0.3035,0.0956,1.74,ALERT
878.033,0.3218,0.0866,-2.03,ALERT
878.067,0.3054,0.1529,0.03,ALERT
878.1,0.2919,0.1815,-1.34,ALERT
878.133,0.3186,0.1367,0.12,ALERT
878.167,0.3064,0.1639,3.23,ALERT
878.2,0.2805,0.1844,-0.98,ALERT
878.233,0.2858,0.1213,-1.1,ALERT
878.267,0.1472,0.1445,-2.71,ALERT
878.3,0.3244,0.1237,0.74,ALERT
878.333,0.3083,0.184,3.58,ALERT
878.367,0.2875,0.1177,-2.39,ALERT
878.4,0.3214,0.0986,2.35,ALERT
878.433,0.2914,0.1234,3.7,ALERT
878.467,0.3172,0.1593,3.31,ALERT
878.5,0.3233,0.2031,3.13,ALERT
878.533,0.3399,0.1212,-2.68,ALERT
878.567,0.3093,0.1981,-0.97,ALERT
878.6,0.3128,0.1689,-1.73,ALERT
878.633,0.3322,0.2043,-3.74,ALERT
878.667,0.3203,0.1239,2.07,ALERT
878.7,0.3211,0.1888,2.32,ALERT
878.733,0.319,0.1096,0.81,ALERT
878.767,0.3121,0.149,-2.89,ALERT
878.8,0.3256,0.2187,1.16,ALERT
878.833,0.304,0.1364,-0.87,ALERT
878.867,0.3362,0.0808,2.34,ALERT
878.9,0.322,0.1804,-2.26,ALERT
878.933,0.2837,0.1646,-1.89,ALERT
878.967,0.2972,0.1544,-1.19,ALERT
879.0,0.3154,0.1208,0.24,ALERT
879.033,0.3046,0.14,-1.1,ALERT
879.067,0.3103,0.1082,-3.37,ALERT
879.1,0.127,0.1375,0.32,ALERT
879.133,0.299,0.1745,-3.64,ALERT
879.167,0.2996,0.1887,-1.29,ALERT
879.2,0.3221,0.0807,2.02,ALERT
879.233,0.3041,0.145,-1.44,ALERT
879.267,0.3316,0.2011,2.28,ALERT
879.3,0.1343,0.1141,3.88,ALERT
879.333,0.2987,0.1182,-0.57,ALERT
879.367,0.3322,0.1126,-3.9,ALERT
879.4,0.3027,0.0875,-2.7,ALERT
879.433,0.3197,0.113,-1.37,ALERT
879.467,0.2818,0.1558,-3.01,ALERT
879.5,0.3055,0.1796,-0.48,ALERT
879.533,0.3351,0.1586,-3.72,ALERT
879.567,0.3338,0.1539,0.52,ALERT
879.6,0.316,0.1853,-3.03,ALERT
879.633,0.1419,0.2162,-2.79,ALERT
879.667,0.3346,0.1428,-0.44,ALERT
879.7,0.2811,0.0875,-1.08,ALERT
879.733,0.3211,0.2038,1.72,ALERT
879.767,0.2837,0.1487,0.76,ALERT
879.8,0.3341,0.2048,2.78,ALERT
879.833,0.3163,0.1511,1.23,ALERT
879.867,0.2933,0.1976,-1.83,ALERT
879.9,0.3222,0.1766,-1.92,ALERT
879.933,0.2974,0.18,1.66,ALERT
879.967,0.3294,0.1684,0.5,ALERT
880.0,0.3241,0.1941,-0.66,ALERT
880.033,0.3309,0.2052,1.48,ALERT
880.067,0.3208,0.1961,-2.6,ALERT
880.1,0.2961,0.1432,-1.0,ALERT
880.133,0.2826,0.0947,3.17,ALERT
880.167,0.289,0.1364,0.62,ALERT
880.2,0.2872,0.2139,-3.78,ALERT
880.233,0.3195,0.1325,3.12,ALERT
880.267,0.2882,0.091,-1.18,ALERT
880.3,0.3113,0.1899,-0.55,ALERT
880.333,0.1506,0.0953,-3.59,ALERT
880.367,0.3111,0.1878,2.58,ALERT
880.4,0.3065,0.1717,2.31,ALERT
880.433,0.3172,0.0909,-2.08,ALERT
880.467,0.3159,0.2103,-2.53,ALERT
880.5,0.2925,0.2124,-1.13,ALERT
880.533,0.3383,0.0913,2.05,ALERT
880.567,0.3356,0.1592,0.76,ALERT
880.6,0.324,0.1309,1.84,ALERT
880.633,0.3365,0.2168,-0.45,ALERT
880.667,0.3074,0.0907,1.28,ALERT
880.7,0.3372,0.1314,2.23,ALERT
880.733,0.3044,0.1058,-1.0,ALERT
880.767,0.3054,0.186,-0.19,ALERT
880.8,0.3359,0.1017,-0.15,ALERT
880.833,0.3008,0.1424,1.34,ALERT
880.867,0.3121,0.2093,1.6,ALERT
880.9,0.2856,0.1614,-3.54,ALERT
880.933,0.3156,0.1452,-1.79,ALERT
880.967,0.3289,0.124,0.4,ALERT
881.0,0.3191,0.2069,-1.94,ALERT
881.033,0.3361,0.2015,1.06,ALERT
881.067,0.3316,0.1613,0.39,ALERT
881.1,0.293,0.0873,-3.63,ALERT
881.133,0.3361,0.1214,3.8,ALERT
881.167,0.3278,0.1807,2.33,ALERT
881.2,0.3001,0.108,1.49,ALERT
881.233,0.3201,0.1011,-3.8,ALERT
881.267,0.3038,0.1164,-2.6,ALERT
881.3,0.3382,0.1235,-0.69,ALERT
881.333,0.1719,0.096,1.35,ALERT
881.367,0.3145,0.1602,-2.46,ALERT
881.4,0.2894,0.1616,-3.93,ALERT
881.433,0.2835,0.1127,2.35,ALERT
881.467,0.3018,0.2054,1.05,ALERT
881.5,0.2971,0.1284,-0.26,ALERT
881.533,0.3168,0.0832,3.57,ALERT
881.567,0.3301,0.1789,-3.84,ALERT
881.6,0.2834,0.205,2.03,ALERT
881.633,0.3253,0.1512,-2.07,ALERT
881.667,0.2914,0.14,2.35,ALERT
881.7,0.2968,0.1916,-3.67,ALERT
881.733,0.3027,0.1584,-0.19,ALERT
881.767,0.2913,0.1151,-2.16,ALERT
881.8,0.3155,0.1426,-1.82,ALERT
881.833,0.3171,0.1828,-3.99,ALERT
881.867,0.2865,0.092,0.86,ALERT
881.9,0.2919,0.1056,3.83,ALERT
881.933,0.3252,0.1957,-2.73,ALERT
881.967,0.3253,0.1553,3.53,ALERT
882.0,0.3019,0.1394,-1.82,ALERT
882.033,0.3065,0.1118,-2.78,ALERT
882.067,0.2857,0.1612,3.16,ALERT
882.1,0.2896,0.1289,0.26,ALERT
882.133,0.3335,0.1362,3.19,ALERT
882.167,0.3221,0.2094,-2.25,ALERT
882.2,0.3185,0.2175,0.94,ALERT
882.233,0.297,0.2121,1.2,ALERT
882.267,0.3027,0.1756,-2.66,ALERT
882.3,0.3302,0.0924,-1.98,ALERT
882.333,0.3336,0.1394,-2.8,ALERT
882.367,0.3188,0.1103,-3.81,ALERT
882.4,0.3281,0.1847,0.58,ALERT
882.433,0.3066,0.1994,-0.16,ALERT
882.467,0.3043,0.2119,3.5,ALERT
882.5,0.2982,0.0866,2.44,ALERT
882.533,0.3127,0.1897,-3.87,ALERT
882.567,0.2956,0.1333,-0.34,ALERT
882.6,0.3201,0.2124,3.91,ALERT
882.633,0.3056,0.1632,2.96,ALERT
882.667,0.1762,0.0951,0.2,ALERT
882.7,0.3317,0.1327,-0.05,ALERT
882.733,0.3232,0.176,2.17,ALERT
882.767,0.3253,0.0942,-1.03,ALERT
882.8,0.2886,0.1292,2.01,ALERT
882.833,0.3064,0.146,-0.52,ALERT
882.867,0.2985,0.0995,-0.08,ALERT
882.9,0.3101,0.0849,-0.76,ALERT
882.933,0.3162,0.1232,-1.29,ALERT
882.967,0.3316,0.0999,1.88,ALERT
883.0,0.3182,0.0887,-1.46,ALERT
883.033,0.3101,0.1928,-1.08,ALERT
883.067,0.2852,0.142,-2.26,ALERT
883.1,0.3151,0.1588,-0.69,ALERT
883.133,0.3202,0.179,-0.92,ALERT
883.167,0.3316,0.0857,-2.82,ALERT
883.2,0.2906,0.2108,-2.82,ALERT
883.233,0.2833,0.2132,1.98,ALERT
883.267,0.34,0.1252,-2.39,ALERT
883.3,0.3267,0.2084,0.27,ALERT
883.333,0.282,0.1495,2.54,ALERT
883.367,0.2903,0.1599,0.44,ALERT
883.4,0.3205,0.1738,-1.17,ALERT
883.433,0.321,0.0889,-1.35,ALERT
883.467,0.2975,0.0995,-0.3,ALERT
883.5,0.2811,0.1357,1.79,ALERT
883.533,0.2956,0.1539,-3.97,ALERT
883.567,0.3227,0.0995,-0.1,ALERT
883.6,0.3205,0.2081,-1.71,ALERT
883.633,0.3041,0.0965,1.6,ALERT
883.667,0.2839,0.1343,1.6,ALERT
883.7,0.3384,0.1818,-2.03,ALERT
883.733,0.2816,0.1855,2.41,ALERT
883.767,0.2867,0.1428,2.79,ALERT
883.8,0.3154,0.1045,1.49,ALERT
883.833,0.3079,0.2131,-2.61,ALERT
883.867,0.3101,0.1305,2.9,ALERT
883.9,0.3243,0.0966,-2.69,ALERT
883.933,0.2978,0.1756,0.99,ALERT
883.967,0.2823,0.1734,-1.71,ALERT
884.0,0.3371,0.1877,-2.51,ALERT
884.033,0.2927,0.1147,-0.03,ALERT
884.067,0.3192,0.1073,-0.91,ALERT
884.1,0.3289,0.0846,-3.71,ALERT
884.133,0.3137,0.1818,-0.11,ALERT
884.167,0.3165,0.0886,-0.85,ALERT
884.2,0.3083,0.1286,1.98,ALERT
884.233,0.3135,0.0802,-3.51,ALERT
884.267,0.3277,0.1125,-1.56,ALERT
884.3,0.3188,0.136,-3.49,ALERT
884.333,0.2854,0.1996,0.97,ALERT
884.367,0.2984,0.0991,3.09,ALERT
884.4,0.3001,0.1592,3.72,ALERT
884.433,0.3263,0.1777,-2.74,ALERT
884.467,0.3125,0.2186,1.97,ALERT
884.5,0.2908,0.0908,2.15,ALERT
884.533,0.3202,0.1898,0.65,ALERT
884.567,0.3379,0.2116,0.47,ALERT
884.6,0.3397,0.1357,3.3,ALERT
884.633,0.3244,0.1051,-0.01,ALERT
884.667,0.2922,0.1848,-0.43,ALERT
884.7,0.2897,0.0925,3.03,ALERT
884.733,0.2833,0.1371,3.73,ALERT
884.767,0.3305,0.0898,1.25,ALERT
884.8,0.2985,0.1303,-3.22,ALERT
884.833,0.3102,0.1759,-0.51,ALERT
884.867,0.2898,0.1879,-1.81,ALERT
884.9,0.3282,0.219,0.58,ALERT
884.933,0.2805,0.217,-3.62,ALERT
884.967,0.311,0.1574,3.71,ALERT
885.0,0.2834,0.1258,3.23,ALERT
885.033,0.3108,0.1266,-2.34,ALERT
885.067,0.3291,0.2007,-2.68,ALERT
885.1,0.3382,0.1849,-2.14,ALERT
885.133,0.3187,0.1755,-1.72,ALERT
885.167,0.3069,0.1579,-0.78,ALERT
885.2,0.3326,0.0816,3.04,ALERT
885.233,0.3205,0.2055,-0.57,ALERT
885.267,0.3238,0.0987,-2.62,ALERT
885.3,0.3349,0.1112,-0.71,ALERT
885.333,0.2919,0.1345,3.5,ALERT
885.367,0.2836,0.0859,1.28,ALERT
885.4,0.3231,0.1662,2.37,ALERT
885.433,0.2885,0.1784,-1.68,ALERT
885.467,0.163,0.1198,-2.44,ALERT
885.5,0.3091,0.1419,-0.79,ALERT
885.533,0.3348,0.2192,-0.01,ALERT
885.567,0.3015,0.1387,3.02,ALERT
885.6,0.2843,0.2001,2.74,ALERT
885.633,0.3092,0.0817,3.97,ALERT
885.667,0.3103,0.1613,-0.97,ALERT
885.7,0.3026,0.1212,3.37,ALERT
885.733,0.301,0.2128,0.92,ALERT
885.767,0.3189,0.146,-3.04,ALERT
885.8,0.332,0.1132,-0.9,ALERT
885.833,0.3039,0.1442,-0.72,ALERT
885.867,0.2969,0.1367,2.38,ALERT
885.9,0.2925,0.1855,0.87,ALERT
885.933,0.2808,0.1745,2.69,ALERT
885.967,0.3394,0.1145,-2.87,ALERT
886.0,0.2832,0.1854,-3.74,ALERT
886.033,0.3098,0.157,-2.67,ALERT
886.067,0.3206,0.2016,3.83,ALERT
886.1,0.3391,0.1332,-1.25,ALERT
886.133,0.2856,0.1003,-3.62,ALERT
886.167,0.2886,0.1547,-0.45,ALERT
886.2,0.3018,0.172,1.07,ALERT
886.233,0.3165,0.1458,2.83,ALERT
886.267,0.308,0.1645,2.72,ALERT
886.3,0.3221,0.1496,-1.21,ALERT
886.333,0.2848,0.1515,-0.04,ALERT
886.367,0.3087,0.1178,-3.63,ALERT
886.4,0.281,0.1313,2.3,ALERT
886.433,0.306,0.1497,3.65,ALERT
886.467,0.3015,0.1637,-2.48,ALERT
886.5,0.3206,0.1269,-0.15,ALERT
886.533,0.2899,0.0952,-3.24,ALERT
886.567,0.3263,0.1011,-1.05,ALERT
886.6,0.3072,0.1309,-0.88,ALERT
886.633,0.317,0.1223,-2.31,ALERT
886.667,0.3037,0.1406,-3.16,ALERT
886.7,0.3374,0.1188,0.44,ALERT
886.733,0.2801,0.2173,1.15,ALERT
886.767,0.2842,0.1017,1.38,ALERT
886.8,0.2808,0.2033,2.25,ALERT
886.833,0.3214,0.1429,0.98,ALERT
886.867,0.3042,0.1771,-0.31,ALERT
886.9,0.311,0.1036,3.94,ALERT
886.933,0.3344,0.161,-2.39,ALERT
886.967,0.3365,0.0961,1.13,ALERT
887.0,0.2827,0.1044,2.88,ALERT
887.033,0.3057,0.0803,-1.54,ALERT
887.067,0.3161,0.1091,-0.48,ALERT
887.1,0.2862,0.1208,0.64,ALERT
887.133,0.3288,0.1231,-3.94,ALERT
887.167,0.3308,0.1937,1.2,ALERT
887.2,0.3171,0.164,3.83,ALERT
887.233,0.3133,0.116,-0.26,ALERT
887.267,0.2893,0.0988,3.25,ALERT
887.3,0.336,0.2073,-2.81,ALERT
887.333,0.3123,0.1234,0.4,ALERT
887.367,0.2925,0.1646,2.6,ALERT
887.4,0.2941,0.2171,1.11,ALERT
887.433,0.1317,0.1891,1.61,ALERT
887.467,0.301,0.1079,3.52,ALERT
887.5,0.3388,0.0902,-0.85,ALERT
887.533,0.305,0.179,-1.59,ALERT
887.567,0.3297,0.0811,2.27,ALERT
887.6,0.292,0.1884,2.61,ALERT
887.633,0.293,0.1976,3.97,ALERT
887.667,0.3063,0.1827,-2.68,ALERT
887.7,0.3271,0.1307,-2.73,ALERT
887.733,0.3026,0.2054,-1.29,ALERT
887.767,0.325,0.0915,0.5,ALERT
887.8,0.3277,0.1923,-0.38,ALERT
887.833,0.1216,0.1026,0.35,ALERT
887.867,0.3185,0.1354,-1.63,ALERT
887.9,0.3398,0.1734,-3.2,ALERT
887.933,0.3205,0.1321,-0.42,ALERT
887.967,0.2855,0.1736,2.67,ALERT
888.0,0.3315,0.1045,-1.79,ALERT
888.033,0.2838,0.0801,2.35,ALERT
888.067,0.3235,0.1648,3.77,ALERT
888.1,0.2969,0.1272,-2.25,ALERT
888.133,0.303,0.2165,1.14,ALERT
888.167,0.314,0.188,-3.7,ALERT
888.2,0.2925,0.1701,2.46,ALERT
888.233,0.3298,0.2049,-0.51,ALERT
888.267,0.3022,0.2019,3.67,ALERT
888.3,0.2916,0.1111,-2.91,ALERT
888.333,0.3183,0.1382,3.67,ALERT
888.367,0.3336,0.093,-1.85,ALERT
888.4,0.2884,0.1682,-0.52,ALERT
888.433,0.2899,0.2185,-1.82,ALERT
888.467,0.335,0.127,-0.34,ALERT
888.5,0.3246,0.1594,-3.02,ALERT
888.533,0.3382,0.2073,3.81,ALERT
888.567,0.2896,0.1755,0.17,ALERT
888.6,0.3141,0.188,0.06,ALERT
888.633,0.2812,0.1256,0.06,ALERT
888.667,0.2999,0.1824,-0.88,ALERT
888.7,0.3385,0.1248,-1.37,ALERT
888.733,0.3066,0.081,3.03,ALERT
888.767,0.2927,0.0938,-1.78,ALERT
888.8,0.2911,0.1583,-1.64,ALERT
888.833,0.2849,0.1548,-2.6,ALERT
888.867,0.326,0.2091,-3.08,ALERT
888.9,0.1715,0.1848,-1.65,ALERT
888.933,0.3223,0.1785,-2.02,ALERT
888.967,0.2898,0.0876,-0.59,ALERT
889.0,0.3378,0.1288,3.66,ALERT
889.033,0.3385,0.1437,-3.73,ALERT
889.067,0.2879,0.1784,0.51,ALERT
889.1,0.2917,0.1264,-0.54,ALERT
889.133,0.3028,0.1546,-2.52,ALERT
889.167,0.2809,0.1784,-0.56,ALERT
889.2,0.2955,0.1183,-0.63,ALERT
889.233,0.3344,0.1894,-1.85,ALERT
889.267,0.3064,0.1574,-2.26,ALERT
889.3,0.3065,0.1652,2.8,ALERT
889.333,0.332,0.1358,-3.12,ALERT
889.367,0.3166,0.1892,-1.94,ALERT
889.4,0.3395,0.1401,0.26,ALERT
889.433,0.2943,0.2034,3.83,ALERT
889.467,0.2963,0.1149,0.78,ALERT
889.5,0.3169,0.217,2.02,ALERT
889.533,0.3132,0.085,-3.96,ALERT
889.567,0.1399,0.156,2.01,ALERT
889.6,0.1732,0.1191,0.15,ALERT
889.633,0.282,0.2149,-0.17,ALERT
889.667,0.2829,0.2,1.95,ALERT
889.7,0.3063,0.1544,-1.14,ALERT
889.733,0.3006,0.1574,-3.48,ALERT
889.767,0.315,0.0992,0.74,ALERT
889.8,0.3178,0.2106,0.25,ALERT
889.833,0.3229,0.166,-3.53,ALERT
889.867,0.3336,0.1082,-3.21,ALERT
889.9,0.3351,0.137,-3.09,ALERT
889.933,0.3022,0.1233,3.61,ALERT
889.967,0.3386,0.1718,3.76,ALERT
890.0,0.2905,0.2175,-3.51,ALERT
890.033,0.2997,0.1278,2.19,ALERT
890.067,0.298,0.2184,-2.71,ALERT
890.1,0.2834,0.1107,2.87,ALERT
890.133,0.3315,0.093,-2.39,ALERT
890.167,0.2801,0.1726,-1.46,ALERT
890.2,0.2906,0.1683,0.47,ALERT
890.233,0.3228,0.1356,-2.16,ALERT
890.267,0.3337,0.2119,0.18,ALERT
890.3,0.3171,0.1163,-3.3,ALERT
890.333,0.325,0.1329,-2.43,ALERT
890.367,0.2994,0.1937,2.69,ALERT
890.4,0.3037,0.152,0.51,ALERT
890.433,0.3133,0.2071,2.37,ALERT
890.467,0.3167,0.1885,3.45,ALERT
890.5,0.3254,0.1037,-2.18,ALERT
890.533,0.3093,0.174,3.38,ALERT
890.567,0.288,0.1891,1.27,ALERT
890.6,0.3285,0.1242,-1.19,ALERT
890.633,0.3381,0.1684,-2.2,ALERT
890.667,0.3223,0.098,-3.35,ALERT
890.7,0.2888,0.1157,-0.55,ALERT
890.733,0.3066,0.1957,-1.54,ALERT
890.767,0.3086,0.0856,0.21,ALERT
890.8,0.3045,0.0996,3.56,ALERT
890.833,0.3021,0.0817,-1.35,ALERT
890.867,0.2861,0.1995,0.74,ALERT
890.9,0.2998,0.2158,0.77,ALERT
890.933,0.3282,0.1394,1.46,ALERT
890.967,0.3221,0.2033,-0.83,ALERT
891.0,0.3225,0.1107,3.47,ALERT
891.033,0.3168,0.1684,2.65,ALERT
891.067,0.2825,0.1054,-1.16,ALERT
891.1,0.2823,0.195,3.76,ALERT
891.133,0.3161,0.152,3.01,ALERT
891.167,0.2885,0.1403,-0.45,ALERT
891.2,0.3253,0.1626,1.87,ALERT
891.233,0.2894,0.0838,-3.56,ALERT
891.267,0.2998,0.1198,0.52,ALERT
891.3,0.3326,0.1627,-2.25,ALERT
891.333,0.3061,0.2063,3.82,ALERT
891.367,0.3202,0.205,2.79,ALERT
891.4,0.2979,0.0802,-0.25,ALERT
891.433,0.3234,0.1631,2.35,ALERT
891.467,0.2914,0.1834,-1.29,ALERT
891.5,0.3147,0.0945,1.52,ALERT
891.533,0.339,0.1657,1.53,ALERT
891.567,0.3369,0.2022,1.46,ALERT
891.6,0.3326,0.1944,1.08,ALERT
891.633,0.3023,0.1456,1.42,ALERT
891.667,0.2918,0.218,1.71,ALERT
891.7,0.2826,0.1835,-3.43,ALERT
891.733,0.3017,0.1091,-1.75,ALERT
891.767,0.3382,0.141,2.41,ALERT
891.8,0.1252,0.106,1.88,ALERT
891.833,0.3068,0.1848,2.72,ALERT
891.867,0.312,0.0877,1.52,ALERT
891.9,0.321,0.201,2.71,ALERT
891.933,0.3245,0.1468,2.89,ALERT
891.967,0.3336,0.2105,-0.49,ALERT
892.0,0.2888,0.1261,1.83,ALERT
892.033,0.2923,0.1286,-1.42,ALERT
892.067,0.2839,0.1461,-3.17,ALERT
892.1,0.3198,0.2078,-0.8,ALERT
892.133,0.3222,0.1776,-0.98,ALERT
892.167,0.2923,0.145,-2.1,ALERT
892.2,0.3145,0.2069,-1.41,ALERT
892.233,0.3165,0.0971,-3.55,ALERT
892.267,0.2987,0.1162,2.6,ALERT
892.3,0.2959,0.1602,-1.87,ALERT
892.333,0.3093,0.1251,-3.51,ALERT
892.367,0.3125,0.2189,-2.81,ALERT
892.4,0.3248,0.2017,-1.83,ALERT
892.433,0.2881,0.1817,-2.62,ALERT
892.467,0.3293,0.1289,-2.73,ALERT
892.5,0.3286,0.1936,-1.47,ALERT
892.533,0.314,0.1777,-0.48,ALERT
892.567,0.3271,0.1553,-1.98,ALERT
892.6,0.3061,0.0996,3.41,ALERT
892.633,0.3261,0.115,-3.1,ALERT
892.667,0.3103,0.1455,0.46,ALERT
892.7,0.3075,0.143,3.47,ALERT
892.733,0.2843,0.2021,-1.39,ALERT
892.767,0.3017,0.1742,0.24,ALERT
892.8,0.3286,0.1027,-3.63,ALERT
892.833,0.3282,0.2117,1.97,ALERT
892.867,0.3361,0.2178,1.4,ALERT
892.9,0.2937,0.1247,0.04,ALERT
892.933,0.2949,0.1293,-3.35,ALERT
892.967,0.3034,0.0871,3.13,ALERT
893.0,0.2976,0.1641,3.85,ALERT
893.033,0.3388,0.0953,-1.29,ALERT
893.067,0.3226,0.2134,1.82,ALERT
893.1,0.3372,0.0895,3.23,ALERT
893.133,0.3172,0.1193,-0.15,ALERT
893.167,0.3129,0.1902,-2.56,ALERT
893.2,0.2942,0.1283,-0.83,ALERT
893.233,0.2905,0.0895,-2.25,ALERT
893.267,0.2897,0.151,-0.8,ALERT
893.3,0.3262,0.188,-1.53,ALERT
893.333,0.2881,0.1643,-1.94,ALERT
893.367,0.3268,0.1228,1.94,ALERT
893.4,0.2926,0.1694,-3.69,ALERT
893.433,0.321,0.1787,3.64,ALERT
893.467,0.3095,0.1833,2.95,ALERT
893.5,0.3041,0.1824,1.56,ALERT
893.533,0.2906,0.1691,3.88,ALERT
893.567,0.3306,0.1064,-1.64,ALERT
893.6,0.2916,0.2118,0.56,ALERT
893.633,0.318,0.1749,-3.28,ALERT
893.667,0.333,0.1284,-1.61,ALERT
893.7,0.2867,0.1668,0.81,ALERT
893.733,0.3112,0.1284,-1.09,ALERT
893.767,0.325,0.1667,-2.53,ALERT
893.8,0.2875,0.2188,3.36,ALERT
893.833,0.3051,0.1385,0.73,ALERT
893.867,0.3308,0.1849,0.88,ALERT
893.9,0.3123,0.0906,3.31,ALERT
893.933,0.2937,0.1937,0.01,ALERT
893.967,0.3246,0.2174,-2.21,ALERT
894.0,0.2844,0.2152,3.77,ALERT
894.033,0.3173,0.1378,-0.7,ALERT
894.067,0.2818,0.1143,2.7,ALERT
894.1,0.3382,0.2159,3.15,ALERT
894.133,0.2927,0.1173,0.8,ALERT
894.167,0.3339,0.1887,2.24,ALERT
894.2,0.2961,0.2002,2.61,ALERT
894.233,0.3007,0.1774,-2.18,ALERT
894.267,0.1714,0.0986,3.87,ALERT
894.3,0.2993,0.1652,0.75,ALERT
894.333,0.3397,0.112,-3.94,ALERT
894.367,0.3238,0.1307,3.73,ALERT
894.4,0.2827,0.1005,-3.46,ALERT
894.433,0.2847,0.1496,-2.09,ALERT
894.467,0.3392,0.1959,-1.97,ALERT
894.5,0.2995,0.1764,-3.32,ALERT
894.533,0.2952,0.1485,-0.18,ALERT
894.567,0.2934,0.1768,-2.99,ALERT
894.6,0.2837,0.0844,1.89,ALERT
894.633,0.3368,0.1497,1.39,ALERT
894.667,0.2824,0.1912,0.41,ALERT
894.7,0.3083,0.1074,0.47,ALERT
894.733,0.3365,0.2134,1.86,ALERT
894.767,0.2815,0.1776,-0.88,ALERT
894.8,0.302,0.2111,-3.23,ALERT
894.833,0.3351,0.2088,3.19,ALERT
894.867,0.3107,0.0904,1.4,ALERT
894.9,0.306,0.1548,1.16,ALERT
894.933,0.2873,0.1929,-0.44,ALERT
894.967,0.3044,0.0962,-2.98,ALERT
895.0,0.2845,0.1813,-3.86,ALERT
895.033,0.2924,0.1118,-0.56,ALERT
895.067,0.3283,0.1441,-3.22,ALERT
895.1,0.2956,0.1825,0.4,ALERT
895.133,0.3188,0.0875,-2.02,ALERT
895.167,0.3205,0.1607,2.61,ALERT
895.2,0.1326,0.1374,-0.58,ALERT
895.233,0.3187,0.1423,3.07,ALERT
895.267,0.3088,0.116,-0.43,ALERT
895.3,0.2848,0.0993,-0.11,ALERT
895.333,0.3113,0.1365,1.87,ALERT
895.367,0.3192,0.153,-1.5,ALERT
895.4,0.286,0.1003,-2.97,ALERT
895.433,0.3116,0.0857,-3.16,ALERT
895.467,0.3078,0.0804,1.29,ALERT
895.5,0.2801,0.1969,-1.67,ALERT
895.533,0.3397,0.2199,0.08,ALERT
895.567,0.3157,0.1505,0.52,ALERT
895.6,0.3396,0.1842,3.84,ALERT
895.633,0.3334,0.1806,0.76,ALERT
895.667,0.2836,0.1822,2.71,ALERT
895.7,0.3101,0.1211,3.26,ALERT
895.733,0.3339,0.1432,1.24,ALERT
895.767,0.3259,0.2066,-0.53,ALERT
895.8,0.3328,0.1235,-0.88,ALERT
895.833,0.2976,0.0999,-0.23,ALERT
895.867,0.3195,0.1863,-2.19,ALERT
895.9,0.3298,0.1771,3.73,ALERT
895.933,0.3169,0.0877,-0.78,ALERT
895.967,0.3322,0.1951,-3.97,ALERT
896.0,0.3233,0.0962,3.33,ALERT
896.033,0.3145,0.2113,-0.02,ALERT
896.067,0.2853,0.2026,-2.86,ALERT
896.1,0.3245,0.1155,0.13,ALERT
896.133,0.319,0.1665,-0.8,ALERT
896.167,0.3274,0.0838,-0.8,ALERT
896.2,0.2869,0.1352,-3.43,ALERT
896.233,0.2915,0.1861,-3.59,ALERT
896.267,0.3248,0.1415,0.15,ALERT
896.3,0.3214,0.1823,-2.93,ALERT
896.333,0.2931,0.1748,-3.05,ALERT
896.367,0.3149,0.2192,-1.97,ALERT
896.4,0.299,0.212,3.26,ALERT
896.433,0.3029,0.2067,0.17,ALERT
896.467,0.3159,0.1493,-1.72,ALERT
896.5,0.2849,0.1841,-3.75,ALERT
896.533,0.3118,0.1902,1.99,ALERT
896.567,0.304,0.2029,3.08,ALERT
896.6,0.3118,0.1935,3.32,ALERT
896.633,0.2813,0.1972,1.13,ALERT
896.667,0.3143,0.2178,-3.61,ALERT
896.7,0.3202,0.1536,0.75,ALERT
896.733,0.2949,0.1134,-2.62,ALERT
896.767,0.2994,0.1939,-3.26,ALERT
896.8,0.3381,0.1448,-1.9,ALERT
896.833,0.2865,0.1331,0.68,ALERT
896.867,0.3079,0.1981,-1.1,ALERT
896.9,0.3075,0.2143,2.2,ALERT
896.933,0.3378,0.1576,1.02,ALERT
896.967,0.3318,0.1577,2.33,ALERT
897.0,0.3294,0.1967,-3.95,ALERT
897.033,0.1542,0.0935,3.92,ALERT
897.067,0.3021,0.1292,0.03,ALERT
897.1,0.1422,0.1068,3.61,ALERT
897.133,0.2917,0.0873,-0.35,ALERT
897.167,0.3142,0.1486,1.03,ALERT
897.2,0.3,0.1862,-0.09,ALERT
897.233,0.3329,0.2021,-3.01,ALERT
897.267,0.3199,0.1428,-2.42,ALERT
897.3,0.2927,0.1555,1.62,ALERT
897.333,0.3043,0.1005,-0.91,ALERT
897.367,0.2812,0.1114,-3.51,ALERT
897.4,0.3052,0.1107,2.69,ALERT
897.433,0.3034,0.1061,-2.84,ALERT
897.467,0.2851,0.2145,2.64,ALERT
897.5,0.127,0.1158,0.03,ALERT
897.533,0.2979,0.1981,-0.88,ALERT
897.567,0.2814,0.1967,0.72,ALERT
897.6,0.3249,0.1283,1.03,ALERT
897.633,0.3085,0.1186,-0.92,ALERT
897.667,0.3279,0.2088,1.92,ALERT
897.7,0.2924,0.1946,-0.4,ALERT
897.733,0.3214,0.1811,-3.67,ALERT
897.767,0.331,0.1339,1.33,ALERT
897.8,0.3377,0.15,-2.55,ALERT
897.833,0.3388,0.0896,0.52,ALERT
897.867,0.3054,0.148,0.88,ALERT
897.9,0.318,0.1601,0.29,ALERT
897.933,0.3134,0.1951,-3.66,ALERT
897.967,0.3015,0.1356,3.28,ALERT
898.0,0.2865,0.1444,-0.81,ALERT
898.033,0.3111,0.1994,0.4,ALERT
898.067,0.1494,0.1188,3.41,ALERT
898.1,0.2819,0.2149,-2.79,ALERT
898.133,0.3277,0.1694,-2.65,ALERT
898.167,0.3076,0.1081,3.56,ALERT
898.2,0.3021,0.2102,1.15,ALERT
898.233,0.3392,0.1933,-2.7,ALERT
898.267,0.3058,0.1134,-0.13,ALERT
898.3,0.3149,0.1614,-0.48,ALERT
898.333,0.2961,0.1955,1.9,ALERT
898.367,0.2925,0.2092,1.08,ALERT
898.4,0.311,0.19,3.86,ALERT
898.433,0.3079,0.1823,0.86,ALERT
898.467,0.2973,0.1369,1.42,ALERT
898.5,0.3261,0.0818,1.64,ALERT
898.533,0.312,0.116,-0.17,ALERT
898.567,0.2897,0.1913,2.03,ALERT
898.6,0.3034,0.1754,-1.12,ALERT
898.633,0.3016,0.1381,1.44,ALERT
898.667,0.3021,0.195,3.95,ALERT
898.7,0.3076,0.1747,2.0,ALERT
898.733,0.3345,0.2118,-1.7,ALERT
898.767,0.3284,0.0935,0.33,ALERT
898.8,0.3071,0.1698,-0.16,ALERT
898.833,0.3094,0.1887,0.57,ALERT
898.867,0.2925,0.2157,-3.33,ALERT
898.9,0.3014,0.1895,-1.95,ALERT
898.933,0.3351,0.097,1.08,ALERT
898.967,0.3245,0.1298,0.42,ALERT
899.0,0.3189,0.1081,-3.36,ALERT
899.033,0.2986,0.1544,0.95,ALERT
899.067,0.3398,0.2194,-0.39,ALERT
899.1,0.3049,0.1398,1.39,ALERT
899.133,0.3297,0.1897,1.3,ALERT
899.167,0.3383,0.1842,3.7,ALERT
899.2,0.3398,0.1655,-3.79,ALERT
899.233,0.3119,0.0889,-1.74,ALERT
899.267,0.3061,0.0977,0.22,ALERT
899.3,0.3342,0.1114,-0.76,ALERT
899.333,0.2873,0.1089,-2.04,ALERT
899.367,0.3392,0.1805,2.23,ALERT
899.4,0.3016,0.1344,-3.56,ALERT
899.433,0.2899,0.0976,-3.33,ALERT
899.467,0.3352,0.1603,-0.03,ALERT
899.5,0.141,0.128,2.54,ALERT
899.533,0.2995,0.1304,-0.2,ALERT
899.567,0.3065,0.1947,2.82,ALERT
899.6,0.309,0.1378,-2.61,ALERT
899.633,0.2934,0.1534,3.88,ALERT
899.667,0.324,0.1646,-3.16,ALERT
899.7,0.3163,0.1844,2.14,ALERT
899.733,0.3128,0.1196,-1.31,ALERT
899.767,0.3145,0.1864,3.92,ALERT
899.8,0.3342,0.1347,-1.11,ALERT
899.833,0.3361,0.2199,1.05,ALERT
899.867,0.2935,0.0815,3.79,ALERT
899.9,0.3131,0.1566,3.96,ALERT
899.933,0.3067,0.1794,-1.03,ALERT
899.967,0.3201,0.1091,-0.63,ALERT
900.0,0.3066,0.0823,1.41,ALERT
